Tempo;CasADi_Pwh_Bar;Linear_Pwh_Bar
0;2047,5062996901738;156,31252153249497
1;2049,306299380211;151,44299286179688
2;2051,1062990701116;148,24358042219862
3;2052,9062987598763;146,14397535064768
4;2054,7062984495055;144,76854182407226
5;2056,506298138999;143,86986622891405
6;2058,3062978283565;143,28498904523263
7;2060,106297517578;142,9065767951087
8;2061,906297206663;142,6639343265396
9;2063,7062968956125;142,51049847523706
10;2065,506296584427;142,41560071293853
11;2067,3062962731055;142,35904158144245
12;2069,106295961648;142,32751712100594
13;2070,9062956500557;142,31226512253218
14;2072,7062953383283;142,30751482177098
15;2074,5062950264646;142,30946578394318
16;2076,306294714466;142,31561534183837
17;2078,1062944023324;142,32431561010827
18;2079,9062940900644;142,33448171087576
19;2081,7062937776604;142,3453995953061
20;2083,5062934651214;142,356599464473
21;2085,306293152448;142,36777239747283
22;2087,106292839638;142,37871543817317
23;2088,906292526694;142,38929542635816
24;2090,7062922136156;142,39942517494998
25;2092,5062919004017;142,40904777902387
26;2094,3062915870537;142,41812628086316
27;2096,1062912735706;142,4266368627925
28;2097,9062909599534;142,43456436359614
29;2099,7062906462006;142,44189932537626
30;2101,506290332314;142,44863604844116
31;2103,306290018293;142,45477131013678
32;2105,106289704138;142,46030352098742
33;2106,906289389847;142,46523216887186
34;2108,7062890754232;142,46955745291498
35;2110,506288760864;142,4732800423369
36;2112,3062884461715;142,4764009176052
37;2114,1062881313455;142,47892126579694
38;2115,9062878163854;142,48084241166595
39;2117,7062875012903;142,48216577222757
40;2119,506287186062;142,48289282683348
41;2121,3062868706998;142,48302509744875
42;2123,106286555203;142,48256413564914
43;2124,9062862395735;142,48151151404412
44;2126,7062859238104;142,47986882061562
45;2128,506285607913;142,47763765497675
46;2130,306285291882;142,47481962589507
47;2132,1062849757172;142,47141634964922
48;2133,90628465942;142,46742944893418
49;2135,706284342989;142,4628605521279
50;2137,506284026424;142,45771129279572
51;2139,306283709727;142,45198330935213
52;2141,1062833928954;142,4456782448255
53;2142,9062830759312;142,43879774669077
54;2144,7062827588343;142,43134346674722
55;2146,5062824416036;142,42331706102564
56;2148,3062821242397;142,41472018971498
57;2150,1062818067435;142,40555451710193
58;2151,906281489114;142,39582171151872
59;2153,7062811713517;142,38552344529683
60;2155,506280853457;142,37466139472417
61;2157,3062805354293;142,36323724000482
62;2159,1062802172687;142,3512526652203
63;2160,9062798989753;142,33870935829208
64;2162,7062795805496;142,32560901094448
65;2164,5062792619915;142,31195331866863
66;2166,306278943301;142,29774398068616
67;2168,1062786244775;142,2829826999135
68;2169,9062783055224;142,2676711829263
69;2171,706277986435;142,25181113992377
70;2173,5062776672144;142,2354042846935
71;2175,3062773478628;142,21845233457586
72;2177,106277028379;142,200957010429
73;2178,9062767087617;142,18292003659346
74;2180,7062763890126;142,16434314085708
75;2182,5062760691326;142,14522805441996
76;2184,30627574912;142,1255765118593
77;2186,106275428975;142,10539025109443
78;2187,9062751086994;142,0846710133519
79;2189,7062747882915;142,06342054313055
80;2191,5062744677516;142,04164058816653
81;2193,30627414708;142,01933289939865
82;2195,1062738262776;141,9964992309335
83;2196,9062735053435;141,97314134001076
84;2198,706273184277;141,94926098696843
85;2200,50627286308;141,92485993520836
86;2202,3062725417517;141,89993995116154
87;2204,1062722202914;141,87450280425358
88;2205,9062718987;141,8485502668702
89;2207,706271576978;141,82208411432288
90;2209,5062712551244;141,79510612481442
91;2211,30627093314;141,76761807940443
92;2213,106270611024;141,73962176197534
93;2214,9062702887773;141,71111895919796
94;2216,7062699663993;141,6821114604973
95;2218,506269643891;141,65260105801855
96;2220,3062693212523;141,62258954659268
97;2222,1062689984815;141,59207872370285
98;2223,90626867558;141,5610703894501
99;2225,706268352549;141,52956634651946
100;2227,5062680293872;141,49756840014615
101;2229,3062677060943;141,46507835808168
102;2231,106267382671;141,4320980305602
103;2232,906267059117;141,39862923026456
104;2234,706266735432;141,3646737722929
105;2236,5062664116176;141,3302334741247
106;2238,3062660876735;141,29531015558766
107;2240,1062657635985;141,2599056388238
108;2241,9062654393924;141,22402174825623
109;2243,7062651150572;141,18766031055574
110;2245,5062647905916;141,15082315460734
111;2247,3062644659954;141,11351211147718
112;2249,1062641412695;141,07572901437914
113;2250,9062638164146;141,03747569864177
114;2252,706263491429;140,99875400167517
115;2254,506263166313;140,9595657629379
116;2256,3062628410685;140,91991282390404
117;2258,1062625156937;140,8797970280303
118;2259,906262190189;140,83922022072304
119;2261,7062618645546;140,79818424930542
120;2263,5062615387915;140,75669096298492
121;2265,3062612128983;140,7147422128203
122;2267,106260886875;140,67233985168926
123;2268,9062605607223;140,6294857342556
124;2270,7062602344404;140,586181716937
125;2272,506259908029;140,54242965787228
126;2274,306259581488;140,4982314168892
127;2276,106259254819;140,4535888554722
128;2277,9062589280206;140,4085038367298
129;2279,7062586010925;140,3629782253628
130;2281,506258274036;140,31701388763193
131;2283,30625794685;140,27061269132574
132;2285,1062576195345;140,2237765057287
133;2286,9062572920902;140,17650720158926
134;2288,7062569645173;140,12880665108784
135;2290,5062566368156;140,08067672780513
136;2292,3062563089848;140,03211930669028
137;2294,106255981026;139,98313626402924
138;2295,9062556529384;139,93372947741315
139;2297,706255324722;139,8839008257067
140;2299,506254996377;139,8336521890167
141;2301,306254667904;139,7829854486607
142;2303,1062543393027;139,73190248713556
143;2304,9062540105724;139,68040518808616
144;2306,706253681713;139,62849543627416
145;2308,506253352726;139,57617511754697
146;2310,3062530236107;139,52344611880648
147;2312,1062526943674;139,47031032797815
148;2313,906252364996;139,41676963398004
149;2315,706252035496;139,3628259266919
150;2317,506251705868;139,3084810969244
151;2319,306251376112;139,25373703638826
152;2321,1062510462284;139,1985956376638
153;2322,906250716216;139,14305879417003
154;2324,7062503860766;139,08712840013445
155;2326,5062500558092;139,03080635056227
156;2328,3062497254145;138,9740945412062
157;2330,106249394891;138,91699486853608
158;2331,9062490642405;138,85950922970858
159;2333,706248733463;138,8016395225371
160;2335,5062484025575;138,74338764546155
161;2337,306248071524;138,68475549751844
162;2339,106247740363;138,6257449783107
163;2340,9062474090747;138,56635798797808
164;2342,7062470776596;138,50659642716704
165;2344,5062467461166;138,44646219700115
166;2346,306246414447;138,3859571990514
167;2348,1062460826497;138,3250833353066
168;2349,906245750725;138,26384250814374
169;2351,706245418673;138,2022366202986
170;2353,5062450864943;138,1402675748365
171;2355,3062447541884;138,07793727512276
172;2357,1062444217546;138,0152476247936
173;2358,9062440891944;137,95220052772692
174;2360,706243756508;137,88879788801327
175;2362,506243423694;137,82504160992679
176;2364,306243090753;137,7609335978963
177;2366,1062427576867;137,69647575647642
178;2367,9062424244926;137,6316699903188
179;2369,7062420911716;137,56651820414342
180;2371,506241757725;137,50102230270988
181;2373,3062414241517;137,43518419078902
182;2375,1062410904515;137,3690057731342
183;2376,9062407566244;137,30248895445308
184;2378,706240422671;137,2356356393793
185;2380,5062400885918;137,16844773244406
186;2382,306239754386;137,10092713804812
187;2384,1062394200544;137,03307576043366
188;2385,9062390855966;136,96489550365624
189;2387,7062387510123;136,89638827155684
190;2389,506238416302;136,82755596773413
191;2391,3062380814654;136,75840049551644
192;2393,1062377465028;136,6889237579344
193;2394,906237411414;136,61912765769304
194;2396,706237076199;136,54901409714432
195;2398,5062367408595;136,4785849782598
196;2400,306236405393;136,407842202603
197;2402,1062360698015;136,33678767130243
198;2403,906235734084;136,26542328502399
199;2405,7062353982406;136,19375094394417
200;2407,506235062271;136,12177254772274
201;2409,306234726176;136,0494899954759
202;2411,1062343899566;135,9769051857494
203;2412,9062340536116;135,90402001649153
204;2414,70623371714;135,83083638502663
205;2416,5062333805436;135,75735618802827
206;2418,3062330438215;135,6835813214927
207;2420,106232706974;135,60951368071247
208;2421,906232370001;135,53515516024976
209;2423,7062320329037;135,46050765391033
210;2425,506231695681;135,38557305471716
211;2427,306231358332;135,31035325488415
212;2429,1062310208576;135,2348501457903
213;2430,9062306832593;135,1590656179535
214;2432,706230345537;135,0830015610047
215;2434,5062300076884;135,00665986366207
216;2436,306229669715;134,93004241370517
217;2438,106229331617;134,85315109794942
218;2439,906228993394;134,7759878022204
219;2441,7062286550463;134,69855441132842
220;2443,506228316574;134,62085280904301
221;2445,306227977977;134,54288487806772
222;2447,106227639256;134,46465250001475
223;2448,9062273004097;134,38615755537984
224;2450,706226961439;134,30740192351723
225;2452,5062266223435;134,22838748261452
226;2454,3062262831236;134,14911610966791
227;2456,1062259437804;134,06958968045737
228;2457,906225604312;133,98981006952172
229;2459,7062252647193;133,9097791501342
230;2461,5062249250027;133,82949879427775
231;2463,2518917564757;133,74897087262062
232;2464,590226248745;133,66819725449182
233;2465,73260769304;133,58717980785704
234;2466,746031195015;133,5059203992942
235;2467,655640030809;133,42442089396943
236;2468,469301683044;133,34268315561292
237;2469,19788789895;133,26070904649512
238;2469,8412489881284;133,1785004274026
239;2470,408651861471;133,09605915761455
240;2470,903068817901;133,01338709487877
241;2471,3268902809464;132,93048609538835
242;2471,682089931009;132,84735801375777
243;2471,9703223641905;132,7640047029999
244;2472,1891378656887;132,68042801450213
245;2472,343617705212;132,59662979800353
246;2472,4347840157575;132,5126119015715
247;2472,4635418952744;132,4283761715785
248;2472,4306945262083;132,34392445267926
249;2472,3369573298305;132,25925858778788
250;2472,1829703385124;132,1743804180548
251;2471,9693087322717;132,0892917828441
252;2471,696491735973;132,00399451971094
253;2471,364990128859;131,91849046437898
254;2470,9752326044354;131,83278145071773
255;2470,5276111847943;131,7468693107203
256;2470,02248585751;131,66075587448105
257;2469,46018857123;131,5744429701734
258;2468,8410266995857;131,48793242402763
259;2468,1652860616673;131,40122606030886
260;2467,4332335703157;131,31432570129513
261;2466,645119566044;131,22723316725546
262;2465,801179883736;131,1399502764282
263;2464,9016376907966;131,0524788449992
264;2463,9467051286892;130,96482068708025
265;2462,936584784322;130,87697761468763
266;2461,8714710134927;130,78895143772067
267;2460,7515511348633;130,70074396394028
268;2459,5770065102092;130,612356998948
269;2458,3480135242216;130,52379234616444
270;2457,0647444752058;130,43505180680867
271;2455,7273683863887;130,34613717987685
272;2454,3360517461965;130,25705026212157
273;2452,890959184734;130,16779284803104
274;2451,3922540927256;130,07836672980824
275;2449,8400991884;129,98877369735052
276;2448,243241273937;129,8990155382289
277;2446,5930761808218;129,80909403766765
278;2444,8898223174606;129,7190109785241
279;2443,133682537959;129,62876814126815
280;2441,3248495350617;129,53836730396236
281;2439,463509643387;129,44781024224167
282;2437,5498442200887;129,35709872929348
283;2435,588724390172;129,26623453583775
284;2433,589276260026;129,1752194301073
285;2431,554682062249;129,08405517782788
286;2429,4858009857135;128,9927435421988
287;2427,3828415295393;128,90128628387322
288;2425,2456709449507;128,80968516093876
289;2423,074019645315;128,71794192889809
290;2420,8675774650915;128,62605834064988
291;2418,6260454647418;128,5340361464693
292;2416,349160920025;128,44187709398926
293;2414,036707956403;128,34958292818126
294;2411,6885204640694;128,25715539133643
295;2409,3044809542357;128,1645962230469
296;2406,8845174107146;128,07190716018698
297;2404,42859929147;127,97908993689455
298;2401,9367333201976;127,88614628455248
299;2399,4089594101097;127,79307793177028
300;2396,845346889527;127,69988660436573
301;2394,245991099714;127,60657402534652
302;2391,611010379695;127,51314191489226
303;2388,940543422821;127,41959199033617
304;2386,234746975105;127,32592596614735
305;2383,493793839336;127,23214555391267
306;2380,7178711480583;127,13825246231907
307;2377,907178870149;127,04424839713589
308;2375,0619285187695;126,95013506119707
309;2372,182342031983;126,85591415438388
310;2369,2686508008956;126,76158737360723
311;2366,321094823594;126,66715641279049
312;2363,3399219662133;126,57262296285215
313;2360,325387315231;126,47798871168868
314;2357,277752607468;126,3832553441575
315;2354,197285726313;126,2884245420599
316;2351,084260254492;126,19349798412422
317;2347,9389550751603;126,09847734598907
318;2344,7616540143886;126,00336430018652
319;2341,5526455191634;125,90816051612563
320;2338,312222365943;125,8128676600758
321;2335,040681395553;125,71748739515039
322;2331,738323270866;125,62202138129034
323;2328,4054522542133;125,52647127524797
324;2325,042376001961;125,43083873057084
325;2321,649405374061;125,3351253975856
326;2318,2268542566876;125,23933292338204
327;2314,7750393963624;125,1434629517972
328;2311,2942802442008;125,0475171233997
329;2307,784898809094;124,95149707547378
330;2304,2472195188234;124,85540444200396
331;2300,681569088226;124,75924085365935
332;2297,088276393668;124,66300793777823
333;2293,4676723531734;124,56670731835284
334;2289,8200898116434;124,47034061601394
335;2286,1458634306828;124,3739094480159
336;2282,445329582605;124,27741542822133
337;2278,718826248254;124,18086016708641
338;2274,9666929183095;124,08424527164578
339;2271,189270497803;123,98757234549791
340;2267,3869012136024;123,89084298879027
341;2263,559928524638;123,79405879820484
342;2259,708697034685;123,69722136694351
343;2255,8335524075405;123,60033228471367
344;2251,934841284441;123,50339313771391
345;2248,0129112035916;123,40640550861976
346;2244,068110521696;123,30937097656947
347;2240,100788337381;123,21229111715007
348;2236,1112944164206;123,11516750238334
349;2232,09997911869;123,01800170071188
350;2228,0671933267663;122,92079527698539
351;2224,0132883761125;122,82354979244695
352;2219,9386159867927;122,72626680471942
353;2215,8435281966576;122,6289478677919
354;2211,72837729596;122,53159453200632
355;2207,5935157633467;122,4342083440441
356;2203,4392962032002;122,3367908469129
357;2199,266071284283;122,23934357993349
358;2195,0741936796585;122,14186807872667
359;2190,8640160078544;122,04436587520027
360;2186,6358907752406;121,94683849753629
361;2182,390170319598;121,84928747017813
362;2178,1272067548466;121,75171431381784
363;2173,8473519169233;121,65412054538358
364;2169,5509573107724;121,55650767802696
365;2165,238374058435;121,4588772211108
366;2160,909952848223;121,3612306801966
367;2156,566043884953;121,26356955703244
368;2152,2069968412225;121,1658953495407
369;2147,8331608097096;121,06820955180606
370;2143,4448842564925;120,97051365406351
371;2139,0425149753505;120,8728091426864
372;2134,6264000430533;120,77509750017474
373;2130,1968857756124;120,67738020514338
374;2125,754317685477;120,57965873231042
375;2121,299040439672;120,48193455248575
376;2116,8313978188476;120,38420913255952
377;2112,351732677248;120,28648393549078
378;2107,860386903559;120,18876042029623
379;2103,35770138265;120,09104004203913
380;2098,844015958171;119,99332425181807
381;2094,319669396011;119,89561449675605
382;2089,784999348591;119,79791221998958
383;2085,240342319994;119,70021886065783
384;2080,6860336318978;119,60253585389188
385;2076,122407390318;119,50486463080414
386;2071,5497964531464;119,40720661847774
387;2066,968532398452;119,30956323995606
388;2062,3789454935622;119,21193591423241
389;2057,7813646648874;119,1143260562397
390;2053,176117468493;119,01673507684019
391;2048,5635300613953;118,91916438281551
392;2043,9439271735805;118,8216153768565
393;2039,3176320807208;118,72408945755336
394;2034,6849665775908;118,62658801938576
395;2030,0462509521628;118,52911245271311
396;2025,401803960373;118,43166414376482
397;2020,751942801544;118,33424447463084
398;2016,096983094458;118,23685482325203
399;2011,4372388540628;118,13949656341083
400;2006,7730224688034;118,0421710647219
401;2002,104644678569;117,94487969262292
402;1997,4324145532369;117,84762380836544
403;1992,7566394718158;117,75040476900575
404;1988,077625102163;117,65322392739601
405;1983,3956753812756;117,55608263217529
406;1978,7110924961398;117,4589822277608
407;1974,0241768651297;117,36192405433916
408;1969,335227119944;117,26490944785782
409;1964,644540088073;117,16793974001642
410;1959,9524107757825;117,07101625825851
411;1955,2591323516087;116,97414032576296
412;1950,5649961303477;116,87731326143584
413;1945,8702915575411;116,78053637990224
414;1941,1753061944344;116,683810991498
415;1936,480325703411;116,58713840226187
416;1931,7856338338834;116,49051991392743
417;1927,0915124086418;116,39395682391533
418;1922,3982413106417;116,29745042532554
419;1917,706098470229;116,20100200692956
420;1913,01535985279;116,1046128531629
421;1908,326299446817;116,00828424411762
422;1903,639189252391;115,91201745553477
423;1898,9542992700576;115,81581375879718
424;1894,2718974901015;115,71967442092213
425;1889,592249882204;115,62360070455422
426;1884,9156203854827;115,52759386795825
427;1880,2422708988975;115,43165516501222
428;1875,5724612720246;115,33578584520049
429;1870,9064492961854;115,23998715360685
430;1866,2444906959236;115,1442603309078
431;1861,586839120828;115,04860661336589
432;1856,9337461376924;114,9530272328232
433;1852,285461223003;114,85752341669476
434;1847,6422317557513;114,76209638796212
435;1843,0043030105655;114,66674736516715
436;1838,3719181511544;114,57147756240565
437;1833,7453182240542;114,47628818932127
438;1829,1247421526816;114,38118045109941
439;1824,5104267316794;114,28615554846121
440;1819,902606621552;114,19121467765765
441;1815,3015143435885;114,09635903046374
442;1810,7073802750642;114,00158979417276
443;1806,120432644719;113,90690815159051
444;1801,5408975285072;113,81231528102985
445;1796,9689988456148;113,71781235630515
446;1792,4049583547364;113,62340054672684
447;1787,8489956506135;113,52908101709613
448;1783,3013281608282;113,43485492769967
449;1778,762171142845;113,34072343430452
450;1774,2317376813023;113,24668768815286
451;1769,7102386855433;113,15274883595714
452;1765,1978828873946;113,05890801989507
453;1760,694876839175;112,96516637760483
454;1756,2014249119427;112,87152504218021
455;1751,7177292939707;112,777985142166
456;1747,2439899894532;112,68454780155336
457;1742,7804048174353;112,59121413977527
458;1738,3271694109671;112,49798527170216
459;1733,8844772164787;112,4048623076374
460;1729,4525194933701;112,31184635331316
461;1725,0314853138234;112,21893850988612
462;1720,6215615628223;112,12613987393334
463;1716,2229329383867;112,03345153744831
464;1711,8357819520174;111,94087458783686
465;1707,4602889293478;111,8484101079133
466;1703,096632011002;111,75605917589664
467;1698,7449871536578;111,66382286540689
468;1694,4055281313138;111,57170224546132
469;1690,0784265367556;111,47969838047095
470;1685,7638517832252;111,38781233023701
471;1681,461971106286;111,29604514994759
472;1677,172949565889;111,20439789017422
473;1672,896950048632;111,11287159686867
474;1668,6341332702175;111,02146731135971
475;1664,3846577780998;110,93018607035009
476;1660,1486799543304;110,83902890591342
477;1655,9263540185934;110,74799684549129
478;1651,7178320314292;110,65709091189031
479;1647,523263897654;110,56631212327945
480;1643,3427973699643;110,47566149318712
481;1639,1765780527314;110,38514003049876
482;1635,024749405983;110,29474873945409
483;1630,887452749573;110,20448861964472
484;1626,7648272675367;110,11436066601166
485;1622,6570100126298;110,02436586884306
486;1618,5641359110548;109,93450521377189
487;1614,4863377673692;109,84477968177376
488;1610,4237462695785;109,75519024916487
489;1606,376489994409;109,66573788759985
490;1602,3446954127658;109,57642356406993
491;1598,3284868953685;109,48724824090094
492;1594,327986718571;109,39821287575163
493;1590,343315070355;109,30931842161176
494;1586,3745900565089;109,22056582680065
495;1582,4219277069787;109,13195603496534
496;1578,4854419824017;109,04348998507933
497;1574,5652447808118;108,95516861144094
498;1570,6614459445216;108,86699284367205
499;1566,7741532671814;108,7789636067168
500;1562,90347250101;108,69108182084031
501;1559,0495073641966;108,6033484016276
502;1555,21235954848;108,51576425998245
503;1551,392128726892;108,42833030212648
504;1547,5889125616757;108,34104742959816
505;1543,8028067123696;108,25391653925199
506;1540,0339048440603;108,16693852325766
507;1536,2822986358033;108,08011426909943
508;1532,5480777892058;107,99344465957536
509;1528,8313300371751;107,9069305727969
510;1525,1321411528315;107,82057288218827
511;1521,45059495858;107,73437245648611
512;1517,7867733353414;107,64833015973903
513;1514,1407562319457;107,56244685130747
514;1510,5126216746787;107,47672338586334
515;1506,9024457769854;107,39116061338999
516;1503,3103027493275;107,30575937918205
517;1499,7362649091947;107,22052052384555
518;1496,1804026912623;107,13544488329785
519;1492,6427846577021;107,05053328876787
520;1489,1234775086366;106,96578656679621
521;1485,6225460927412;106,88120553923561
522;1482,1400534179872;106,79679102325106
523;1478,676060662528;106,71254383132039
524;1475,2306271857224;106,62846477123468
525;1471,803810539297;106,54455464609883
526;1468,395666478643;106,46081425433222
527;1465,006248974244;106,3772443896693
528;1461,6356102232362;106,29384584116048
529;1458,2838006610978;106,2106193931728
530;1454,9508689734612;106,12756582539102
531;1451,6368621080521;106,04468591281841
532;1448,3418252867468;105,96198042577784
533;1445,065802017751;105,87945012991297
534;1441,808834107892;105,79709578618917
535;1438,5709616750278;105,71491815089507
536;1435,3522231605648;105,6329179756436
537;1432,1526553420827;105,55109600737343
538;1428,9722933460682;105,46945298835047
539;1425,8111706607533;105,38798965616927
540;1422,6693191490463;105,30670674375465
541;1419,5467690615674;105,22560497936331
542;1416,4435490497779;105,14468508658543
543;1413,3596861791982;105,06394778434658
544;1410,295205942717;104,98339378690947
545;1407,250132273987;104,90302380387577
546;1404,2244875609026;104,82283854018814
547;1401,218292659158;104,74283869613232
548;1398,2315669058828;104,66302496733903
549;1395,264328133353;104,5833980447862
550;1392,3165926827712;104,5039586148012
551;1389,388375418116;104,42470735906313
552;1386,4796897400572;104,34564495460508
553;1383,5905475999327;104,26677207381657
554;1380,7209595137829;104,18808938444595
555;1377,870934576445;104,10959754960307
556;1375,0404804756977;104,03129722776167
557;1372,2296035064533;103,95318907276224
558;1369,4383085850025;103,87527373381454
559;1366,6665992632986;103,79755185550046
560;1363,9144777432853;103,72002407777681
561;1361,1819448912565;103,64269103597836
562;1358,4690002522595;103,56555336082056
563;1355,7756420645205;103,48861167840272
564;1353,1018672739058;103,41186661021109
565;1350,4476715484036;103,33531877312188
566;1347,8130492926302;103,25896877940461
567;1345,197993662355;103,18281723672524
568;1342,6024965790418;103,10686474814953
569;1340,026548744405;103,03111191214649
570;1337,4701396549722;102,95555932259172
571;1334,933257616658;102,88020756877093
572;1332,4158897593418;102,80505723538357
573;1329,918022051444;102,73010890254632
574;1327,4396393145043;102,65536314579688
575;1324,9807252377543;102,58082053609766
576;1322,541262392685;102,5064816398395
577;1320,1212322475997;102,43234701884568
578;1317,7206151821597;102,35841723037564
579;1315,339390501912;102,28469282712912
580;1312,9775364527984;102,21117435725003
581;1310,6350302356448;102,13786236433066
582;1308,311848020629;102,06475738741572
583;1306,0079649617185;101,99185996100658
584;1303,7233552110822;101,91917061506548
585;1301,4579919334706;101,8466898750199
586;1299,2118473205621;101,77441826176687
587;1296,9848926052744;101,70235629167742
588;1294,777098076034;101,63050447660098
589;1292,588433091012;101,55886332387006
590;1290,4188660923053;101,48743333630469
591;1288,2683646200837;101,41621501221707
592;1286,1368953266833;101,3452088454164
593;1284,024423990649;101,27441532521347
594;1281,930915530729;101,20383493642554
595;1279,8563340198107;101,1334681593812
596;1277,8006426988024;101,06331546992521
597;1275,763803990458;100,99337733942366
598;1273,7457795131363;100,92365423476868
599;1271,7465300945025;100,85414661838381
600;1269,7660157851635;100,78485494822895
601;1267,8041958722365;100,71577967780557
602;1265,861028892851;100,646921256162
603;1263,936472647579;100,57828012789868
604;1262,0304842137955;100,50985673317341
605;1260,1430199589638;100,44165150770691
606;1258,274035553846;100,37366488278806
607;1256,4234859856406;100,30589728527961
608;1254,5913255710357;100,23834913762352
609;1252,777507969188;100,17102085784666
610;1250,981986194617;100,10391285956645
611;1249,2047126300204;100,03702555199654
612;1247,4456390389987;99,97035933995252
613;1245,7047165787044;99,90391462385779
614;1243,9818958123954;99,83769179974934
615;1242,2771267219064;99,77169125928367
616;1240,590358720028;99,70591338974273
617;1238,9215406627966;99,64035857403994
618;1237,270620861693;99,57502719072619
619;1235,6375470957503;99,50991961399596
620;1234,022266623564;99,44503621369346
621;1232,4247261952096;99,38037735531877
622;1230,8448720640672;99,31594340003421
623;1229,2826499985467;99,25173470467045
624;1227,738005293715;99,18775162173297
625;1226,210882782828;99,12399449940838
626;1224,7012268487617;99,06046368157091
627;1223,2089814353433;98,99715950778875
628;1221,7340900585814;98,93408231333078
629;1220,2764958177981;98,87123242917292
630;1218,8361414066549;98,80861018200494
631;1217,4129691240792;98,74621589423695
632;1216,0069208850855;98,68404988400623
633;1214,617938231495;98,62211246518396
634;1213,2459623425482;98,56040394738191
635;1211,890934045418;98,4989246359595
636;1210,5527938256093;98,43767483203042
637;1209,2342055983265;98,37665483246982
638;1207,9323583128792;98,3158649299211
639;1206,6471918147531;98,25530541280307
640;1205,3786456020987;98,19497656531692
641;1204,1266588408266;98,13487866745332
642;1202,8911703790748;98,0750119949997
643;1201,6721187610892;98,0153768195473
644;1200,4694422405723;97,95597340849854
645;1199,2830787935345;97,8968020250742
646;1198,1129661306873;97,8378629283208
647;1196,959041709416;97,77915637311794
648;1195,8212427453554;97,72068261018578
649;1194,6995062236035;97,66244188609242
650;1193,593768909593;97,60443444326144
651;1192,503967359649;97,5466605199794
652;1191,4300379312458;97,48912035040343
653;1190,3719167929887;97,43181416456893
654;1189,329539934335;97,37474218839712
655;1188,3028431750674;97,31790464370276
656;1187,2917621745382;97,26130174820202
657;1186,2962324406922;97,20493371552004
658;1185,3161893388817;97,14880075519898
659;1184,3515681004867;97,09290307270571
660;1183,4023038313433;97,03724086943988
661;1182,4683315199934;96,98181434274167
662;1181,5495860457638;96,92662368589994
663;1180,6460021866787;96,87166908816017
664;1179,757514627213;96,81695073473253
665;1178,8840579658915;96,76246880679999
666;1178,0255667227439;96,70822348152642
667;1177,1819753466107;96,65421493206482
668;1176,3532182223166;96,60044332756557
669;1175,5392296777025;96,5469088331845
670;1174,7399439905303;96,49361161009138
671;1173,9552953952561;96,44055181547814
672;1173,1852180896833;96,38772960256728
673;1172,429646241485;96,33514512062021
674;1171,688513994615;96,28279851494571
675;1170,9617554755955;96,2306899269085
676;1170,2493047996907;96,17881949393755
677;1169,5510960769664;96,1271873495348
678;1168,8670634182397;96,07579362328367
679;1168,1971409409157;96,02463844085767
680;1167,5412627747182;95,97372192402906
681;1166,8993630673126;95,92304419067756
682;1166,2713759898204;95,87260535479898
683;1165,6572357422358;95,8224055265141
684;1165,0568765587332;95,77244481207744
685;1164,4702327128769;95,72272331388591
686;1163,8972385227257;95,67324113048792
687;1163,3378283558443;95,6239983565921
688;1162,791936634209;95,57499508307629
689;1162,2594978390223;95,52623139699644
690;1161,7404465154257;95,47770738159569
691;1161,234717277122;95,42942311631334
692;1160,7422448108962;95,38137867679389
693;1160,2629638810504;95,33357413489614
694;1159,7968093337395;95,28600955870233
695;1159,343716101218;95,2386850125273
696;1158,9036192059943;95,19160055692758
697;1158,4764537648975;95,14475624871076
698;1158,0621549930488;95,0981521409446
699;1157,66065820775;95,05178828296638
700;1157,271898832281;95,00566472039218
701;1156,8958123996115;94,9597814951262
702;1156,5323345560255;94,91413864537017
703;1156,1814010646603;94,86873620563276
704;1155,8429478089631;94,82357420673894
705;1155,5169107960596;94,77865267583948
706;1155,2032261600423;94,73397163642045
707;1154,901830165176;94,6895311083127
708;1154,6126592090227;94,64533110770144
709;1154,3356498254818;94,6013716471358
710;1154,0707386877566;94,55765273553841
711;1153,8178626112363;94,51417437821507
712;1153,576958556301;94,47093657686442
713;1153,3479636310515;94,42793932958756
714;1153,1308150939587;94,3851826308978
715;1152,9254503564398;94,34266647173041
716;1152,731806985358;94,30039083945245
717;1152,549822705447;94,25835571787238
718;1152,3794354016648;94,21656108725011
719;1152,2205831214706;94,17500692430671
720;1152,0732040770326;94,1336932022343
721;1151,9372366473644;94,092619890706
722;1151,8126193803887;94,05178695588579
723;1151,6992909949338;94,01119436043857
724;1151,5971903826603;93,97084206353999
725;1151,5062566099186;93,9307300208866
726;1151,4264289195407;93,8908581847058
727;1151,3576467325652;93,8512265037659
728;1151,2998496498958;93,81183492338621
729;1151,2529774538946;93,77268338544717
730;1151,2169701099133;93,73377182840039
731;1151,1917677677593;93,69510018727892
732;1151,1773107630984;93,65666839370735
733;1151,173539618797;93,618476375912
734;1151,1803950462045;93,58052405873119
735;1151,1978179463722;93,54281136362543
736;1151,2257494112157;93,50533820868779
737;1151,2641307246167;93,46810450865402
738;1151,3129033634677;93,43111017491303
739;1151,372008998659;93,39435511551717
740;1151,4413894960085;93,3578392351925
741;1151,5209869171392;93,3215624353493
742;1151,610743520298;93,28552461409237
743;1151,71060176112;93,24972566623158
744;1151,8205042933437;93,21416548329213
745;1151,9403939694691;93,17884395352516
746;1152,070213841367;93,14376096191816
747;1152,2099071608332;93,10891639020555
748;1152,3594173800964;93,0743101168791
749;1152,5186881522727;93,03994201719856
750;1152,6876633317754;93,0058119632022
751;1152,86628697467;92,9719198237174
752;1153,0545033389872;92,93826546437118
753;1153,2522568849874;92,90484874760101
754;1153,459492275377;92,87166953266524
755;1153,6761543754803;92,83872767565386
756;1153,9021882533675;92,80602302949924
757;1154,137539179937;92,7735554439867
758;1154,3821526289544;92,7413247657653
759;1154,6359742770478;92,70933083835858
760;1154,8989500036632;92,67757350217536
761;1155,1710258909764;92,6460525945203
762;1155,4521482237626;92,61476794960495
763;1155,7422634892282;92,58371939855844
764;1156,0413183768028;92,55290676943824
765;1156,3492597778877;92,52232988724113
766;1156,666034785573;92,49198857391391
767;1156,9915906943095;92,4618826483644
768;1157,3258749995493;92,43201192647226
769;1157,6688353973448;92,40237622109994
770;1158,0204197839137;92,3729753421035
771;1158,38057625517;92,34380909634369
772;1158,7492531062153;92,31487728769672
773;1159,1263988308008;92,28617971706544
774;1159,511962120753;92,25771618239008
775;1159,9058918653625;92,2294864786595
776;1160,3081371507476;92,20149039792199
777;1160,7186472591775;92,17372772929637
778;1161,1373716683704;92,14619825898308
779;1161,5642600507551;92,11890177027513
780;1161,999262272704;92,09183804356921
781;1162,4423283937356;92,06500685637687
782;1162,8934086656868;92,03840798333538
783;1163,3524535318556;92,01204119621904
784;1163,8194136261154;91,98590626395024
785;1164,2942397720012;91,96000295261055
786;1164,776882981765;91,93433102545188
787;1165,2672944554074;91,9088902429077
788;1165,765425579679;91,88368036260407
789;1166,2712279270563;91,85870113937101
790;1166,7846532546916;91,83395232525343
791;1167,3056535033359;91,80943366952263
792;1167,8341807962372;91,78514491868727
793;1168,3701874380115;91,76108581650477
794;1168,9136259134932;91,73725610399235
795;1169,4644488865567;91,71365551943853
796;1170,0226091989161;91,69028379841416
797;1170,5880598689014;91,66714067378378
798;1171,16075409021;91,6442258757169
799;1171,7406452306366;91,6215391316993
800;1172,3276868307794;91,59908016654428
801;1172,9218326027249;91,57684870240402
802;1173,5230364287092;91,55484445878078
803;1174,1312523597599;91,53306715253841
804;1174,7464346143138;91,51151649791356
805;1175,368537576814;91,49019220652697
806;1175,9975157962908;91,46909398739498
807;1176,6333239849146;91,44822154694079
808;1177,275917016533;91,42757458900579
809;1177,925249925188;91,40715281486098
810;1178,5812779036116;91,38695592321847
811;1179,2439563017028;91,3669836102426
812;1179,9132406249855;91,34723556956163
813;1180,589086533047;91,32771149227891
814;1181,2714498379585;91,30841106698448
815;1181,9602865026752;91,2893339797663
816;1182,6555526394204;91,27047991422184
817;1183,357204508049;91,25184855146945
818;1184,065198514396;91,23343957015975
819;1184,7794912086038;91,21525264648713
820;1185,5000392834354;91,19728745420124
821;1186,2267995725665;91,17954366461834
822;1186,9597290488646;91,16202094663281
823;1187,698784822648;91,14471896672863
824;1188,4439241399284;91,12763738899088
825;1189,195104380638;91,11077587511711
826;1189,95228305684;91,09413408442896
827;1190,7154178109206;91,0777116738835
828;1191,4844664137674;91,06150829808486
829;1192,259386762931;91,04552360929564
830;1193,0401368807688;91,02975725744838
831;1193,8266749125755;91,01420889015719
832;1194,6189591246966;90,9988781527291
833;1195,416947902627;90,9837646881757
834;1196,2205997490935;90,96886813722458
835;1197,0298732821225;90,95418813833084
836;1197,8447272330918;90,93972432768865
837;1198,6651204447676;90,92547633924276
838;1199,4910118693278;90,91144380469999
839;1200,3223605663688;90,89762635354079
840;1201,1591257008968;90,88402361303083
841;1202,001266541307;90,87063520823237
842;1202,8487424573461;90,8574607620159
843;1203,7015129180618;90,84449989507169
844;1204,5595374897357;90,83175222592128
845;1205,4227758338034;90,81921737092905
846;1206,2911877047616;90,80689494431371
847;1207,1647329480577;90,79478455815986
848;1208,0433714979679;90,78288582242958
849;1208,9270633754604;90,77119834497393
850;1209,8157686860454;90,7597217315444
851;1210,7094476176098;90,74845558580468
852;1211,6080604382394;90,73739950934194
853;1212,5115674940266;90,72655310167859
854;1213,4199292068652;90,71591596028365
855;1214,3331060722303;90,70548768058441
856;1215,2510586569483;90,6952678559779
857;1216,1737475969474;90,68525607784251
858;1217,1011335950006;90,67545193554938
859;1218,0331774184524;90,66585501647413
860;1218,969839896933;90,65646490600821
861;1219,9110819200605;90,6472811875706
862;1220,8568644351276;90,6383034426192
863;1221,8071484447794;90,62953125066247
864;1222,761895004673;90,62096418927091
865;1223,7210652211293;90,61260183408857
866;1224,68462024877;90,60444375884462
867;1225,652521288143;90,59648953536484
868;1226,6247295833332;90,58873873358317
869;1227,601206419565;90,58119092155319
870;1228,5819131207882;90,57384566545963
871;1229,5668110472554;90,56670252962998
872;1230,5558615930852;90,55976107654583
873;1231,5490261838152;90,55302086685451
874;1232,5462662739424;90,54648145938057
875;1233,547543344453;90,54014241113721
876;1234,5528189003398;90,53400327733785
877;1235,5620544681092;90,52806361140757
878;1236,5752115932767;90,52232296499463
879;1237,5922518378527;90,51678088798191
880;1238,6131367778164;90,51143692849841
881;1239,637828000579;90,50629063293077
882;1240,6662871024394;90,50134154593461
883;1241,6984756860254;90,4965892104461
884;1242,7343553577318;90,49203316769344
885;1243,7738877251395;90,48767295720813
886;1244,8170343944357;90,4835081168367
887;1245,8637569678172;90,4795381827519
888;1246,9140170408884;90,47576268946416
889;1247,9677762000526;90,47218116983326
890;1249,0249960198896;90,46879315507941
891;1250,0856380605308;90,46559817479493
892;1251,149663865025;90,46259575695552
893;1252,2170349566968;90,45978542793169
894;1253,2877128364973;90,45716671250025
895;1254,361658980351;90,4547391338555
896;1255,438834836494;90,45250221362082
897;1256,5192018228088;90,45045547185991
898;1257,6027213241525;90,44859842708824
899;1258,6893546896808;90,44693059628435
900;1259,7790632301667;90,44545149490122
901;1260,871808215318;90,44416063687764
902;1261,9675508710898;90,4430575346495
903;1263,066252376994;90,4421416991612
904;1264,1678738634066;90,44141263987684
905;1265,2723764088748;90,44086986479171
906;1266,379721037422;90,44051288044335
907;1267,4898687158523;90,44034119192314
908;1268,602780351056;90,44035430288734
909;1269,7184167873145;90,44055171556847
910;1270,8367388036081;90,44093293078659
911;1271,9577071109275;90,44149744796054
912;1273,081282349583;90,44224476511916
913;1274,2074250865248;90,4431743789126
914;1275,336095812661;90,44428578462343
915;1276,4672549401844;90,44557847617807
916;1277,6008627999067;90,4470519461577
917;1278,7368796385972;90,44870568580976
918;1279,875265616329;90,45053918505896
919;1281,0159808038368;90,45255193251849
920;1282,1589851798815;90,45474341550124
921;1283,3042386286284;90,45711312003093
922;1284,451700937035;90,4596605308532
923;1285,6013317922527;90,4623851314469
924;1286,7530907790408;90,46528640403498
925;1287,9069373771974;90,46836382959586
926;1289,062830959005;90,47161688787436
927;1290,2207307866943;90,47504505739286
928;1291,3805960099235;90,47864781546237
929;1292,5423856632822;90,48242463819358
930;1293,706058663811;90,48637500050795
931;1294,8715738085466;90,49049837614868
932;1296,0388897720873;90,49479423769189
933;1297,2079651041859;90,4992620565575
934;1298,378758227367;90,50390130302029
935;1299,5512274345713;90,50871144622086
936;1300,7253308868314;90,5136919541767
937;1301,9007718676362;90,51884229379307
938;1303,0777754225307;90,52416193087403
939;1304,2563002439438;90,52965033013325
940;1305,4363044900394;90,53530695520516
941;1306,6177459604164;90,54113126865566
942;1307,8005821918464;90,54712273199313
943;1308,9847705099014;90,5532808056793
944;1310,1702680563162;90,5596049491401
945;1311,357031803043;90,56609462077658
946;1312,5450185590348;90,5727492779757
947;1313,7341849730828;90,57956837712123
948;1314,9244875345173;90,58655137360446
949;1316,1158825727757;90,59369772183516
950;1317,308326256377;90,60100687525218
951;1318,5017745916;90,60847828633446
952;1319,6961834210267;90,6161114066116
953;1320,8915084220448;90,62390568667466
954;1322,0877051053453;90,63186057618697
955;1323,2847288134594;90,6399755238947
956;1324,4825347193332;90,64824997763778
957;1325,681077824963;90,65668338436029
958;1326,880312960087;90,66527519012148
959;1328,0801947809452;90,67402484010609
960;1329,280677769103;90,68293177863524
961;1330,481716230349;90,6919954491769
962;1331,6832642936602;90,70121529435663
963;1332,8852759102463;90,71059075596806
964;1334,087704852667;90,7201212749835
965;1335,2905047140284;90,72980629156453
966;1336,4936289072612;90,73964524507258
967;1337,6970306644778;90,7496375740793
968;1338,900663036415;90,75978271637725
969;1340,104478891964;90,77008010899031
970;1341,3084309177839;90,78052918818415
971;1342,5124716180094;90,79112938947674
972;1343,7165533140455;90,80188014764873
973;1344,9206281444583;90,81278089675395
974;1346,124648064959;90,82383107012976
975;1347,3285648484841;90,83503010040745
976;1348,5323300853763;90,8463774195227
977;1349,7358951836604;90,8578724587258
978;1350,9392113694262;90,86951464859206
979;1352,1422296873116;90,88130341903216
980;1353,3449010010897;90,89323819930244
981;1354,5471759943646;90,90531841801513
982;1355,7490051713714;90,91754350314866
983;1356,9503388578883;90,92991288205796
984;1358,1511272022574;90,94242598148459
985;1359,3513201765188;90,95508222756702
986;1360,550867577655;90,96788104585085
987;1361,7497190289512;90,98082186129886
988;1362,9478239814719;90,99390409830136
989;1364,1451317156516;91,00712718068614
990;1365,3415913430024;91,02049053172874
991;1366,5371518079426;91,03399357416238
992;1367,731761889742;91,04763573018829
993;1368,9253702045894;91,0614164214855
994;1370,1179252077754;91,07533506922111
995;1371,3093751960039;91,08939109406016
996;1372,4996683098166;91,10358391617572
997;1373,688752536149;91,1179129552588
998;1374,8765757109995;91,13237763052841
999;1376,0630855222266;91,14697736074146
1000;1377,2482295124687;91,16171156420266
1001;1378,4319550821847;91,17657965877443
1002;1379,6142094928177;91,19158106188685
1003;1380,7949398700841;91,20671519054744
1004;1381,9740932073792;91,2219814613511
1005;1383,151616369313;91,23737929048978
1006;1384,3274560953598;91,25290809376249
1007;1385,5015590036353;91,26856728658491
1008;1386,6738715947888;91,28435628399926
1009;1387,84434025602;91,30027450068397
1010;1389,0129112652107;91,31632135096345
1011;1390,179530795177;91,33249624881782
1012;1391,3441449180384;91,34879860789243
1013;1392,5066996097;91,36522784150776
1014;1393,6671407544522;91,38178336266887
1015;1394,825414149683;91,39846458407506
1016;1395,9814655106995;91,41527091812955
1017;1397,1352404756637;91,43220177694894
1018;1398,2866846106324;91,44925657237283
1019;1399,4357434147057;91,4664347159733
1020;1400,582362325282;91,48373561906448
1021;1401,726486723411;91,501158692712
1022;1402,868061939254;91,51870334774244
1023;1404,007033257636;91,53636899475282
1024;1405,143345923699;91,55415504412001
1025;1406,2769451486467;91,57206090601007
1026;1407,407776115582;91,5900859903877
1027;1408,5357839854323;91,60822970702557
1028;1409,6609139029629;91,62649146551367
1029;1410,7831110028721;91,64487067526855
1030;1411,9023204159682;91,66336674554267
1031;1413,0184872754257;91,68197908543374
1032;1414,1315567231154;91,70070710389373
1033;1415,241473916006;91,71955020973839
1034;1416,3481840326363;91,73850781165615
1035;1417,4516322796544;91,75757931821752
1036;1418,5517638984177;91,77676413788419
1037;1419,6485241716528;91,79606167901802
1038;1420,7412890443175;91,81547134989039
1039;1421,8305527141297;91,83499255869098
1040;1422,9162615039122;91,85462471353712
1041;1423,998361428954;91,87436722248268
1042;1425,0767983664625;91,89421949352705
1043;1426,1515181552068;91,91418093462424
1044;1427,2224666554612;91,93425095369173
1045;1428,289589786341;91,9544289586195
1046;1429,3528335502367;91,97471435727891
1047;1430,4121440498893;91,99510655753159
1048;1431,4674675012511;92,0156049672383
1049;1432,5187502439367;92,03620899426784
1050;1433,5659387502892;92,0569180465058
1051;1434,6089796336573;92,07773153186339
1052;1435,6478196562118;92,0986488582862
1053;1436,6824057364977;92,11966943376297
1054;1437,712684956833;92,1407926663343
1055;1438,7386045706105;92,16201796410138
1056;1439,7601120095435;92,1833447352346
1057;1440,7771548908672;92,20477238798233
1058;1441,7896810245113;92,22630033067936
1059;1442,797638420242;92,2479279717557
1060;1443,8009752947792;92,26965471974502
1061;1444,799640078884;92,29147998329329
1062;1445,7935814244222;92,31340317116727
1063;1446,7827482113898;92,33542369226295
1064;1447,7670895549093;92,35754095561425
1065;1448,7465548121863;92,3797543704012
1066;1449,721093589429;92,40206334595854
1067;1450,690655748723;92,42446729178408
1068;1451,6551914148638;92,44696561754711
1069;1452,6146509821385;92,46955773309666
1070;1453,56898512106;92,49224304847002
1071;1454,5181447850453;92,51502097390082
1072;1455,4620812170394;92,53789091982743
1073;1456,4007459560814;92,56085229690123
1074;1457,334090843811;92,58390451599485
1075;1458,262068030908;92,60704698821021
1076;1459,184629983473;92,63027912488691
1077;1460,101729489335;92,65360033761031
1078;1461,0133196642928;92,67701003821958
1079;1461,9193539582836;92,70050763881588
1080;1462,8197861614813;92,72409255177044
1081;1463,7145704103154;92,74776418973256
1082;1464,6036611934144;92,77152196563766
1083;1465,4870133574734;92,79536529271527
1084;1466,3645821130374;92,81929358449707
1085;1467,2363230402061;92,8433062548247
1086;1468,1021920942535;92,86740271785781
1087;1468,9621456111636;92,89158238808184
1088;1469,816140313082;92,91584468031604
1089;1470,664133313677;92,94018900972111
1090;1471,506082123416;92,96461479180724
1091;1472,3419446547525;92,98912144244166
1092;1473,1716792272189;93,01370837785664
1093;1473,9952445724346;93,03837501465706
1094;1474,812599839018;93,06312076982815
1095;1475,6237045974076;93,08794506074328
1096;1476,4285188445883;93,11284730517141
1097;1477,2270030087275;93,13782692128498
1098;1478,0191179537126;93,1628833276673
1099;1478,804824983597;93,18801594332022
1100;1479,58408584695;93,21322418767168
1101;1480,3568627411105;93,23850748058321
1102;1481,123118316348;93,26386524235744
1103;1481,8828156799207;93,28929689374557
1104;1482,635918400047;93,31480185595484
1105;1483,382390509775;93,3403795506559
1106;1484,122196510756;93,36602939999021
1107;1484,8553013769244;93,39175082657741
1108;1485,5816705580794;93,41754325352272
1109;1486,3012699833728;93,44340610442411
1110;1487,0140660646998;93,4693388033797
1111;1487,7200256999952;93,495340774995
1112;1488,4191162764323;93,52141144439008
1113;1489,1113056735314;93,54755023720679
1114;1489,7965622661695;93,57375657961603
1115;1490,4748549274973;93,60002989832472
1116;1491,1461530317642;93,62636962058308
1117;1491,810426457049;93,65277517419163
1118;1492,4676455878964;93,67924598750825
1119;1493,1177813178645;93,70578148945535
1120;1493,7608050519782;93,73238110952668
1121;1494,3966887090933;93,75904427779443
1122;1495,02540472417;93,78577042491618
1123;1495,6469260504562;93,81255898214188
1124;1496,2612261615818;93,83940938132054
1125;1496,8682790535672;93,86632105490733
1126;1497,4680592467396;93,89329343597039
1127;1498,0605417875665;93,92032595819751
1128;1498,6457022504037;93,94741805590304
1129;1499,2235167391523;93,97456916403463
1130;1499,7939618888395;94,00177871817995
1131;1500,3570148671095;94,0290461545734
1132;1500,9126533756328;94,05637091010279
1133;1501,4608556514352;94,08375242231597
1134;1502,001600468145;94,11119012942751
1135;1502,5348671371596;94,13868347032529
1136;1503,0606355087318;94,16623188457694
1137;1503,5788859729773;94,19383481243656
1138;1504,0895994608084;94,22149169485114
1139;1504,5927574447844;94,24920197346702
1140;1505,0883419398908;94,27696509063642
1141;1505,5763355042413;94,30478048942383
1142;1506,0567212397054;94,3326476136124
1143;1506,5294827924643;94,36056590771028
1144;1506,9946043534915;94,3885348169571
1145;1507,4520706589633;94,41655378733013
1146;1507,9018669905986;94,44462226555065
1147;1508,3439791759272;94,47273969909018
1148;1508,7783935884916;94,50090553617675
1149;1509,205097147976;94,5291192258011
1150;1509,6240773202737;94,55738021772277
1151;1510,0353221174817;94,58568796247638
1152;1510,4388200978344;94,61404191137767
1153;1510,8345603655641;94,64244151652954
1154;1511,2225325707188;94,67088623082832
1155;1511,6027269088881;94,69937550796956
1156;1511,9751341208823;94,72790880245414
1157;1512,3397454923488;94,7564855695943
1158;1512,6965528533237;94,78510526551955
1159;1513,045548577729;94,81376734718253
1160;1513,386725582803;94,84247127236505
1161;1513,7200773284771;94,87121649968377
1162;1514,045597816694;94,90000248859617
1163;1514,363281590666;94,92882869940641
1164;1514,6731237340803;94,95769459327089
1165;1514,9751198702468;94,98659963220422
1166;1515,269266161189;95,01554327908487
1167;1515,5555593066863;95,04452499766077
1168;1515,8339965432558;95,07354425255524
1169;1516,1045756430844;95,10260050927229
1170;1516,3672949129102;95,13169323420249
1171;1516,6221531928484;95,16082189462844
1172;1516,86914985517;95,18998595873038
1173;1517,1082848030271;95,21918489559162
1174;1517,3395584691305;95,24841817520414
1175;1517,5629718143769;95,27768526847406
1176;1517,7785263264302;95,30698564722698
1177;1517,9862240182492;95,33631878421347
1178;1518,1860674265754;95,36568415311451
1179;1518,378059610369;95,39508122854669
1180;1518,5622041492009;95,42450948606763
1181;1518,738505141597;95,45396840218136
1182;1518,9069672033413;95,48345745434344
1183;1519,0675954657313;95,51297612096623
1184;1519,2203955737905;95,54252388142426
1185;1519,3653736844385;95,57210021605917
1186;1519,5025364646167;95,60170460618507
1187;1519,6318910893724;95,6313365340936
1188;1519,753445239903;95,66099548305898
1189;1519,8672071015549;95,69068093734316
1190;1519,9731853617861;95,72039238220084
1191;1520,0713892080853;95,7501293038844
1192;1520,1618283258526;95,77989118964906
1193;1520,2445128962406;95,80967752775771
1194;1520,319453593957;95,83948780748584
1195;1520,3866615850293;95,86932151912649
1196;1520,446148524531;95,8991781539951
1197;1520,4979265542688;95,92905720443439
1198;1520,542008300437;95,9589581638191
1199;1520,5784068712314;95,9888805265609
1200;1520,60713585443;96,01882378811298
1201;1520,628209314935;96,04878744497495
1202;1520,6416417922842;96,07877099469742
1203;1520,6474482981218;96,10877393588677
1204;1520,645644313641;96,13879576820972
1205;1520,6362457869889;96,16883599239796
1206;1520,6192691306383;96,19889411025282
1207;1520,5947312187286;96,22896962464972
1208;1520,5626493843715;96,25906203954274
1209;1520,523041416926;96,28917085996919
1210;1520,475925559242;96,31929559205398
1211;1520,4213205048725;96,34943574301415
1212;1520,3592453952524;96,37959082116326
1213;1520,2897198168514;96,40976033591576
1214;1520,2127637982912;96,43994379779141
1215;1520,12839780744;96,47014071841953
1216;1520,03664274847;96,50035061054339
1217;1519,9375199588915;96,53057298802449
1218;1519,8310512065568;96,56080736584669
1219;1519,7172586866366;96,59105326012059
1220;1519,5973508524737;96,62131018808759
1221;1519,4701584518696;96,65157766812419
1222;1519,3357049292044;96,68185521974601
1223;1519,1940141029459;96,7121423636119
1224;1519,045110172328;96,74243862152817
1225;1518,889017721713;96,77274351645242
1226;1518,7257617231735;96,80305657249781
1227;1518,5553675377091;96,83337731493678
1228;1518,3778609154135;96,86370527020533
1229;1518,1932679948316;96,89403996590664
1230;1518,0016153016918;96,92438093081526
1231;1517,802929747153;96,95472769488084
1232;1517,5972386256722;96,98507978923197
1233;1517,3845696125761;97,01543674618017
1234;1517,1649507614022;97,04579809922348
1235;1516,9384105010554;97,07616338305036
1236;1516,704977632817;97,10653213354344
1237;1516,4646813272373;97,13690388778318
1238;1516,2175511209346;97,16727818405158
1239;1515,9636169133107;97,19765456183588
1240;1515,7029089632085;97,22803256183212
1241;1515,435457885512;97,2584117259488
1242;1515,1612946477007;97,28879159731048
1243;1514,8804505663638;97,31917172026118
1244;1514,592957303683;97,34955164036815
1245;1514,2988468638798;97,37993090442512
1246;1513,9981515896407;97,41030906045596
1247;1513,690904158514;97,44068565771796
1248;1513,3771375792855;97,47106024670533
1249;1513,0568851883336;97,50143237915265
1250;1512,7301806459636;97,53180160803801
1251;1512,397057932726;97,56216748758655
1252;1512,0575513457138;97,5925295732737
1253;1511,7116954948483;97,62288742182837
1254;1511,3595252991463;97,65324059123631
1255;1511,0010759829718;97,68358864074325
1256;1510,6363830722776;97,71393113085816
1257;1510,2654823908279;97,74426762335631
1258;1509,8884100564132;97,77459768128251
1259;1509,5052024770487;97,8049208689542
1260;1509,1158963471642;97,83523675196443
1261;1508,7205286437793;97,86554489718506
1262;1508,3191366226695;97,89584487276967
1263;1507,9117578145238;97,92613624815667
1264;1507,4984300210867;97,95641859407212
1265;1507,0791913112985;97,9866914825328
1266;1506,6540800174187;98,01695448684914
1267;1506,2231347311456;98,04720718162797
1268;1505,7863942997278;98,07744914277554
1269;1505,343897822066;98,10767994750023
1270;1504,8956846448082;98,13789917431546
1271;1504,4417943584374;98,16810640304242
1272;1503,9822667933552;98,1983012148128
1273;1503,5171420159575;98,22848319207162
1274;1503,0464603247062;98,25865191857977
1275;1502,5702622461924;98,28880697941683
1276;1502,0885885312011;98,31894796098366
1277;1501,6014801507652;98,349074451005
1278;1501,1089782922209;98,37918603853207
1279;1500,6111243552557;98,40928231394521
1280;1500,1079599479579;98,43936286895632
1281;1499,599526882858;98,4694272966114
1282;1499,0858671729752;98,49947519129307
1283;1498,5670230278556;98,52950614872302
1284;1498,0430368496138;98,55951976596434
1285;1497,5139512289718;98,58951564142417
1286;1496,9798089412977;98,61949337485582
1287;1496,440652942646;98,64945256736124
1288;1495,8965263657963;98,67939282139336
1289;1495,347472516294;98,70931374075838
1290;1494,7935348684941;98,73921493061798
1291;1494,2347570616057;98,76909599749166
1292;1493,6711828957352;98,79895654925895
1293;1493,1028563279388;98,82879619516149
1294;1492,5298214682737;98,85861454580532
1295;1491,952122575854;98,88841121316302
1296;1491,369804054911;98,91818581057576
1297;1490,7829104508555;98,94793795275542
1298;1490,1914864463517;98,97766725578666
1299;1489,5955768573847;99,00737333712898
1300;1488,9952266293453;99,03705581561866
1301;1488,3904808331145;99,06671431147082
1302;1487,781384661155;99,09634844628135
1303;1487,1679834236115;99,12595784302883
1304;1486,5503225444163;99,15554212607648
1305;1485,9284475574034;99,18510092117403
1306;1485,3024041024303;99,21463385545947
1307;1484,6722379215082;99,24414055746111
1308;1484,0379948549426;99,27362065709912
1309;1483,3997208374776;99,30307378568753
1310;1482,7574618944589;99,33249957593588
1311;1482,111264137998;99,36189766195092
1312;1481,4611737631517;99,39126767923835
1313;1480,8072370441096;99,42060926470458
1314;1480,149500330395;99,44992205665822
1315;1479,4880100430757;99,47920569481187
1316;1478,8228126709869;99,50845982028352
1317;1478,1539547669668;99,53768407559836
1318;1477,4814829441025;99,56687810469016
1319;1476,8054438719923;99,5960415529029
1320;1476,1258842730183;99,62517406699217
1321;1475,4428509186343;99,65427529512674
1322;1474,7563906256662;99,68334488688994
1323;1474,0665502526272;99,71238249328114
1324;1473,3733766960472;99,74138776671708
1325;1472,6769168868195;99,77036036103334
1326;1471,9772177865582;99,79929993148563
1327;1471,274326383975;99,82820613475108
1328;1470,5682896912706;99,85707862892964
1329;1469,8591547405413;99,88591707354527
1330;1469,1469685802044;99,91472112954723
1331;1468,4317782714388;99,94349045931126
1332;1467,71363088464;99,97222472664093
1333;1466,9925734959004;100,0009235967686
1334;1466,2686531834984;100,0295867363567
1335;1465,54191702441;100,05821381349888
1336;1464,8124120908403;100,086804497721
1337;1464,0801854467693;100,11535845998239
1338;1463,3452841445196;100,14387537267667
1339;1462,6077552213412;100,17235490963304
1340;1461,8676456960181;100,20079674611705
1341;1461,1250025654929;100,22920055883174
1342;1460,3798728015113;100,25756602591848
1343;1459,632303347287;100,28589282695808
1344;1458,8823411141868;100,31418064297152
1345;1458,130032978439;100,3424291564209
1346;1457,3754257778583;100,37063805121035
1347;1456,6185663085948;100,3988070126868
1348;1455,859501321904;100,42693572764082
1349;1455,098277520938;100,45502388430741
1350;1454,3349415575585;100,4830711723668
1351;1453,569540029174;100,51107728294518
1352;1452,8021194755945;100,53904190861535
1353;1452,032726375914;100,56696474339746
1354;1451,2614071454127;100,59484548275978
1355;1450,4882081324843;100,62268382361918
1356;1449,713175615582;100,6504794643419
1357;1448,9363558001953;100,67823210474407
1358;1448,1577948158435;100,70594144609231
1359;1447,3775387130943;100,7336071911043
1360;1446,5956334606103;100,76122904394929
1361;1445,8121249422163;100,78880671024861
1362;1445,0270589539903;100,8163398970762
1363;1444,2404812013801;100,84382831295906
1364;1443,4524372963465;100,87127166787761
1365;1442,662972754526;100,89866967326624
1366;1441,8721329924253;100,9260220420136
1367;1441,079963324635;100,95332848846301
1368;1440,2865089610711;100,98058872841287
1369;1439,491815004243;101,00780247911682
1370;1438,6959264465443;101,03496945928427
1371;1437,898888167571;101,06208938908048
1372;1437,1007449314654;101,08916199012695
1373;1436,3015413842852;101,11618698550157
1374;1435,5013220514004;101,14316409973894
1375;1434,7001313349124;101,17009305883045
1376;1433,8980135111058;101,19697359022447
1377;1433,0950127279184;101,22380542282666
1378;1432,2911730024455;101,25058828699976
1379;1431,4865382184664;101,27732191456407
1380;1430,681152123998;101,3040060387973
1381;1429,8750583288756;101,33064039443462
1382;1429,0683003023614;101,35722471766888
1383;1428,26092137078;101,38375874615043
1384;1427,4529647151778;101,41024221898724
1385;1426,6444733690141;101,43667487674475
1386;1425,8354902158753;101,463056461446
1387;1425,0260579872192;101,48938671657137
1388;1424,2162192601459;101,51566538705865
1389;1423,406016455194;101,54189221930277
1390;1422,5954918341686;101,56806696115578
1391;1421,784687497991;101,59418936192665
1392;1420,9736453845803;101,62025917238114
1393;1420,1624072667623;101,64627614474148
1394;1419,3510147502036;101,67224003268628
1395;1418,5395092713745;101,69815059135021
1396;1417,72793209554;101,72400757732379
1397;1416,916324314778;101,74981074865302
1398;1416,1047268460263;101,77555986483921
1399;1415,2931804291545;101,8012546868385
1400;1414,481725625066;101,82689497706166
1401;1413,6704028138283;101,85248049937356
1402;1412,859252192829;101,87801101909297
1403;1412,0483137749604;101,903486302992
1404;1411,2376273868324;101,92890611929572
1405;1410,427232667012;101,95427023768171
1406;1409,6171690642914;101,97957842927964
1407;1408,8074758359842;102,0048304666707
1408;1407,9981920462474;102,03002612388705
1409;1407,1893565644334;102,0551651764115
1410;1406,3810080634685;102,08024740117673
1411;1405,5731850182592;102,10527257656479
1412;1404,7659257041255;102,13024048240653
1413;1403,9592681952633;102,15515089998104
1414;1403,1532503632318;102,18000361201484
1415;1402,347909875472;102,20479840268146
1416;1401,5432841938489;102,22953505760059
1417;1400,739410573224;102,25421336383745
1418;1399,9363260600526;102,27883310990211
1419;1399,1340674910114;102,30339408574869
1420;1398,3326714916502;102,32789608277466
1421;1397,5321744750734;102,35233889382006
1422;1396,7326126406467;102,37672231316671
1423;1395,9340219727328;102,40104613653736
1424;1395,1364382394513;102,42531016109494
1425;1394,339896991468;102,44951418544166
1426;1393,5444335608108;102,4736580096181
1427;1392,75008305971;102,49774143510248
1428;1391,9568803794693;102,52176426480955
1429;1391,1648601893587;102,54572630308978
1430;1390,3740569355375;102,56962735572849
1431;1389,5845048400033;102,59346722994465
1432;1388,7962378995646;102,61724573439021
1433;1388,009289884843;102,64096267914881
1434;1387,2236943392993;102,66461787573496
1435;1386,4394845782874;102,68821113709292
1436;1385,6566936881318;102,71174227759562
1437;1384,8753545252318;102,7352111130437
1438;1384,0954997151944;102,75861746066425
1439;1383,3171616519878;102,78196113910987
1440;1382,5403724971236;102,80524196845737
1441;1381,7651641788632;102,82845977020679
1442;1380,9915683914496;102,85161436728013
1443;1380,2196165943656;102,87470558402022
1444;1379,449340011615;102,89773324618942
1445;1378,6807696310293;102,9206971809685
1446;1377,9139362035996;102,94359721695544
1447;1377,1488702428337;102,96643318416402
1448;1376,385602024135;102,98920491402265
1449;1375,6241615842105;103,0119122393731
1450;1374,864578720497;103,03455499446912
1451;1374,1068829906164;103,05713301497516
1452;1373,351103711852;103,07964613796504
1453;1372,5972699606489;103,10209420192052
1454;1371,8454105721423;103,12447704672998
1455;1371,095554139701;103,14679451368698
1456;1370,3477290145015;103,16904644548897
1457;1369,6019633051217;103,19123268623565
1458;1368,8582848771591;103,21335308142768
1459;1368,116721352872;103,23540747796521
1460;1367,3773001108414;103,25739572414633
1461;1366,6400482856575;103,27931766966559
1462;1365,9049927676278;103,30117316561252
1463;1365,172160202508;103,32296206447008
1464;1364,4415769912537;103,34468422011308
1465;1363,7132692897962;103,36633948780671
1466;1362,9872630088369;103,38792772420479
1467;1362,263583813667;103,40944878734834
1468;1361,5422571240047;103,43090253666392
1469;1360,8233081138567;103,45228883296191
1470;1360,1067617114004;103,47360753843499
1471;1359,3926425988845;103,49485851665638
1472;1358,6809752125528;103,51604163257821
1473;1357,971783742588;103,53715675252981
1474;1357,265092133076;103,55820374421604
1475;1356,5609240819886;103,57918247671545
1476;1355,8593030411887;103,60009282047864
1477;1355,160252216454;103,62093464732651
1478;1354,4637945675206;103,6417078304484
1479;1353,769952808146;103,66241224440034
1480;1353,0787494061908;103,68304776510332
1481;1352,3902065837212;103,70361426984128
1482;1351,704346317128;103,72411163725948
1483;1351,0211903372672;103,74453974736255
1484;1350,3407601296149;103,76489848151257
1485;1349,6630769344454;103,78518772242732
1486;1348,9881617470246;103,80540735417829
1487;1348,3160353178203;103,82555726218872
1488;1347,6467181527353;103,8456373332318
1489;1346,980230513351;103,86564745542869
1490;1346,3165924171942;103,88558751824644
1491;1345,6558236380185;103,90545741249619
1492;1344,9979437061022;103,92525703033107
1493;1344,3429719085655;103,94498626524424
1494;1343,690927289701;103,96464501206687
1495;1343,0418286513236;103,98423316696606
1496;1342,395694553135;104,00375062744294
1497;1341,7525433131043;104,02319729233034
1498;1341,1123930078652;104,04257306179106
1499;1340,475261473127;104,06187783731546
1500;1339,841166304105;104,08111152171956
1501;1339,21012485596;104,10027401914287
1502;1338,5821542442595;104,11936523504622
1503;1337,9572713454481;104,13838507620964
1504;1337,3354927973378;104,15733345073022
1505;1336,7168349996064;104,17621026801993
1506;1336,1013141143178;104,19501543880337
1507;1335,488946066448;104,21374887511567
1508;1334,879746544434;104,23241049030021
1509;1334,2737310007267;104,2510001990064
1510;1333,6709146523656;104,26951791718747
1511;1333,0713124815627;104,28796356209818
1512;1332,4749392362983;104,30633705229252
1513;1331,8818094309347;104,32463830762157
1514;1331,291937346836;104,34286724923099
1515;1330,7053370330063;104,3610237995589
1516;1330,1220223067367;104,37910788233347
1517;1329,5420067542648;104,39711942257061
1518;1328,9653037314472;104,41505834657158
1519;1328,3919263644432;104,43292458192072
1520;1327,8218875504097;104,45071805748294
1521;1327,2551999582083;104,46843870340152
1522;1326,6918760291217;104,48608645109553
1523;1326,1319279775826;104,50366123325752
1524;1325,5753677919133;104,52116298385108
1525;1325,0222072350757;104,53859163810839
1526;1324,4724578454302;104,55594713252778
1527;1323,9261309375072;104,57322940487124
1528;1323,3832376027867;104,59043839416204
1529;1322,8437887104888;104,60757404068212
1530;1322,3077949083718;104,62463628596971
1531;1321,7752666235435;104,64162507281671
1532;1321,2462140632776;104,6585403452662
1533;1320,720647215841;104,67538204861003
1534;1320,1985758513304;104,6921501293861
1535;1319,6800095225174;104,70884453537589
1536;1319,1649575657004;104,72546521560189
1537;1318,6534291015678;104,74201212032499
1538;1318,1454330360648;104,75848520104194
1539;1317,6409780612735;104,77488441048268
1540;1317,1400726562965;104,7912097026078
1541;1316,6427250881509;104,80746103260583
1542;1316,1489434126665;104,82363835689068
1543;1315,6587354753945;104,83974163309894
1544;1315,1721089125215;104,85577082008727
1545;1314,68907115179;104,87172587792966
1546;1314,2096294134271;104,88760676791482
1547;1313,733790711079;104,90341345254345
1548;1313,26156185275;104,91914589552552
1549;1312,7929494417497;104,9348040617776
1550;1312,3279598776467;104,9503879174201
1551;1311,866599357226;104,96589742977459
1552;1311,4088738754544;104,98133256736094
1553;1310,9547892264475;104,9966932998947
1554;1310,504351004447;105,01197959828427
1555;1310,0575646048003;105,02719143462805
1556;1309,6144352249444;105,04232878221183
1557;1309,1749678653953;105,05739161550576
1558;1308,739167330744;105,0723799101618
1559;1308,3070382306553;105,08729364301067
1560;1307,878584980868;105,10213279205921
1561;1307,453811804206;105,11689733648736
1562;1307,0327227315868;105,13158725664549
1563;1306,6153216030375;105,14620253405143
1564;1306,201612068715;105,16074315138759
1565;1305,7915975899248;105,17520909249818
1566;1305,3852814401512;105,18960034238627
1567;1304,9826667060822;105,20391688721087
1568;1304,5837562886443;105,21815871428402
1569;1304,1885529040358;105,23232581206797
1570;1303,7970590847651;105,2464181701721
1571;1303,4092771806918;105,26043577935017
1572;1303,0252093600675;105,27437863149723
1573;1302,6448576105827;105,28824671964668
1574;1302,268223740414;105,30204003796742
1575;1301,8953093792736;105,31575858176076
1576;1301,5261159794586;105,32940234745752
1577;1301,1606448169089;105,34297133261497
1578;1300,7988969922576;105,3564655359139
1579;1300,440873431889;105,3698849571556
1580;1300,0865748889962;105,38322959725883
1581;1299,736001944641;105,39649945825677
1582;1299,3891550088126;105,40969454329405
1583;1299,0460343214904;105,42281485662367
1584;1298,7066399537039;105,43586040360401
1585;1298,3709718085981;105,44883119069561
1586;1298,0390296224955;105,46172722545838
1587;1297,71081296596;105,47454851654825
1588;1297,3863212448607;105,48729507371425
1589;1297,0655537014386;105,49996690779541
1590;1296,7485094153687;105,5125640307176
1591;1296,4351873048279;105,52508645549044
1592;1296,125586127556;105,53753419620425
1593;1295,8197044819237;105,54990726802689
1594;1295,5175408079942;105,56220568720059
1595;1295,2190933885886;105,57442947103891
1596;1294,924360350349;105,58657863792348
1597;1294,633339664799;105,59865320730096
1598;1294,3460291494105;105,61065319967982
1599;1294,0624264686592;105,62257863662715
1600;1293,782529135088;105,63442954076558
1601;1293,5063345103665;105,64620593577006
1602;1293,2338398063462;105,65790784636455
1603;1292,9650420861208;105,66953529831905
1604;1292,6999382650786;105,68108831844624
1605;1292,438525111957;105,69256693459832
1606;1292,180799249897;105,70397117566375
1607;1291,9267571574928;105,71530107156414
1608;1291,676395169839;105,72655665325094
1609;1291,429709479582;105,73773795270213
1610;1291,1866961379621;105,74884500291917
1611;1290,9473510558585;105,75987783792358
1612;1290,7116700048307;105,77083649275379
1613;1290,479648618158;105,78172100346181
1614;1290,2512823918769;105,79253140711
1615;1290,026566685814;105,80326774176778
1616;1289,8054967246214;105,8139300465084
1617;1289,5880675988055;105,82451836140554
1618;1289,3742742657541;105,83503272753015
1619;1289,1641115507618;105,84547318694707
1620;1288,9575741480535;105,85583978271173
1621;1288,754656621802;105,8661325588669
1622;1288,555353407146;105,87635156043925
1623;1288,359658811205;105,8864968334362
1624;1288,167567014088;105,89656842484243
1625;1287,9790720699039;105,90656638261666
1626;1287,7941679077649;105,91649075568827
1627;1287,6128483327889;105,9263415939539
1628;1287,4351070270986;105,93611894827421
1629;1287,2615173509337;105,94582287047045
1630;1287,0914901648616;105,95545341332114
1631;1286,9250187747198;105,96501063055862
1632;1286,762096359569;105,97449457686581
1633;1286,6027159741075;105,98390530787272
1634;1286,4468705508343;105,99324288015318
1635;1286,2945529020126;106,0025073512213
1636;1286,1457557214549;106,01169877952823
1637;1286,0004715861737;106,02081722445868
1638;1285,8586929579064;106,02986274632755
1639;1285,7204121845414;106,03883540637652
1640;1285,585621501462;106,04773526677062
1641;1285,4543130328195;106,05656239059482
1642;1285,3264787927467;106,06531684185069
1643;1285,2021106865216;106,07399868545282
1644;1285,0812005116902;106,08260798722556
1645;1284,9637399591527;106,09114481389943
1646;1284,849720614221;106,09960923310783
1647;1284,7391339576486;106,10800131338347
1648;1284,63197136664;106,11632112415505
1649;1284,5282241158402;106,12456873574372
1650;1284,4278833783085;106,13274421935961
1651;1284,3309402264767;106,14084764709847
1652;1284,2373856330948;106,14887909193814
1653;1284,1472104721697;106,1568386277351
1654;1284,0604055198858;106,16472632922097
1655;1283,9769614555237;106,1725422719991
1656;1283,8968688623675;106,18028653254109
1657;1283,820118228604;106,18795918818319
1658;1283,7466999482172;106,19556031712301
1659;1283,676604321874;106,20308999841586
1660;1283,6098215578054;106,21054831197135
1661;1283,5463417726796;106,2179353385499
1662;1283,4861549924728;106,22525115975922
1663;1283,4292511533301;106,23249585805075
1664;1283,3756201024266;106,2396695167163
1665;1283,3252515988177;106,24677221988442
1666;1283,2781353142884;106,25380405251691
1667;1283,234260834196;106,26076510040537
1668;1283,1936176583088;106,26765545016758
1669;1283,1561952016389;106,27447518924416
1670;1283,1219827952712;106,2812244058948
1671;1283,0909696871872;106,28790318919495
1672;1283,063145043085;106,29451162903217
1673;1283,0384979471933;106,30104981610272
1674;1283,0170174030816;106,30751784190785
1675;1282,998692334466;106,31391579875044
1676;1282,9835115860114;106,32024377973134
1677;1282,9714639241254;106,32650187874592
1678;1282,9625380377522;106,33269019048046
1679;1282,9567225391597;106,33880881040868
1680;1282,9540059647234;106,34485783478807
1681;1282,9543767757023;106,35083736065653
1682;1282,9578233590155;106,3567474858286
1683;1282,964334028011;106,36258830889211
1684;1282,9738970232308;106,36835992920447
1685;1282,9865005131699;106,37406244688921
1686;1283,002132595037;106,37969596283239
1687;1283,0207812955016;106,38526057867904
1688;1283,042434571444;106,39075639682954
1689;1283,0670803106982;106,39618352043622
1690;1283,094706332791;106,40154205339965
1691;1283,1253003896747;106,40683210036505
1692;1283,15885016646;106,41205376671886
1693;1283,1953432821388;106,41720715858509
1694;1283,2347672903077;106,42229238282168
1695;1283,2771096798847;106,4273095470171
1696;1283,3223578758227;106,43225875948666
1697;1283,3704992398166;106,43714012926888
1698;1283,4215210710097;106,44195376612205
1699;1283,4754106066928;106,44669978052059
1700;1283,5321550230008;106,45137828365147
1701;1283,5917414356052;106,4559893874106
1702;1283,6541569004007;106,46053320439935
1703;1283,7193884141907;106,4650098479208
1704;1283,787422915365;106,46941943197638
1705;1283,8582472845767;106,47376207126207
1706;1283,931848345414;106,47803788116498
1707;1284,0082128650674;106,48224697775964
1708;1284,0873275549923;106,48638947780455
1709;1284,16917907157;106,49046549873842
1710;1284,253754016763;106,49447515867678
1711;1284,3410389387673;106,49841857640827
1712;1284,4310203326597;106,50229587139104
1713;1284,5236846410419;106,50610716374925
1714;1284,619018254681;106,50985257426942
1715;1284,7170075131476;106,51353222439685
1716;1284,817638705445;106,51714623623207
1717;1284,920898070642;106,52069473252719
1718;1285,026771798496;106,52417783668238
1719;1285,1352460300755;106,52759567274224
1720;1285,2463068583795;106,53094836539218
1721;1285,3599403289497;106,5342360399549
1722;1285,476132440483;106,53745882238682
1723;1285,594869145439;106,54061683927439
1724;1285,7161363506432;106,54371021783058
1725;1285,8399199178884;106,54673908589125
1726;1285,9662056645313;106,5497035719116
1727;1286,094979364087;106,55260380496262
1728;1286,2262267468188;106,55543991472737
1729;1286,3599335003255;106,55821203149756
1730;1286,496085270125;106,56092028616983
1731;1286,6346676602361;106,56356481024224
1732;1286,775666233755;106,56614573581066
1733;1286,9190665134292;106,56866319556521
1734;1287,0648539822307;106,57111732278668
1735;1287,213014083922;106,57350825134284
1736;1287,363532223622;106,5758361156851
1737;1287,5163937683683;106,57810105084468
1738;1287,671584047676;106,58030319242911
1739;1287,8290883540947;106,58244267661881
1740;1287,9888919437606;106,58451964016324
1741;1288,1509800369479;106,58653422037754
1742;1288,3153378186178;106,58848655513886
1743;1288,4819504389595;106,59037678288284
1744;1288,6508030139378;106,59220504259999
1745;1288,8218806258274;106,59397147383211
1746;1288,9951683237543;106,59567621666878
1747;1289,1706511242282;106,59731941174381
1748;1289,3483140116725;106,5989012002315
1749;1289,5281419389576;106,60042172384333
1750;1289,7101198279245;106,60188112482422
1751;1289,8942325699104;106,603279545949
1752;1290,080465026271;106,60461713051889
1753;1290,2688020289002;106,60589402235797
1754;1290,4592283807463;106,60711036580948
1755;1290,6517288563286;106,60826630573243
1756;1290,8462882022486;106,60936198749798
1757;1291,042891137704;106,61039755698586
1758;1291,241194176636;106,61137316058087
1759;1291,441515236895;106,6122889451693
1760;1291,6438389877849;106,61314505813544
1761;1291,8481500697542;106,61394164735798
1762;1292,0544330955477;106,61467886120647
1763;1292,2626726512192;106,61535684853781
1764;1292,4728532970337;106,61597575869273
1765;1292,6849595682834;106,61653574149221
1766;1292,8989759760323;106,617036947234
1767;1293,1148870078107;106,61747952668901
1768;1293,3326771282605;106,61786363109792
1769;1293,5523307797473;106,61818941216748
1770;1293,7738323829465;106,61845702206716
1771;1293,9971663374042;106,61866661342552
1772;1294,2223170220839;106,61881833932674
1773;1294,4492687958948;106,61891235330708
1774;1294,6780059982118;106,6189488093514
1775;1294,9085129493837;106,61892786188966
1776;1295,1407739512367;106,61884966579333
1777;1295,3747732875668;106,61871437637203
1778;1295,6104952246342;106,61852214936988
1779;1295,847924011645;106,61827314096212
1780;1296,0870438812358;106,61796750775154
1781;1296,3278390499534;106,61760540676508
1782;1296,570293718729;106,61718699545023
1783;1296,8143920733546;106,61671243167159
1784;1297,0603804235147;106,61618187370743
1785;1297,3079756200143;106,61559548024623
1786;1297,5571617777593;106,61495341038305
1787;1297,8079230030437;106,61425582361623
1788;1298,0602433931122;106,61350287984386
1789;1298,3141070359143;106,61269473936031
1790;1298,5694980100027;106,61183156285274
1791;1298,826400384552;106,61091351139773
1792;1299,0847982194703;106,60994074645772
1793;1299,3446755655805;106,60891342987765
1794;1299,6060164648648;106,60783172388143
1795;1299,8688049507498;106,60669579106857
1796;1300,1330250484302;106,60550579441072
1797;1300,3986607752186;106,6042618972482
1798;1300,6656961409196;106,60296426328657
1799;1300,9341151482192;106,6016130565933
1800;1301,2039017930897;106,60020844159416
1801;1301,475040065204;106,59875058307001
1802;1301,7475139483577;106,59723964615323
1803;1302,0213074208996;106,59567579632434
1804;1302,296404456166;106,59405919940866
1805;1302,5727890229196;106,59239002157283
1806;1302,8504450857893;106,59066842932137
1807;1303,1293566057166;106,58889458949345
1808;1303,4095075404011;106,58706866925932
1809;1303,6908818447462;106,58519083611705
1810;1303,9734634713088;106,583261257889
1811;1304,2572363707495;106,58128010271868
1812;1304,5421844922805;106,57924753906704
1813;1304,8282917841182;106,57716373570943
1814;1305,115542193933;106,57502886173202
1815;1305,4039196693025;106,5728430865285
1816;1305,6934081581612;106,57060657979676
1817;1305,9838153624144;106,56831951153548
1818;1306,2753066421392;106,56598205204081
1819;1306,5678659745254;106,563594371903
1820;1306,861477332816;106,5611566420031
1821;1307,1561246880667;106,5586690335096
1822;1307,4517920106116;106,5561317178751
1823;1307,7484632712979;106,55354486683298
1824;1308,0461224425494;106,55090865239409
1825;1308,3447534992865;106,54822324684345
1826;1308,6443404197446;106,54548882273687
1827;1308,9448671862085;106,54270555289777
1828;1309,246317785686;106,53987361041371
1829;1309,5486762105284;106,53699316863326
1830;1309,8519264590175;106,53406440116258
1831;1310,1560525359234;106,53108748186222
1832;1310,4610384530345;106,52806258484377
1833;1310,7668682296785;106,52498988446663
1834;1311,0735258932234;106,52186955533479
1835;1311,3809954795715;106,51870177229337
1836;1311,6892610336463;106,51548671042559
1837;1311,9983066098716;106,5122245450494
1838;1312,3081162726485;106,50891545171422
1839;1312,618674096826;106,50555960619768
1840;1312,9299641681728;106,50215718450252
1841;1313,2419705838463;106,49870836285315
1842;1313,554677452858;106,49521331769257
1843;1313,8680688965408;106,4916722256791
1844;1314,1821290490152;106,48808526368316
1845;1314,4968420576556;106,48445260878404
1846;1314,8121920835554;106,48077443826675
1847;1315,1281633019923;106,47705092961871
1848;1315,4447399028954;106,47328226052672
1849;1315,7619060913114;106,46946860887356
1850;1316,0796460878707;106,46561015273502
1851;1316,3979441292552;106,46170707037658
1852;1316,716784468665;106,45775954025022
1853;1317,0361513762887;106,4537677409914
1854;1317,356029139769;106,44973185141575
1855;1317,6764020646747;106,44565205051599
1856;1317,997254474968;106,44152851745875
1857;1318,3185707134776;106,43736143158145
1858;1318,640335142367;106,43315097238913
1859;1318,9625321436074;106,42889731955131
1860;1319,2851461194496;106,42460065289896
1861;1319,6081614928964;106,42026115242123
1862;1319,9315627081758;106,41587899826249
1863;1320,255334231215;106,41145437071907
1864;1320,5794605501158;106,40698745023627
1865;1320,9039261756272;106,40247841740522
1866;1321,228715641625;106,39792745295983
1867;1321,5538135055835;106,3933347377736
1868;1321,8792043490548;106,38870045285668
1869;1322,2048727781453;106,3840247793527
1870;1322,530803423995;106,37930789853574
1871;1322,8569809432533;106,3745499918073
1872;1323,1833900185604;106,3697512406932
1873;1323,5100153590251;106,36491182684053
1874;1323,8368417007061;106,36003193201464
1875;1324,1638538070915;106,35511173809614
1876;1324,49103646958;106,35015142707778
1877;1324,818374507962;106,34515118106151
1878;1325,145852770903;106,34011118225543
1879;1325,4734561364237;106,3350316129708
1880;1325,801169512385;106,329912655619
1881;1326,1289778369692;106,32475449270859
1882;1326,456866079165;106,3195573068423
1883;1326,7848192392505;106,31432128071405
1884;1327,112822349279;106,30904659710595
1885;1327,4408604735613;106,3037334388854
1886;1327,7689187091537;106,29838198900201
1887;1328,0969821863407;106,2929924304848
1888;1328,4250360691221;106,28756494643912
1889;1328,753065555698;106,2820997200438
1890;1329,0810558789553;106,27659693454814
1891;1329,4089923069544;106,27105677326907
1892;1329,7368601434148;106,26547941958813
1893;1330,0646447282024;106,25986505694864
1894;1330,392331437817;106,25421386885277
1895;1330,7199056858772;106,24852603885863
1896;1331,04735292361;106,24280175057733
1897;1331,3746586403358;106,23704118767023
1898;1331,7018083639566;106,23124453384595
1899;1332,0287876614427;106,22541197285746
1900;1332,3555821393206;106,21954368849939
1901;1332,6821774441592;106,21363986460497
1902;1333,0085592630576;106,20770068504338
1903;1333,3347133241311;106,20172633371666
1904;1333,6606253969994;106,19571699455717
1905;1333,9862812932715;106,18967285152452
1906;1334,3116668670343;106,18359408860285
1907;1334,6367680153355;106,177480889798
1908;1334,9615706786733;106,17133343913476
1909;1335,28606084148;106,16515192065391
1910;1335,6102245326078;106,15893651840967
1911;1335,9340478258132;106,15268741646668
1912;1336,2575168402418;106,14640479889735
1913;1336,580617740913;106,14008884977909
1914;1336,9033367392035;106,13373975319148
1915;1337,2256600933295;106,12735769321358
1916;1337,54757410883;106,12094285392115
1917;1337,8690651390496;106,1144954193839
1918;1338,1901195856187;106,10801557366284
1919;1338,5107238989347;106,1015035008074
1920;1338,8308645786417;106,09495938485283
1921;1339,1505281741106;106,0883834098175
1922;1339,469701284918;106,08177575970011
1923;1339,788370561321;106,07513661847705
1924;1340,1065227047382;106,06846617009973
1925;1340,4241444682225;106,06176459849185
1926;1340,7412226569384;106,05503208754672
1927;1341,0577441286346;106,0482688211247
1928;1341,3736957941178;106,0414749830504
1929;1341,6890646177244;106,03465075711017
1930;1342,0038376177913;106,0277963270493
1931;1342,318001867126;106,02091187656954
1932;1342,6315444934746;106,0139975893264
1933;1342,944452679991;106,00705364892647
1934;1343,2567136656992;106,00008023892498
1935;1343,568314745963;105,99307754282303
1936;1343,8792432729454;105,98604574406511
1937;1344,1894866560724;105,97898502603636
1938;1344,4990323624927;105,97189557206022
1939;1344,8078679175378;105,96477756539562
1940;1345,1159809051794;105,95763118923463
1941;1345,4233589684845;105,95045662669972
1942;1345,7299898100703;105,94325406084133
1943;1346,035861192557;105,93602367463527
1944;1346,340960939017;105,92876565098027
1945;1346,645276933427;105,9214801726953
1946;1346,9487971211145;105,91416742251724
1947;1347,2515095092006;105,90682758309825
1948;1347,553402167047;105,89946083700328
1949;1347,8544632266955;105,89206736670764
1950;1348,15468088331;105,88464735459445
1951;1348,4540433956108;105,87720098295222
1952;1348,7525390863132;105,86972843397231
1953;1349,050156342559;105,86222988974657
1954;1349,3468836163484;105,85470553226475
1955;1349,642709424969;105,84715554341223
1956;1349,9376223514232;105,83958010496745
1957;1350,231611044851;105,83197939859953
1958;1350,524664220953;105,8243536058658
1959;1350,8167706624104;105,81670290820952
1960;1351,1079192193022;105,80902748695735
1961;1351,3980988095184;105,801327523317
1962;1351,6872984191739;105,79360319837484
1963;1351,9755071030174;105,78585469309353
1964;1352,2627139848378;105,77808218830964
1965;1352,548908257869;105,77028586473129
1966;1352,834079185191;105,76246590293584
1967;1353,1182161001295;105,75462248336747
1968;1353,401308406651;105,74675578633483
1969;1353,6833455797546;105,73886599200885
1970;1353,9643171658647;105,73095328042032
1971;1354,2442127832164;105,72301783145751
1972;1354,5230221222407;105,71505982486403
1973;1354,8007349459438;105,70707944023638
1974;1355,0773410902873;105,69907685702182
1975;1355,3528304645606;105,69105225451592
1976;1355,6271930517553;105,68300581186045
1977;1355,9004189089312;105,67493770804096
1978;1356,1724981675834;105,66684812188468
1979;1356,4434210340023;105,65873723205821
1980;1356,7131777896338;105,65060521706523
1981;1356,9817587914338;105,64245225524438
1982;1357,2491544722188;105,63427852476694
1983;1357,5153553410155;105,62608420363465
1984;1357,7803519834054;105,61786946967761
1985;1358,0441350618637;105,60963450055192
1986;1358,3066953160999;105,60137947373757
1987;1358,5680235633902;105,5931045665363
1988;1358,8281106989061;105,58480995606942
1989;1359,0869476960438;105,57649581927556
1990;1359,3445256067441;105,56816233290864
1991;1359,600835561813;105,55980967353565
1992;1359,8558687712352;105,55143801753458
1993;1360,1096165244867;105,54304754109216
1994;1360,3620701908403;105,53463842020197
1995;1360,6132212196696;105,5262108306621
1996;1360,863061140749;105,51776494807322
1997;1361,1115815645476;105,50930094783632
1998;1361,3587741825195;105,50081900515087
1999;1361,604630767393;105,49231929501246
2000;1361,8491431734508;105,48380199221101
2001;1362,0923033368108;105,47526727132846
2002;1362,3341032756996;105,46671530673694
2003;1362,574535090721;105,45814627259657
2004;1362,8135909651244;105,44956034285353
2005;1363,0512631650652;105,440957691238
2006;1363,2875440398616;105,43233849126214
2007;1363,5224260222474;105,4237029162181
2008;1363,7559016286193;105,415051139176
2009;1363,987963459284;105,406383332982
2010;1364,2186041986931;105,39769967025624
2011;1364,4478166156816;105,38900032339096
2012;1364,6755935636968;105,38028546454844
2013;1364,9019279810227;105,37155526565911
2014;1365,1268128910033;105,36280989841964
2015;1365,3502414022576;105,35404953429094
2016;1365,5722067088911;105,34527434449622
2017;1365,7927020907052;105,33648450001915
2018;1366,011720913397;105,3276801716019
2019;1366,2292566287583;105,31886152974323
2020;1366,4453027748677;105,31002874469662
2021;1366,659852976279;105,30118198646842
2022;1366,8729009442038;105,2923214248159
2023;1367,0844404766924;105,28344722924544
2024;1367,2944654588032;105,27455956901066
2025;1367,5029698627752;105,26565861311059
2026;1367,709947748189;105,25674453028779
2027;1367,9153932621273;105,24781748902657
2028;1368,1193006393278;105,23887765755111
2029;1368,321664202332;105,22992520382371
2030;1368,5224783616293;105,22096029554292
2031;1368,7217376157957;105,21198310014182
2032;1368,9194365516282;105,20299378478622
2033;1369,1155698442728;105,19399251637279
2034;1369,3101322573482;105,18497946152739
2035;1369,5031186430645;105,1759547866033
2036;1369,6945239423367;105,16691865767946
2037;1369,8843431848927;105,15787124055868
2038;1370,0725714893772;105,14881270076596
2039;1370,2592040634495;105,13974320354676
2040;1370,4442362038747;105,1306629138653
2041;1370,6276632966146;105,12157199640278
2042;1370,8094808169076;105,11247061555578
2043;1370,989684329347;105,10335893543447
2044;1371,1682694879526;105,09423711986102
2045;1371,3452320362383;105,08510533236792
2046;1371,520567807273;105,07596373619623
2047;1371,6942727237379;105,06681249429403
2048;1371,8663427979761;105,05765176931469
2049;1372,0367741320395;105,04848172361532
2050;1372,2055629177296;105,03930251925506
2051;1372,372705436632;105,03011431799354
2052;1372,538198060147;105,02091728128917
2053;1372,702037249513;105,01171157029766
2054;1372,8642195558293;105,00249734587037
2055;1373,0247416200664;104,99327476855265
2056;1373,1836001730765;104,9840439985824
2057;1373,3407920355974;104,97480519588846
2058;1373,4963141182495;104,96555852008899
2059;1373,6501634215308;104,95630413049001
2060;1373,8023370358014;104,94704218608379
2061;1373,9528321412693;104,9377728455474
2062;1374,101646007964;104,92849626724107
2063;1374,24877599571;104,91921260920681
2064;1374,3942195540935;104,90992202916682
2065;1374,537974222422;104,90062468452201
2066;1374,6800376296815;104,89132073235058
2067;1374,8204074944854;104,8820103294064
2068;1374,9590816250206;104,8726936321177
2069;1375,0960579189875;104,8633707965855
2070;1375,2313343635337;104,8540419785822
2071;1375,3649090351832;104,84470733355019
2072;1375,4967800997617;104,83536701660032
2073;1375,6269458123143;104,8260211825105
2074;1375,7554045170175;104,81666998572435
2075;1375,8821546470897;104,80731358034973
2076;1376,0071947246943;104,79795212015733
2077;1376,1305233608348;104,78858575857939
2078;1376,252139255249;104,77921464870815
2079;1376,3720411962963;104,76983894329462
2080;1376,4902280608387;104,7604587947472
2081;1376,6066988141179;104,7510743551302
2082;1376,721452509628;104,74168577616267
2083;1376,8344882889808;104,73229320921695
2084;1376,9458053817666;104,72289680531736
2085;1377,0554031054119;104,71349671513896
2086;1377,1632808650295;104,7040930890061
2087;1377,269438153263;104,69468607689122
2088;1377,373874550131;104,68527582841355
2089;1377,4765897228594;104,67586249283784
2090;1377,5775834257129;104,66644621907294
2091;1377,6768554998212;104,65702715567075
2092;1377,774405873;104,64760545082486
2093;1377,870234559565;104,63818125236925
2094;1377,9643416601427;104,6287547077771
2095;1378,0567273614768;104,61932596415964
2096;1378,1473919362272;104,60989516826479
2097;1378,236335742768;104,60046246647596
2098;1378,3235592249755;104,591028004811
2099;1378,4090629120146;104,58159192892079
2100;1378,4928474181215;104,57215438408822
2101;1378,5749134423772;104,56271551522691
2102;1378,6552617684808;104,5532754668801
2103;1378,7338932645139;104,54383438321945
2104;1378,8108088827041;104,53439240804391
2105;1378,8860096591804;104,5249496847786
2106;1378,9594967137257;104,51550635647357
2107;1379,0312712495243;104,50606256580276
2108;1379,1013345529045;104,49661845506296
2109;1379,1696879930764;104,48717416617248
2110;1379,2363330218657;104,47772984067028
2111;1379,3012711734411;104,46828561971469
2112;1379,3645040640404;104,45884164408245
2113;1379,4260333916886;104,44939805416763
2114;1379,4858609359146;104,43995498998044
2115;1379,543988557459;104,43051259114637
2116;1379,6004181979833;104,42107099690493
2117;1379,6551518797696;104,4116303461088
2118;1379,708191705418;104,40219077722259
2119;1379,7595398575402;104,39275242832208
2120;1379,809198598448;104,38331543709296
2121;1379,8571702698355;104,37387994082998
2122;1379,9034572924622;104,36444607643584
2123;1379,9480621658265;104,35501398042031
2124;1379,9909874678374;104,34558378889915
2125;1380,0322358544818;104,33615563759321
2126;1380,0718100594877;104,32672966182744
2127;1380,1097128939832;104,31730599652994
2128;1380,1459472461506;104,30788477623099
2129;1380,1805160808788;104,29846613506214
2130;1380,2134224394076;104,28905020675526
2131;1380,244669438973;104,27963712464165
2132;1380,2742602724431;104,27022702165108
2133;1380,302198207957;104,26082003031094
2134;1380,328486588551;104,25141628274527
2135;1380,3531288317888;104,24201591067396
2136;1380,376128429384;104,23261904541184
2137;1380,3974889468209;104,22322581786773
2138;1380,4172140229673;104,2138363585437
2139;1380,4353073696889;104,20445079753418
2140;1380,4517727714576;104,19506926452505
2141;1380,4666140849547;104,18569188879285
2142;1380,4798352386747;104,17631879920398
2143;1380,4914402325194;104,16695012421387
2144;1380,5014331373957;104,15758599186604
2145;1380,5098180948034;104,14822652979157
2146;1380,516599316424;104,138871865208
2147;1380,521781083703;104,12952212491874
2148;1380,5253677474325;104,12017743531221
2149;1380,527363727327;104,11083792236116
2150;1380,5277735115958;104,10150371162175
2151;1380,5266016565167;104,09217492823292
2152;1380,5238527860006;104,08285169691564
2153;1380,5195315911574;104,07353414197215
2154;1380,5136428298563;104,06422238728513
2155;1380,5061913262848;104,0549165563172
2156;1380,4971819705015;104,04561677210998
2157;1380,48661971799;104,03632315728359
2158;1380,4745095892079;104,02703583403573
2159;1380,4608566691315;104,0177549241412
2160;1380,4456661068011;104,00848054895114
2161;1380,4289431148588;103,99921282939225
2162;1380,4106929690884;103,98995188596636
2163;1380,3909210079491;103,98069783874955
2164;1380,369632632108;103,97145080739159
2165;1380,346833303969;103,96221091111539
2166;1380,3225285472008;103,95297826871621
2167;1380,2967239462607;103,94375299856111
2168;1380,2694251459156;103,9345352185884
2169;1380,2406378507621;103,92532504630687
2170;1380,2103678247433;103,91612259879538
2171;1380,1786208906626;103,90692799270217
2172;1380,1454029296967;103,89774134424422
2173;1380,1107198809036;103,8885627692068
2174;1380,0745777407333;103,87939238294281
2175;1380,0369825625296;103,87023030037231
2176;1379,9979404560338;103,86107663598186
2177;1379,957457586888;103,85193150382405
2178;1379,915540176131;103,84279501751695
2179;1379,8721944996967;103,83366729024358
2180;1379,8274268879084;103,82454843475139
2181;1379,7812437249709;103,81543856335175
2182;1379,7336514484623;103,80633778791943
2183;1379,6846565488227;103,79724621989217
2184;1379,6342655688406;103,78816397027008
2185;1379,5824851031389;103,77909114961527
2186;1379,5293217976593;103,77002786805133
2187;1379,4747823491412;103,76097423526282
2188;1379,4188735046057;103,7519303604949
2189;1379,3616020608315;103,74289635255285
2190;1379,3029748638328;103,73387231980162
2191;1379,2429988083347;103,72485837016536
2192;1379,1816808372473;103,7158546111271
2193;1379,1190279411376;103,70686114972818
2194;1379,0550471577021;103,69787809256803
2195;1378,9897455712353;103,68890554580356
2196;1378,9231303120982;103,67994361514899
2197;1378,8552085561867;103,67099240587521
2198;1378,785987524396;103,6620520228096
2199;1378,7154744820866;103,65312257033565
2200;1378,6436767385471;103,64420415239245
2201;1378,5706016464587;103,63529687247444
2202;1378,4962566013537;103,62640083363108
2203;1378,4206490410786;103,61751613846644
2204;1378,343786445253;103,60864288913895
2205;1378,2656763347275;103,59978118736096
2206;1378,1863262710428;103,5909311343985
2207;1378,1057438558855;103,58209283107104
2208;1378,0239367305448;103,57326637775097
2209;1377,9409125753684;103,56445187436353
2210;1377,8566791092162;103,5556494203864
2211;1377,7712440889154;103,54685911484945
2212;1377,6846153087133;103,53808105633445
2213;1377,5968005997306;103,52931534297485
2214;1377,5078078294139;103,52056207245545
2215;1377,4176449009874;103,51182134201223
2216;1377,326319752904;103,50309324843204
2217;1377,2338403582971;103,49437788805238
2218;1377,1402147244305;103,48567535676122
2219;1377,04545089215;103,4769857499967
2220;1376,949556935332;103,46830916274693
2221;1376,8525409603342;103,45964568954989
2222;1376,7544111054447;103,45099542449307
2223;1376,6551755403336;103,44235846121339
2224;1376,5548424654999;103,43373489289698
2225;1376,4534201117212;103,42512481227895
2226;1376,3509167395048;103,41652831164336
2227;1376,247340638535;103,40794548282288
2228;1376,1427001271245;103,3993764171988
2229;1376,037003551662;103,39082120570069
2230;1375,930259286063;103,3822799388065
2231;1375,8224757312187;103,3737527065422
2232;1375,7136613144478;103,36523959848176
2233;1375,6038244889446;103,35674070374705
2234;1375,4929737332316;103,34825611100764
2235;1375,3811175506082;103,3397859084808
2236;1375,2682644686042;103,33133018393133
2237;1375,1544230384307;103,32288902467143
2238;1375,0396018344309;103,3144625175607
2239;1374,9238094535351;103,30605074900609
2240;1374,8070545147123;103,29765380496163
2241;1374,6893456584246;103,28927177092864
2242;1374,5706915460817;103,28090473195542
2243;1374,4511008594939;103,27255277263743
2244;1374,3305823003311;103,26421597711699
2245;1374,2091445895771;103,2558944290835
2246;1374,0867964669865;103,24758821177325
2247;1373,9635466905443;103,23929740796942
2248;1373,8394040359224;103,2310221000021
2249;1373,7143772959412;103,22276236974822
2250;1373,5884752800293;103,2145182986317
2251;1373,4617068136856;103,20628996762322
2252;1373,3340807379398;103,19807745724042
2253;1373,2056059088186;103,18988084754781
2254;1373,0762911968077;103,1817002181569
2255;1372,946145486319;103,1735356482261
2256;1372,8151776751565;103,16538721646086
2257;1372,683396673985;103,15725500111365
2258;1372,550811405797;103,14913907998407
2259;1372,4174308053853;103,14103953041885
2260;1372,283263818813;103,13295642931197
2261;1372,1483194028872;103,12488985310463
2262;1372,0126065246313;103,11683987778552
2263;1371,8761341607635;103,10880657889065
2264;1371,7389112971698;103,10079003150366
2265;1371,600946928385;103,09279031025578
2266;1371,4622500570706;103,08480748932602
2267;1371,3228296934974;103,07684164244122
2268;1371,182694855027;103,06889284287618
2269;1371,0418545655953;103,06096116345381
2270;1370,9003178552;103,05304667654522
2271;1370,7580937593868;103,0451494540699
2272;1370,6151913187387;103,03726956749581
2273;1370,4716195783649;103,02940708783956
2274;1370,3273875873958;103,02156208566659
2275;1370,1825043984757;103,01373463109124
2276;1370,0369790672578;103,00592479377706
2277;1369,8908206519015;102,99813264293682
2278;1369,7440382125744;102,99035824733284
2279;1369,5966408109496;102,98260167527704
2280;1369,4486375097115;102,97486299463124
2281;1369,3000373720593;102,96714227280732
2282;1369,1508494612142;102,95943957676741
2283;1369,0010828399277;102,95175497302411
2284;1368,850746569993;102,94408852764074
2285;1368,699849711757;102,93644030623148
2286;1368,5484013236348;102,92881037396167
2287;1368,396410461627;102,92119879554807
2288;1368,243886178838;102,913605635259
2289;1368,090837524997;102,9060309569147
2290;1367,9372735459808;102,8984748238875
2291;1367,7832032833396;102,89093729910206
2292;1367,6286357738243;102,8834184450358
2293;1367,473580048913;102,87591832371896
2294;1367,3180451343478;102,868436996735
2295;1367,162040049665;102,86097452522085
2296;1367,005573807732;102,85353096986724
2297;1366,848655414287;102,84610639091892
2298;1366,6912938674768;102,83870084817502
2299;1366,5334981574038;102,83131440098931
2300;1366,3752772656683;102,8239471082706
2301;1366,2166401649179;102,81659902848294
2302;1366,057595818397;102,80927021964604
2303;1365,8981531794996;102,80196073933553
2304;1365,7383211913238;102,79467064468334
2305;1365,5781087862308;102,78739999237804
2306;1365,4175248854024;102,78014883866518
2307;1365,2565783984053;102,77291723934766
2308;1365,0952782227548;102,76570524978598
2309;1364,9336332434839;102,7585129248988
2310;1364,7716523327113;102,7513403191631
2311;1364,6093443492148;102,74418748661479
2312;1364,4467181380066;102,73705448084881
2313;1364,2837825299107;102,72994135501975
2314;1364,1205463411434;102,72284816184215
2315;1363,9570183728954;102,7157749535909
2316;1363,7932074109192;102,70872178210162
2317;1363,629122225115;102,70168869877111
2318;1363,4647715691233;102,69467575455775
2319;1363,3001641799178;102,68768299998196
2320;1363,1353087774023;102,68071048512651
2321;1362,9702140640093;102,67375825963705
2322;1362,8048887243003;102,66682637272257
2323;1362,6393414245742;102,65991487315573
2324;1362,4735808124708;102,65302380927334
2325;1362,307615516581;102,64615322897693
2326;1362,1414541460633;102,63930317973305
2327;1361,9751052902545;102,63247370857378
2328;1361,8085775182922;102,6256648620973
2329;1361,6418793787338;102,61887668646816
2330;1361,475019399181;102,61210922741797
2331;1361,3080060859072;102,60536253024574
2332;1361,1408479234874;102,59863663981844
2333;1360,97355337443;102,5919316005714
2334;1360,8061308788126;102,58524745650898
2335;1360,638588853922;102,57858425120492
2336;1360,470935693894;102,57194202780286
2337;1360,3031797693575;102,56532082901694
2338;1360,1353294270828;102,55872069713227
2339;1359,9673929896308;102,55214167400543
2340;1359,7993787550063;102,54558380106505
2341;1359,6312949963144;102,53904711931227
2342;1359,4631499614193;102,53253166932137
2343;1359,2949518726055;102,52603749124026
2344;1359,1267089262449;102,51956462479103
2345;1358,9584292924606;102,51311310927048
2346;1358,7901211148026;102,50668298355079
2347;1358,6217925099181;102,50027428607989
2348;1358,4534515672294;102,4938870548822
2349;1358,2851063486148;102,48752132755916
2350;1358,1167648880898;102,48117714128976
2351;1357,9484351914946;102,47485453283115
2352;1357,780125236181;102,4685535385192
2353;1357,6118429707067;102,46227419426918
2354;1357,4435963145277;102,45601653557627
2355;1357,2753931576995;102,44978059751615
2356;1357,1072413605746;102,44356641474569
2357;1356,9391487535086;102,43737402150347
2358;1356,7711231365674;102,43120345161049
2359;1356,6031722792363;102,42505473847065
2360;1356,4353039201346;102,41892791507156
2361;1356,26752576673;102,41282301398499
2362;1356,0998454950607;102,40674006736761
2363;1355,9322707494541;102,4006791069616
2364;1355,764809142256;102,39464016409529
2365;1355,5974682535561;102,3886232696838
2366;1355,4302556309215;102,38262845422972
2367;1355,2631787891298;102,37665574782368
2368;1355,096245209909;102,37070518014512
2369;1354,9294623416756;102,36477678046292
2370;1354,7628375992806;102,35887057763603
2371;1354,596378363755;102,35298660011416
2372;1354,430091982061;102,34712487593848
2373;1354,2639857668441;102,34128543274228
2374;1354,0980669961891;102,33546829775166
2375;1353,9323429133801;102,32967349778619
2376;1353,7668207266613;102,3239010592597
2377;1353,6015076090043;102,31815100818086
2378;1353,4364106978749;102,31242337015397
2379;1353,2715370950045;102,30671817037957
2380;1353,1068938661658;102,30103543365527
2381;1352,9424880409488;102,29537518437638
2382;1352,7783266125427;102,2897374465367
2383;1352,6144165375183;102,28412224372912
2384;1352,4507647356158;102,27852959914647
2385;1352,2873780895331;102,27295953558222
2386;1352,1242634447206;102,26741207543114
2387;1351,961427609174;102,26188724069019
2388;1351,7988773532365;102,25638505295906
2389;1351,6366194093973;102,25090553344116
2390;1351,4746604720992;102,24544870294413
2391;1351,3130071975454;102,24001458188071
2392;1351,1516662035092;102,2346031902696
2393;1350,9906440691495;102,22921454773599
2394;1350,8299473348272;102,2238486735125
2395;1350,6695825019249;102,21850558643993
2396;1350,5095560326697;102,21318530496792
2397;1350,3498743499595;102,20788784715593
2398;1350,190543837191;102,2026132306738
2399;1350,0315708380917;102,19736147280268
2400;1349,872961656556;102,19213259043578
2401;1349,7147225564813;102,18692660007915
2402;1349,5568597616088;102,18174351785247
2403;1349,3993794553683;102,17658335948988
2404;1349,2422877807232;102,17144614034078
2405;1349,085590840021;102,16633187537057
2406;1348,9292946948458;102,1612405791616
2407;1348,7734053658726;102,15617226591382
2408;1348,6179288327264;102,15112694944571
2409;1348,4628710338438;102,14610464319507
2410;1348,308237866335;102,14110536021981
2411;1348,154035185853;102,13612911319882
2412;1348,0002688064617;102,13117591443282
2413;1347,8469445005094;102,12624577584512
2414;1347,6940679985048;102,12133870898252
2415;1347,5416449889938;102,11645472501615
2416;1347,3896811184406;102,11159383474225
2417;1347,2381819911147;102,10675604858311
2418;1347,087153168974;102,10194137658786
2419;1346,9366001715562;102,09714982843336
2420;1346,7865284758714;102,09238141342499
2421;1346,6369435162962;102,08763614049761
2422;1346,4878506844736;102,08291401821636
2423;1346,339255329211;102,0782150547775
2424;1346,191162756387;102,07353925800942
2425;1346,0435782288546;102,06888663537333
2426;1345,8965069663518;102,06425719396424
2427;1345,749954145413;102,05965094051183
2428;1345,6039248992845;102,05506788138136
2429;1345,458424317839;102,05050802257446
2430;1345,313457447498;102,04597136973015
2431;1345,169029291153;102,04145792812561
2432;1345,0251448080915;102,03696770267716
2433;1344,8818089139234;102,03250069794109
2434;1344,7390264805138;102,02805691811467
2435;1344,596802335914;102,0236363670369
2436;1344,4551412642975;102,01923904818956
2437;1344,3140480059005;102,01486496469805
2438;1344,17352725696;102,01051411933229
2439;1344,0335836696586;102,00618651450766
2440;1343,8942218520706;102,00188215228594
2441;1343,755446368111;101,99760103437625
2442;1343,617261737486;101,99334316213582
2443;1343,479672435648;101,9891085365711
2444;1343,3426828937497;101,98489715833863
2445;1343,2062974986056;101,98070902774595
2446;1343,0705205926515;101,97654414475251
2447;1342,9353564739074;101,97240250897069
2448;1342,8008093959468;101,9682841196667
2449;1342,6668835678627;101,96418897576146
2450;1342,5335831542398;101,96011707583166
2451;1342,4009122751286;101,95606841811065
2452;1342,26887500602;101,95204300048937
2453;1342,1374753778246;101,94804082051729
2454;1342,0067173768543;101,9440618754035
2455;1341,8766049448031;101,94010616201749
2456;1341,7471419787353;101,9361736768902
2457;1341,6183323310725;101,93226441621503
2458;1341,4901798095832;101,92837837584868
2459;1341,3626881773746;101,92451555131223
2460;1341,23586115289;101,92067593779207
2461;1341,1097024099045;101,91685953014081
2462;1340,9842155775239;101,91306632287845
2463;1340,8594042401876;101,90929631019308
2464;1340,7352719376718;101,90554948594213
2465;1340,6118221650959;101,9018258436531
2466;1340,4890583729307;101,89812537652482
2467;1340,36698396701;101,89444807742814
2468;1340,2456023085415;101,89079393890717
2469;1340,1249167141248;101,88716295318015
2470;1340,0049304557656;101,88355511214046
2471;1339,8856467608975;101,87997040735759
2472;1339,7670688124;101,8764088300782
2473;1339,649199748627;101,8728703712271
2474;1339,5320426634291;101,8693550214082
2475;1339,4156006061814;101,86586277090557
2476;1339,2998765818154;101,86239360968445
2477;1339,1848735508495;101,8589475273922
2478;1339,0705944294225;101,8555245133594
2479;1338,9570420893317;101,85212455660077
2480;1338,8442193580695;101,84874764581623
2481;1338,7321290188636;101,84539376939192
2482;1338,6207738107184;101,84206291540123
2483;1338,5101564284626;101,83875507160577
2484;1338,4002795227889;101,83547022545645
2485;1338,2911457003086;101,83220836409444
2486;1338,1827575235973;101,82896947435228
2487;1338,0751175112482;101,82575354275482
2488;1337,9682281379257;101,8225605555203
2489;1337,8620918344204;101,81939049856139
2490;1337,7567109877075;101,8162433574862
2491;1337,6520879410064;101,81311911759931
2492;1337,5482249938402;101,81001776390285
2493;1337,4451244021009;101,80693928109741
2494;1337,3427883781128;101,80388365358328
2495;1337,2412190906998;101,80085086546136
2496;1337,140418665253;101,79784090053421
2497;1337,040389183802;101,79485374230713
2498;1336,9411326850868;101,79188937398916
2499;1336,8426511646305;101,78894777849423
2500;1336,744946574816;101,78602893844207
2501;1336,6480208249623;101,78313283615937
2502;1336,5518757814036;101,7802594536808
2503;1336,45651326757;101,77740877275004
2504;1336,3619350640702;101,77458077482086
2505;1336,2681429087736;101,77177544105818
2506;1336,1751384968982;101,76899275233913
2507;1336,0829234810953;101,76623268925408
2508;1335,9914994715418;101,76349523210776
2509;1335,9008680360262;101,76078036092024
2510;1335,811030700043;101,7580880554281
2511;1335,721988946886;101,75541829508539
2512;1335,633744217744;101,75277105906478
2513;1335,546297911795;101,75014632625862
2514;1335,4596513863066;101,74754407527989
2515;1335,3738059567363;101,74496428446345
2516;1335,288762896829;101,74240693186702
2517;1335,204523438723;101,73987199527224
2518;1335,1210887730535;101,73735945218579
2519;1335,038460049057;101,73486927984042
2520;1334,9566383746785;101,73240145519608
2521;1334,8756248166808;101,72995595494098
2522;1334,795420400754;101,72753275549259
2523;1334,7160261116253;101,72513183299888
2524;1334,637442893174;101,72275316333929
2525;1334,5596716485436;101,72039672212578
2526;1334,4827132402584;101,71806248470406
2527;1334,406568490338;101,71575042615454
2528;1334,3312381804187;101,71346052129347
2529;1334,256723051869;101,711192744674
2530;1334,1830238059135;101,70894707058731
2531;1334,110141103753;101,7067234730637
2532;1334,038075566687;101,70452192587365
2533;1333,96682777624;101,70234240252886
2534;1333,896398274286;101,7001848762835
2535;1333,8267875631755;101,69804932013511
2536;1333,757996105864;101,69593570682589
2537;1333,6900243260409;101,69384400884361
2538;1333,6228726082602;101,69177419842285
2539;1333,5565412980716;101,68972624754598
2540;1333,4910307021544;101,68770012794435
2541;1333,4263410884503;101,68569581109938
2542;1333,3624726863;101,68371326824354
2543;1333,2994256865777;101,68175247036166
2544;1333,2372002418304;101,67981338819182
2545;1333,1757964664139;101,67789599222658
2546;1333,1152144366347;101,67600025271406
2547;1333,0554541908898;101,67412613965898
2548;1332,996515729808;101,67227362282388
2549;1332,9383990163924;101,67044267173007
2550;1332,8811039761654;101,66863325565889
2551;1332,8246304973122;101,66684534365272
2552;1332,7689784308275;101,66507890451608
2553;1332,7141475906615;101,66333390681682
2554;1332,6601377538684;101,66161031888714
2555;1332,606948660755;101,65990810882474
2556;1332,55458001503;101,6582272444939
2557;1332,5030314839548;101,65656769352665
2558;1332,452302698495;101,6549294233238
2559;1332,4023932534735;101,65331240105607
2560;1332,3533027077233;101,65171659366527
2561;1332,3050305842419;101,65014196786531
2562;1332,2575763703462;101,64858849014337
2563;1332,2109395178297;101,64705612676099
2564;1332,1651194431188;101,64554484375522
2565;1332,1201155274296;101,64405460693963
2566;1332,0759271169281;101,64258538190559
2567;1332,032553522889;101,6411371340232
2568;1331,9899940218559;101,63970982844252
2569;1331,9482478558023;101,63830343009464
2570;1331,907314232293;101,63691790369285
2571;1331,8671923246488;101,63555321373366
2572;1331,827881272107;101,63420932449793
2573;1331,7893801799885;101,63288620005211
2574;1331,7516881198596;101,63158380424919
2575;1331,714804129701;101,63030210072989
2576;1331,678727214071;101,6290410529238
2577;1331,6434563442756;101,62780062405042
2578;1331,6089904585333;101,62658077712035
2579;1331,5753284621467;101,62538147493638
2580;1331,5424692276683;101,62420268009456
2581;1331,510411595074;101,6230443549854
2582;1331,4791543719311;101,6219064617949
2583;1331,4486963335694;101,62078896250571
2584;1331,4190362232544;101,61969181889829
2585;1331,3901727523587;101,6186149925519
2586;1331,3621046005362;101,61755844484583
2587;1331,3348304158947;101,61652213696048
2588;1331,3083488151688;101,61550602987845
2589;1331,2826583838987;101,61451008438569
2590;1331,2577576766014;101,6135342610726
2591;1331,2336452169495;101,61257852033515
2592;1331,210319497947;101,61164282237601
2593;1331,1877789821056;101,61072712720558
2594;1331,1660221016225;101,60983139464324
2595;1331,14504725856;101,60895558431838
2596;1331,1248528250228;101,6080996556715
2597;1331,105437143337;101,6072635679554
2598;1331,0867985262303;101,60644728023622
2599;1331,0689352570128;101,60565075139458
2600;1331,0518455897559;101,60487394012671
2601;1331,035527749476;101,60411680494555
2602;1331,0199799323136;101,60337930418184
2603;1331,0052003057162;101,6026613959853
2604;1330,9911870086207;101,60196303832566
2605;1330,9779381516373;101,60128418899383
2606;1330,9654518172313;101,60062480560299
2607;1330,9537260599075;101,59998484558967
2608;1330,942758906395;101,59936426621496
2609;1330,9325483558312;101,59876302456553
2610;1330,9230923799462;101,59818107755471
2611;1330,9143889232475;101,59761838192375
2612;1330,906435903209;101,5970748942428
2613;1330,8992312104533;101,59655057091199
2614;1330,8927727089397;101,59604536816275
2615;1330,8870582361515;101,59555924205861
2616;1330,8820856032817;101,5950921484966
2617;1330,8778525954217;101,59464404320818
2618;1330,8743569717483;101,59421488176035
2619;1330,8715964657115;101,59380461955688
2620;1330,869568785224;101,59341321183928
2621;1330,868271612848;101,59304061368799
2622;1330,8677026059863;101,59268678002344
2623;1330,8678593970699;101,59235166560723
2624;1330,868739593748;101,59203522504308
2625;1330,8703407790777;101,5917374127781
2626;1330,872660511714;101,59145818310378
2627;1330,8756963261005;101,59119749015716
2628;1330,8794457326585;101,59095528792187
2629;1330,883906217979;101,59073153022932
2630;1330,8890752450138;101,59052617075967
2631;1330,8949502532664;101,59033916304303
2632;1330,9015286589815;101,59017046046058
2633;1330,9088078553395;101,59002001624555
2634;1330,9167852126468;101,58988778348439
2635;1330,9254580785268;101,58977371511787
2636;1330,9348237781146;101,5896777639422
2637;1330,944879614247;101,58959988261005
2638;1330,9556228676552;101,5895400236317
2639;1330,9670507971591;101,58949813937606
2640;1330,9791606398578;101,58947418207192
2641;1330,9919496113243;101,58946810380887
2642;1331,005414905798;101,58947985653843
2643;1331,019553696377;101,58950939207526
2644;1331,0343631352127;101,58955666209808
2645;1331,0498403537026;101,58962161815086
2646;1331,065982462684;101,58970421164388
2647;1331,0827865526278;101,58980439385479
2648;1331,1002496938304;101,5899221159298
2649;1331,118368936611;101,59005732888457
2650;1331,137141311502;101,5902099836055
2651;1331,156563829446;101,59038003085068
2652;1331,1766334819874;101,59056742125101
2653;1331,1973472414675;101,59077210531129
2654;1331,218702061219;101,59099403341129
2655;1331,2406948757598;101,5912331558068
2656;1331,2633226009857;101,59148942263079
2657;1331,2865821343685;101,59176278389435
2658;1331,3104703551476;101,59205318948793
2659;1331,3349841245235;101,59236058918225
2660;1331,360120285855;101,59268493262951
2661;1331,385875664851;101,59302616936432
2662;1331,4122470697662;101,59338424880497
2663;1331,4392312915952;101,59375912025428
2664;1331,4668251042672;101,5941507329008
2665;1331,4950252648393;101,59455903581984
2666;1331,5238285136925;101,59498397797456
2667;1331,5532315747241;101,59542550821699
2668;1331,5832311555441;101,59588357528914
2669;1331,6138239476675;101,59635812782402
2670;1331,6450066267093;101,5968491143467
2671;1331,676775852579;101,59735648327542
2672;1331,7091282696747;101,59788018292265
2673;1331,7420605070758;101,59842016149602
2674;1331,775569178739;101,59897636709958
2675;1331,809650883691;101,59954874773463
2676;1331,844302206222;101,60013725130099
2677;1331,8795197160814;101,60074182559788
2678;1331,9152999686687;101,60136241832508
2679;1331,9516395052297;101,6019989770839
2680;1331,9885348530477;101,6026514493783
2681;1332,0259825256383;101,60331978261588
2682;1332,063979022943;101,60400392410897
2683;1332,1025208315207;101,60470382107562
2684;1332,1416044247421;101,60541942064069
2685;1332,1812262629826;101,60615066983686
2686;1332,2213827938144;101,60689751560572
2687;1332,2620704521992;101,60765990479872
2688;1332,3032856606817;101,60843778417829
2689;1332,34502482958;101,60923110041885
2690;1332,3872843571805;101,61003980010777
2691;1332,430060629927;101,61086382974655
2692;1332,4733500226153;101,61170313575172
2693;1332,517148898583;101,61255766445592
2694;1332,5614536099015;101,61342736210895
2695;1332,6062604975684;101,61431217487875
2696;1332,6515658916976;101,61521204885243
2697;1332,6973661117102;101,61612693003731
2698;1332,743657466526;101,61705676436199
2699;1332,7904362547545;101,61800149767724
2700;1332,8376987648835;101,61896107575717
2701;1332,8854412754713;101,6199354443001
2702;1332,9336600553356;101,62092454892971
2703;1332,9823513637439;101,62192833519596
2704;1333,0315114506016;101,62294674857614
2705;1333,081136556643;101,62397973447587
2706;1333,1312229136204;101,6250272382301
2707;1333,1817667444918;101,62608920510417
2708;1333,2327642636108;101,62716558029473
2709;1333,2842116769136;101,62825630893076
2710;1333,3361051821078;101,62936133607468
2711;1333,3884409688608;101,63048060672321
2712;1333,441215218987;101,63161406580845
2713;1333,4944241066341;101,63276165819882
2714;1333,5480637984722;101,63392332870012
2715;1333,6021304538795;101,6350990220565
2716;1333,6566202251283;101,63628868295137
2717;1333,7115292575725;101,63749225600857
2718;1333,7668536898316;101,63870968579316
2719;1333,8225896539798;101,63994091681255
2720;1333,8787332757272;101,64118589351737
2721;1333,9352806746083;101,64244456030261
2722;1333,9922279641644;101,64371686150838
2723;1334,0495712521292;101,6450027414211
2724;1334,107306640613;101,64630214427434
2725;1334,165430226286;101,64761501424987
2726;1334,2239381005627;101,64894129547862
2727;1334,2828263497836;101,6502809320416
2728;1334,3420910553987;101,65163386797093
2729;1334,4017282941506;101,65300004725076
2730;1334,4617341382564;101,65437941381829
2731;1334,522104655589;101,65577191156471
2732;1334,582835909858;101,65717748433612
2733;1334,6439239607928;101,65859607593457
2734;1334,7053648643214;101,66002763011892
2735;1334,7671546727515;101,66147209060587
2736;1334,8292894349509;101,66292940107095
2737;1334,8917651965262;101,66439950514936
2738;1334,954578000003;101,665882346437
2739;1335,0177238850038;101,66737786849134
2740;1335,0811988884268;101,66888601483252
2741;1335,1449990446251;101,6704067289441
2742;1335,2091203855828;101,67193995427421
2743;1335,273558941093;101,67348563423623
2744;1335,3383107389345;101,67504371221003
2745;1335,4033718050482;101,67661413154264
2746;1335,468738163714;101,67819683554934
2747;1335,5344058377248;101,67979176751459
2748;1335,6003708485641;101,68139887069285
2749;1335,6666292165778;101,68301808830961
2750;1335,7331769611512;101,68464936356233
2751;1335,8000101008813;101,68629263962121
2752;1335,867124653751;101,68794785963034
2753;1335,9345166373027;101,68961496670842
2754;1336,0021820688091;101,69129390394978
2755;1336,0701169654465;101,69298461442528
2756;1336,138317344467;101,69468704118323
2757;1336,2067792233693;101,69640112725023
2758;1336,2754986200684;101,69812681563225
2759;1336,3444715530677;101,69986404931528
2760;1336,413694041627;101,70161277126651
2761;1336,4831621059338;101,70337292443504
2762;1336,5528717672707;101,70514445175283
2763;1336,6228190481838;101,70692729613565
2764;1336,6929999726508;101,7087214004839
2765;1336,7634105662491;101,7105267076836
2766;1336,8340468563224;101,71234316060716
2767;1336,9049048721458;101,71417070211439
2768;1336,9759806450934;101,71600927505325
2769;1337,047270208803;101,71785882226095
2770;1337,1187695993406;101,71971928656453
2771;1337,1904748553645;101,72159061078207
2772;1337,262382018291;101,72347273772331
2773;1337,3344871324546;101,72536561019066
2774;1337,4067862452735;101,72726917098004
2775;1337,4792754074101;101,72918336288174
2776;1337,5519506729336;101,73110812868131
2777;1337,6248080994815;101,73304341116042
2778;1337,6978437484179;101,73498915309771
2779;1337,771053684996;101,73694529726971
2780;1337,8444339785167;101,73891178645158
2781;1337,917980702487;101,74088856341811
2782;1337,991689934779;101,74287557094449
2783;1338,0655577577877;101,74487275180718
2784;1338,1395802585866;101,74688004878477
2785;1338,213753529087;101,74889740465885
2786;1338,2880736661914;101,75092476221478
2787;1338,3625367719512;101,75296206424258
2788;1338,4371389537193;101,75500925353789
2789;1338,511876324306;101,75706627290256
2790;1338,5867450021326;101,75913306514569
2791;1338,6617411113834;101,76120957308441
2792;1338,7368607821584;101,76329573954465
2793;1338,812100150626;101,76539150736207
2794;1338,887455359173;101,76749681938283
2795;1338,9629225565564;101,76961161846442
2796;1339,038497898053;101,77173584747648
2797;1339,1141775456076;101,77386944930163
2798;1339,189957667983;101,77601236683627
2799;1339,2658344409074;101,77816454299148
2800;1339,3418040472222;101,78032592069368
2801;1339,4178626770292;101,7824964428856
2802;1339,4940065278354;101,78467605252695
2803;1339,5702318046995;101,78686469259534
2804;1339,6465347203766;101,789062306087
2805;1339,722911495462;101,79126883601764
2806;1339,799358358535;101,79348422542324
2807;1339,8758715463018;101,79570841736076
2808;1339,9524473037375;101,7979413549091
2809;1340,029081884227;101,80018298116971
2810;1340,1057715497077;101,80243323926753
2811;1340,1825125708067;101,80469207235166
2812;1340,259301226983;101,80695942359623
2813;1340,3361338066654;101,80923523620116
2814;1340,413006607389;101,81151945339286
2815;1340,4899159359343;101,81381201842517
2816;1340,566858108463;101,81611287457991
2817;1340,643829450655;101,81842196516791
2818;1340,720826297842;101,82073923352957
2819;1340,7978449951436;101,82306462303569
2820;1340,8748818976003;101,8253980770883
2821;1340,9519333703054;101,82773953912134
2822;1341,0289957885393;101,83008895260144
2823;1341,1060655379015;101,83244626102868
2824;1341,1831390144387;101,83481140793741
2825;1341,260212624777;101,83718433689685
2826;1341,3372827862513;101,83956499151198
2827;1341,414345927033;101,8419533154242
2828;1341,4913984862585;101,84434925231217
2829;1341,5684369141554;101,8467527458924
2830;1341,6454576721721;101,84916373992014
2831;1341,7224572330988;101,85158217819006
2832;1341,7994320811956;101,85400800453691
2833;1341,8763787123144;101,85644116283639
2834;1341,9532936340254;101,85888159700572
2835;1342,0301733657368;101,86132925100456
2836;1342,1070144388163;101,86378406883557
2837;1342,183813396715;101,86624599454512
2838;1342,2605667950852;101,8687149722242
2839;1342,3372712019009;101,87119094600888
2840;1342,413923197575;101,87367386008127
2841;1342,4905193750792;101,87616365866998
2842;1342,5670563400597;101,87866028605109
2843;1342,6435307109534;101,88116368654863
2844;1342,7199391191039;101,8836738045354
2845;1342,7962782088755;101,88619058443366
2846;1342,8725446377673;101,8887139707158
2847;1342,9487350765276;101,89124390790502
2848;1343,0248462092636;101,8937803405761
2849;1343,100874733554;101,89632321335597
2850;1343,176817360559;101,89887247092452
2851;1343,2526708151306;101,90142805801521
2852;1343,328431835922;101,90398991941579
2853;1343,4040971754937;101,90655799996887
2854;1343,4796636004226;101,90913224457277
2855;1343,5551278914072;101,91171259818209
2856;1343,6304868433735;101,91429900580836
2857;1343,7057372655804;101,91689141252078
2858;1343,7808759817215;101,91948976344682
2859;1343,8558998300293;101,92209400377295
2860;1343,9308056633788;101,92470407874522
2861;1344,0055903493849;101,92731993366999
2862;1344,0802507705064;101,92994151391453
2863;1344,1547838241443;101,9325687649077
2864;1344,2291864227395;101,93520163214062
2865;1344,3034554938718;101,93784006116724
2866;1344,3775879803559;101,94048399760509
2867;1344,451580840338;101,94313338713584
2868;1344,525431047391;101,94578817550598
2869;1344,5991355906074;101,94844830852742
2870;1344,6726914746941;101,95111373207811
2871;1344,746095720065;101,9537843921028
2872;1344,8193453629315;101,95646023461353
2873;1344,8924374553937;101,95914120569023
2874;1344,9653690655302;101,9618272514815
2875;1345,038137277487;101,96451831820507
2876;1345,1107391915655;101,96721435214856
2877;1345,1831719243091;101,96991529966996
2878;1345,2554326085892;101,97262110719835
2879;1345,3275183936921;101,9753317212344
2880;1345,399426445402;101,97804708835108
2881;1345,4711539460839;101,98076715519421
2882;1345,5426980947677;101,98349186848306
2883;1345,6140561072289;101,98622117501098
2884;1345,6852252160681;101,98895502164599
2885;1345,7562026707938;101,9916933553313
2886;1345,826985737898;101,99443612308599
2887;1345,897571700936;101,99718327200556
2888;1345,9679578606028;101,99993474926255
2889;1346,0381415348097;102,00269050210703
2890;1346,1081200587573;102,00545047786727
2891;1346,1778907850126;102,00821462395031
2892;1346,2474510835814;102,01098288784247
2893;1346,316798341978;102,01375521710997
2894;1346,3859299653006;102,0165315593995
2895;1346,4548433762986;102,01931186243873
2896;1346,5235360154431;102,022096074037
2897;1346,592005340996;102,02488414208568
2898;1346,6602488290757;102,02767601455898
2899;1346,7282639737266;102,03047163951423
2900;1346,7960482869823;102,03327096509268
2901;1346,8635992989316;102,03607393951987
2902;1346,930914557781;102,03888051110623
2903;1346,997991629919;102,04169062824771
2904;1347,0648280999767;102,0445042394262
2905;1347,1314215708892;102,0473212932101
2906;1347,1977696639558;102,05014173825494
2907;1347,2638700188984;102,05296552330373
2908;1347,329720293919;102,05579259718772
2909;1347,3953181657587;102,05862290882675
2910;1347,460661329751;102,06145640722983
2911;1347,525747499879;102,06429304149567
2912;1347,5905744088288;102,06713276081324
2913;1347,6551398080423;102,06997551446219
2914;1347,7194414677706;102,07282125181338
2915;1347,7834771771222;102,07566992232954
2916;1347,847244744117;102,07852147556555
2917;1347,9107419957338;102,08137586116912
2918;1347,9739667779575;102,0842330288812
2919;1348,0369169558285;102,08709292853652
2920;1348,0995904134882;102,08995551006409
2921;1348,1619850542227;102,09282072348762
2922;1348,2240988005094;102,09568851892617
2923;1348,2859295940602;102,09855884659444
2924;1348,347475395862;102,10143165680343
2925;1348,4087341862198;102,1043068999608
2926;1348,4697039647972;102,10718452657143
2927;1348,5303827506546;102,11006448723784
2928;1348,5907685822895;102,11294673266072
2929;1348,6508595176717;102,11583121363932
2930;1348,710653634282;102,11871788107206
2931;1348,770149029146;102,12160668595683
2932;1348,82934381887;102,12449757939156
2933;1348,8882361396736;102,12739051257469
2934;1348,9468241474224;102,13028543680551
2935;1349,0051060176606;102,13318230348477
2936;1349,0630799456403;102,13608106411503
2937;1349,1207441463512;102,13898167030116
2938;1349,1780968545513;102,14188407375077
2939;1349,2351363247917;102,14478822627463
2940;1349,2918608314449;102,14769407978712
2941;1349,3482686687294;102,15060158630673
2942;1349,404358150737;102,15351069795643
2943;1349,4601276114527;102,15642136696412
2944;1349,5155754047814;102,15933354566312
2945;1349,5706999045656;102,16224718649242
2946;1349,6254995046104;102,16516224199732
2947;1349,6799726186996;102,1680786648298
2948;1349,7341176806167;102,1709964077488
2949;1349,7879331441634;102,17391542362078
2950;1349,8414174831732;102,17683566542016
2951;1349,8945691915305;102,17975708622954
2952;1349,947386783185;102,18267963924035
2953;1349,999868792164;102,18560327775307
2954;1350,0520137725869;102,18852795517775
2955;1350,103820298677;102,1914536250343
2956;1350,1552869647714;102,19438024095307
2957;1350,2064123853322;102,197307756675
2958;1350,2571951949558;102,20023612605222
2959;1350,3076340483794;102,20316530304837
2960;1350,3577276204906;102,20609524173891
2961;1350,4074746063309;102,20902589631166
2962;1350,4568737211027;102,21195722106707
2963;1350,5059237001733;102,21488917041854
2964;1350,5546232990775;102,21782169889303
2965;1350,6029712935206;102,22075476113118
2966;1350,6509664793791;102,22368831188783
2967;1350,6986076727019;102,22662230603233
2968;1350,7458937097094;102,22955669854892
2969;1350,792823446791;102,23249144453712
2970;1350,8393957605044;102,23542649921202
2971;1350,885609547571;102,23836181790476
2972;1350,9314637248717;102,2412973560627
2973;1350,9769572294426;102,24423306924997
2974;1351,022089018466;102,24716891314768
2975;1351,066858069267;102,25010484355433
2976;1351,1112633793023;102,25304081638616
2977;1351,155303966152;102,25597678767744
2978;1351,19897886751;102,25891271358086
2979;1351,2422871411734;102,26184855036784
2980;1351,285227865029;102,26478425442886
2981;1351,3278001370422;102,26771978227383
2982;1351,370003075242;102,27065509053234
2983;1351,4118358177068;102,2735901359541
2984;1351,4532975225488;102,27652487540914
2985;1351,4943873678972;102,27945926588822
2986;1351,5351045518817;102,28239326450311
2987;1351,575448292613;102,28532682848689
2988;1351,615417828163;102,28825991519427
2989;1351,6550124165467;102,29119248210195
2990;1351,694231335699;102,29412448680893
2991;1351,733073883454;102,29705588703662
2992;1351,7715393775215;102,29998664062946
2993;1351,8096271554632;102,30291670555494
2994;1351,8473365746681;102,30584603990403
2995;1351,8846670123276;102,3087746018915
2996;1351,9216178654065;102,31170234985615
2997;1351,9581885506188;102,31462924226105
2998;1351,994378504397;102,31755523769394
2999;1352,0301871828647;102,32048029486745
3000;1352,0656140618057;102,32340437261941
3001;1352,1006586366323;102,32632742991304
3002;1352,135320422355;102,32924942583736
3003;1352,169598953549;102,33217031960739
3004;1352,2034937843205;102,33509007056438
3005;1352,2370044882723;102,33800863817618
3006;1352,2701306584702;102,34092598203738
3007;1352,3028719074043;102,3438420618697
3008;1352,335227866954;102,34675683752212
3009;1352,3671981883488;102,34967026897132
3010;1352,3987825421307;102,35258231632173
3011;1352,4299806181139;102,35549293980587
3012;1352,460792125346;102,35840209978466
3013;1352,4912167920643;102,3613097567475
3014;1352,521254365655;102,36421587131275
3015;1352,5509046126128;102,36712040422775
3016;1352,5801673184926;102,3700233163692
3017;1352,6090422878683;102,37292456874333
3018;1352,6375293442868;102,37582412248615
3019;1352,6656283302207;102,37872193886366
3020;1352,6933391070243;102,38161797927215
3021;1352,7206615548826;102,38451220523832
3022;1352,747595572765;102,38740457841962
3023;1352,7741410783747;102,39029506060439
3024;1352,8002980080992;102,39318361371203
3025;1352,8260663169594;102,39607019979337
3026;1352,851445978558;102,39895478103077
3027;1352,8764369850269;102,40183731973836
3028;1352,901039346974;102,40471777836224
3029;1352,9252530934298;102,40759611948069
3030;1352,949078271792;102,4104723058044
3031;1352,9725149477697;102,41334630017658
3032;1352,995563205328;102,41621806557329
3033;1353,0182231466304;102,41908756510357
3034;1353,0404948919813;102,42195476200956
3035;1353,062378579768;102,42481961966686
3036;1353,0838743664006;102,42768210158454
3037;1353,1049824262525;102,43054217140542
3038;1353,1257029515994;102,43339979290629
3039;1353,146036152558;102,43625492999797
3040;1353,1659822570248;102,43910754672562
3041;1353,185541510612;102,4419576072688
3042;1353,2047141765845;102,44480507594172
3043;1353,2235005357963;102,44764991719337
3044;1353,2419008866236;102,45049209560774
3045;1353,2599155449013;102,45333157590393
3046;1353,2775448438558;102,45616832293629
3047;1353,2947891340375;102,4590023016947
3048;1353,3116487832554;102,46183347730458
3049;1353,3281241765044;102,46466181502718
3050;1353,3442157159006;102,46748728025962
3051;1353,3599238206104;102,47030983853512
3052;1353,3752489267788;102,47312945552312
3053;1353,390191487459;102,4759460970294
3054;1353,4047519725423;102,47875972899627
3055;1353,4189308686832;102,48157031750269
3056;1353,4327286792302;102,48437782876441
3057;1353,446145924148;102,4871822291341
3058;1353,459183139946;102,48998348510152
3059;1353,4718408796032;102,49278156329352
3060;1353,484119712492;102,49557643047442
3061;1353,4960202243028;102,49836805354585
3062;1353,5075430169686;102,50115639954707
3063;1353,5186887085845;102,50394143565508
3064;1353,5294579333333;102,5067231291846
3065;1353,5398513414052;102,50950144758833
3066;1353,5498695989204;102,51227635845704
3067;1353,5595133878471;102,51504782951959
3068;1353,5687834059238;102,51781582864314
3069;1353,5776803665776;102,52058032383326
3070;1353,586204998844;102,52334128323393
3071;1353,594358047283;102,52609867512774
3072;1353,6021402718986;102,52885246793599
3073;1353,6095524480556;102,53160263021873
3074;1353,6165953663956;102,53434913067491
3075;1353,6232698327537;102,53709193814244
3076;1353,6295766680742;102,53983102159826
3077;1353,6355167083254;102,54256635015852
3078;1353,6410908044136;102,54529789307857
3079;1353,6462998220977;102,54802561975309
3080;1353,6511446419029;102,55074949971616
3081;1353,6556261590326;102,55346950264138
3082;1353,6597452832834;102,55618559834183
3083;1353,6635029389552;102,55889775677029
3084;1353,6669000647614;102,56160594801925
3085;1353,669937613744;102,56431014232095
3086;1353,6726165531804;102,5670103100475
3087;1353,6749378644968;102,5697064217109
3088;1353,6769025431754;102,57239844796317
3089;1353,6785115986654;102,57508635959631
3090;1353,6797660542902;102,57777012754245
3091;1353,6806669471578;102,58044972287391
3092;1353,681215328067;102,58312511680313
3093;1353,6814122614167;102,58579628068289
3094;1353,6812588251116;102,58846318600628
3095;1353,68075611047;102,5911258044067
3096;1353,6799052221286;102,59378410765797
3097;1353,6787072779512;102,59643806767441
3098;1353,6771634089316;102,59908765651079
3099;1353,6752747590997;102,60173284636238
3100;1353,6730424854263;102,60437360956509
3101;1353,6704677577286;102,60700991859537
3102;1353,6675517585725;102,60964174607032
3103;1353,6642956831774;102,61226906474775
3104;1353,6607007393188;102,61489184752608
3105;1353,656768147233;102,6175100674445
3106;1353,6524991395172;102,62012369768296
3107;1353,647894961034;102,62273271156212
3108;1353,642956868812;102,62533708254348
3109;1353,6376861319482;102,62793678422929
3110;1353,63208403151;102,63053179036267
3111;1353,6261518604342;102,63312207482751
3112;1353,6198909234292;102,63570761164857
3113;1353,6133025368767;102,63828837499148
3114;1353,6063880287288;102,64086433916268
3115;1353,5991487384101;102,64343547860949
3116;1353,591586016717;102,64600176792008
3117;1353,5837012257152;102,64856318182356
3118;1353,5754957386418;102,65111969518978
3119;1353,5669709398023;102,65367128302954
3120;1353,5581282244689;102,65621792049441
3121;1353,5489689987794;102,6587595828769
3122;1353,5394946796353;102,66129624561027
3123;1353,5297066945986;102,66382788426861
3124;1353,5196064817917;102,66635447456687
3125;1353,5091954897916;102,66887599236077
3126;1353,4984751775298;102,67139241364674
3127;1353,487447014188;102,67390371456204
3128;1353,476112479094;102,6764098713846
3129;1353,4644730616199;102,67891086053312
3130;1353,452530261078;102,68140665856689
3131;1353,440285586616;102,68389724218592
3132;1353,4277405571138;102,68638258823079
3133;1353,414896701079;102,68886267368268
3134;1353,4017555565426;102,69133747566335
3135;1353,3883186709543;102,69380697143504
3136;1353,3745876010785;102,69627113840048
3137;1353,360563912888;102,6987299541028
3138;1353,3462491814614;102,70118339622557
3139;1353,331644990875;102,70363144259267
3140;1353,3167529341006;102,7060740711683
3141;1353,3015746128967;102,70851126005688
3142;1353,286111637706;102,71094298750312
3143;1353,2703656275494;102,71336923189172
3144;1353,254338209918;102,71578997174764
3145;1353,238031020669;102,71820518573577
3146;1353,221445703921;102,720614852661
3147;1353,204583911945;102,7230189514682
3148;1353,1874473050616;102,725417461242
3149;1353,1700375515318;102,72781036120686
3150;1353,1523563274516;102,73019763072703
3151;1353,1344053166479;102,7325792493063
3152;1353,1161862105703;102,73495519658813
3153;1353,097700708183;102,73732545235548
3154;1353,0789505158618;102,73968999653074
3155;1353,059937347286;102,7420488091757
3156;1353,0406629233312;102,74440187049137
3157;1353,021128971964;102,74674916081804
3158;1353,0013372281342;102,7490906606351
3159;1352,9812894336692;102,75142635056098
3160;1352,9609873371671;102,75375621135308
3161;1352,9404326938893;102,75608022390767
3162;1352,9196272656557;102,75839836925982
3163;1352,8985728207351;102,76071062858328
3164;1352,8772711337426;102,7630169831904
3165;1352,8557239855295;102,76531741453205
3166;1352,8339331630784;102,76761190419748
3167;1352,8119004593964;102,76990043391434
3168;1352,7896276734084;102,7721829855484
3169;1352,767116609851;102,77445954110358
3170;1352,7443690791656;102,77673008272184
3171;1352,721386897392;102,77899459268299
3172;1352,6981718860625;102,78125305340473
3173;1352,6747258720968;102,78350544744231
3174;1352,6510506876925;102,78575175748871
3175;1352,6271481702224;102,78799196637429
3176;1352,603020162127;102,79022605706677
3177;1352,5786685108078;102,79245401267114
3178;1352,5540950685229;102,79467581642953
3179;1352,5293016922815;102,79689145172102
3180;1352,5042902437353;102,79910090206161
3181;1352,4790625890769;102,80130415110403
3182;1352,4536205989327;102,8035011826377
3183;1352,4279661482549;102,80569198058849
3184;1352,4021011162213;102,8078765290187
3185;1352,3760273861271;102,81005481212685
3186;1352,3497468452797;102,81222681424764
3187;1352,3232613848952;102,81439251985167
3188;1352,2965728999932;102,81655191354547
3189;1352,2696832892927;102,8187049800713
3190;1352,2425944551069;102,82085170430693
3191;1352,2153083032397;102,82299207126566
3192;1352,1878267428817;102,82512606609599
3193;1352,160151686506;102,82725367408172
3194;1352,132285049764;102,82937488064155
3195;1352,1042287513828;102,83148967132908
3196;1352,0759847130619;102,83359803183266
3197;1352,0475548593688;102,83569994797523
3198;1352,0189411176377;102,83779540571406
3199;1351,9901454178653;102,83988439114081
3200;1351,961169692609;102,84196689048119
3201;1351,932015876885;102,84404289009487
3202;1351,9026859080657;102,84611237647538
3203;1351,873181725776;102,84817533624981
3204;1351,843505271795;102,85023175617883
3205;1351,8136584899523;102,85228162315637
3206;1351,783643326027;102,85432492420956
3207;1351,7534617276476;102,85636164649854
3208;1351,7231156441896;102,85839177731619
3209;1351,6926070266766;102,86041530408816
3210;1351,6619378276794;102,86243221437257
3211;1351,6311100012158;102,8644424958598
3212;1351,600125502652;102,86644613637246
3213;1351,5689862886002;102,8684431238651
3214;1351,5376943168228;102,87043344642406
3215;1351,5062515461316;102,87241709226733
3216;1351,4746599362902;102,87439404974432
3217;1351,442921447913;102,87636430733576
3218;1351,4110380423713;102,87832785365337
3219;1351,379011681692;102,88028467743987
3220;1351,3468443284607;102,88223476756865
3221;1351,3145379457264;102,88417811304363
3222;1351,2820944969021;102,88611470299907
3223;1351,24951594567;102,8880445266994
3224;1351,2168042558842;102,88996757353904
3225;1351,1839613914747;102,89188383304213
3226;1351,150989316352;102,89379329486243
3227;1351,1178899943122;102,89569594878307
3228;1351,0846653889412;102,8975917847164
3229;1351,0513174635203;102,8994807927037
3230;1351,017848180932;102,90136296291512
3231;1350,9842595035655;102,90323828564935
3232;1350,9505533932238;102,90510675133349
3233;1350,9167318110294;102,90696835052289
3234;1350,882796717332;102,90882307390078
3235;1350,8487500716158;102,91067091227823
3236;1350,814593832407;102,91251185659392
3237;1350,780329957181;102,91434589791383
3238;1350,7459604022738;102,91617302743113
3239;1350,711487122787;102,91799323646592
3240;1350,6769120724996;102,91980651646506
3241;1350,6422372037762;102,92161285900194
3242;1350,6074644674777;102,92341225577619
3243;1350,5725958128724;102,9252046986136
3244;1350,5376331875436;102,9269901794658
3245;1350,5025785373043;102,9287686904101
3246;1350,4674338061068;102,93054022364917
3247;1350,4322009359544;102,93230477151101
3248;1350,3968818668147;102,9340623264485
3249;1350,3614785365316;102,93581288103938
3250;1350,325992880738;102,93755642798584
3251;1350,2904268327704;102,93929296011444
3252;1350,2547823235825;102,94102247037584
3253;1350,219061281658;102,94274495184452
3254;1350,1832656329273;102,94446039771859
3255;1350,1473973006816;102,94616880131959
3256;1350,1114582054888;102,9478701560922
3257;1350,0754502651098;102,94956445560403
3258;1350,0393753944136;102,95125169354539
3259;1350,0032355052954;102,95293186372908
3260;1349,9670325065933;102,95460496009005
3261;1349,9307683040074;102,95627097668532
3262;1349,8944448000152;102,9579299076936
3263;1349,8580638937929;102,95958174741511
3264;1349,8216274811327;102,96122649027136
3265;1349,7851374543634;102,96286413080482
3266;1349,7485957022693;102,96449466367879
3267;1349,7120041100115;102,9661180836771
3268;1349,6753645590486;102,96773438570382
3269;1349,6386789270573;102,96934356478307
3270;1349,6019490878548;102,97094561605878
3271;1349,565176911321;102,97254053479439
3272;1349,528364263322;102,97412831637261
3273;1349,4915130056306;102,97570895629525
3274;1349,4546249958528;102,97728245018281
3275;1349,4177020873499;102,97884879377436
3276;1349,3807461291653;102,98040798292726
3277;1349,343758965947;102,98196001361684
3278;1349,3067424378746;102,98350488193621
3279;1349,2696983805845;102,98504258409596
3280;1349,2326286250977;102,98657311642394
3281;1349,1955349977463;102,98809647536494
3282;1349,1584193200997;102,98961265748046
3283;1349,121283408894;102,99112165944854
3284;1349,0841290759593;102,9926234780633
3285;1349,0469581281498;102,99411811023481
3286;1349,009772367272;102,99560555298883
3287;1348,972573590017;102,99708580346649
3288;1348,9353635878867;102,99855885892403
3289;1348,8981441471287;103,00002471673255
3290;1348,8609170486664;103,00148337437773
3291;1348,8236840680293;103,00293482945956
3292;1348,7864469752878;103,00437907969209
3293;1348,749207534986;103,00581612290308
3294;1348,7119675060724;103,00724595703386
3295;1348,6747286418376;103,0086685801389
3296;1348,6374926898452;103,01008399038568
3297;1348,6002613918697;103,01149218605431
3298;1348,56303648383;103,01289316553726
3299;1348,5258196957263;103,0142869273392
3300;1348,4886127515765;103,0156734700765
3301;1348,4514173693535;103,0170527924772
3302;1348,4142352609217;103,01842489338051
3303;1348,3770681319763;103,01978977173671
3304;1348,3399176819808;103,02114742660672
3305;1348,302785604107;103,0224978571619
3306;1348,265673585174;103,02384106268374
3307;1348,2285833055892;103,0251770425636
3308;1348,1915164392876;103,02650579630235
3309;1348,1544746536742;103,0278273235102
3310;1348,1174596095655;103,02914162390628
3311;1348,080472961131;103,03044869731845
3312;1348,043516355837;103,03174854368298
3313;1348,0065914343902;103,03304116304422
3314;1347,9696998306788;103,03432655555436
3315;1347,932843171721;103,03560472147316
3316;1347,8960230776067;103,03687566116757
3317;1347,8592411614445;103,03813937511148
3318;1347,8224990293077;103,03939586388545
3319;1347,7857982801786;103,04064512817638
3320;1347,749140505899;103,04188716877724
3321;1347,7125272911162;103,04312198658671
3322;1347,67596021323;103,04434958260902
3323;1347,6394408423432;103,04556995795346
3324;1347,6029707412101;103,04678311383424
3325;1347,5665514651855;103,04798905157011
3326;1347,5301845621761;103,0491877725841
3327;1347,4938715725905;103,05037927840317
3328;1347,457614029291;103,05156357065795
3329;1347,4214134575461;103,05274065108242
3330;1347,3852713749811;103,0539105215136
3331;1347,3491892915335;103,05507318389125
3332;1347,313168709404;103,05622864025757
3333;1347,2772111230122;103,05737689275689
3334;1347,2413180189515;103,0585179436354
3335;1347,2054908759426;103,05965179524071
3336;1347,1697311647908;103,06077845002176
3337;1347,1340403483414;103,06189791052827
3338;1347,0984198814365;103,06301017941064
3339;1347,0628712108723;103,06411525941948
3340;1347,0273957753582;103,06521315340541
3341;1346,991995005473;103,0663038643187
3342;1346,9566703236246;103,06738739520893
3343;1346,9214231440114;103,06846374922473
3344;1346,8862548725795;103,06953292961347
3345;1346,8511669069849;103,0705949397209
3346;1346,816160636554;103,07164978299085
3347;1346,7812374422458;103,07269746296491
3348;1346,7463986966145;103,07373798328217
3349;1346,7116457637699;103,07477134767879
3350;1346,676979999343;103,07579755998783
3351;1346,6424027504502;103,07681662413879
3352;1346,6079153556548;103,07782854415738
3353;1346,5735191449348;103,07883332416517
3354;1346,5392154396473;103,07983096837928
3355;1346,5050055524935;103,08082148111205
3356;1346,470890787487;103,08180486677075
3357;1346,4368724399194;103,08278112985717
3358;1346,4029517963284;103,08375027496741
3359;1346,3691301344668;103,08471230679153
3360;1346,335408723269;103,08566723011313
3361;1346,3017888228228;103,08661504980918
3362;1346,2682716843374;103,08755577084956
3363;1346,234858550114;103,08848939829687
3364;1346,2015506535172;103,08941593730592
3365;1346,1683492189452;103,0903353931236
3366;1346,135255461803;103,0912477710884
3367;1346,102270588474;103,09215307663024
3368;1346,0693957962937;103,09305131526997
3369;1346,0366322735222;103,09394249261918
3370;1346,0039811993183;103,09482661437977
3371;1345,971443743715;103,0957036863437
3372;1345,9390210675933;103,09657371439262
3373;1345,9067143226596;103,09743670449757
3374;1345,8745246514188;103,0982926627186
3375;1345,8424531871538;103,09914159520451
3376;1345,8105010539027;103,09998350819245
3377;1345,7786693664339;103,1008184080076
3378;1345,7469592302266;103,10164630106293
3379;1345,7153717414483;103,10246719385871
3380;1345,6839079869355;103,10328109298234
3381;1345,6525690441722;103,10408800510788
3382;1345,6213559812697;103,10488793699581
3383;1345,5902698569503;103,10568089549265
3384;1345,5593117205249;103,10646688753067
3385;1345,5284826118773;103,10724592012747
3386;1345,4977835614452;103,10801800038574
3387;1345,467215590205;103,10878313549287
3388;1345,4367797096527;103,10954133272068
3389;1345,40647692179;103,11029259942494
3390;1345,3763082191074;103,11103694304522
3391;1345,3462745845695;103,1117743711044
3392;1345,316376991601;103,11250489120843
3393;1345,286616404071;103,11322851104593
3394;1345,256993776282;103,1139452383879
3395;1345,2275100529537;103,11465508108736
3396;1345,1981661692134;103,11535804707903
3397;1345,1689630505828;103,11605414437894
3398;1345,1399016129656;103,11674338108415
3399;1345,1109827626383;103,11742576537239
3400;1345,082207396237;103,11810130550168
3401;1345,053576400751;103,1187700098101
3402;1345,025090653509;103,11943188671533
3403;1344,9967510221745;103,12008694471436
3404;1344,9685583647326;103,12073519238315
3405;1344,9405135294855;103,12137663837635
3406;1344,912617355044;103,12201129142677
3407;1344,8848706703195;103,12263916034529
3408;1344,8572742945184;103,12326025402032
3409;1344,829829037135;103,12387458141757
3410;1344,8025356979463;103,12448215157963
3411;1344,7753950670071;103,12508297362574
3412;1344,7484079246449;103,12567705675127
3413;1344,721575041456;103,12626441022758
3414;1344,694897178301;103,12684504340154
3415;1344,6683750863035;103,12741896569526
3416;1344,642009506845;103,12798618660564
3417;1344,615801171563;103,12854671570415
3418;1344,5897508023502;103,12910056263647
3419;1344,563859111353;103,12964773712204
3420;1344,5381268009687;103,13018824895386
3421;1344,512554563848;103,13072210799803
3422;1344,4871430828928;103,13124932419345
3423;1344,4618930312567;103,13176990755152
3424;1344,4368050723474;103,1322838681557
3425;1344,4118798598263;103,13279121616124
3426;1344,387118037612;103,13329196179482
3427;1344,3625202398812;103,13378611535418
3428;1344,3380870910719;103,13427368720782
3429;1344,3138192058873;103,13475468779461
3430;1344,2897171892982;103,13522912762346
3431;1344,2657816365477;103,13569701727293
3432;1344,242013133155;103,13615836739105
3433;1344,218412254923;103,13661318869471
3434;1344,1949795679395;103,13706149196956
3435;1344,1717156285868;103,13750328806955
3436;1344,148620983545;103,13793858791655
3437;1344,1256961698011;103,1383674025001
3438;1344,102941714655;103,13878974287698
3439;1344,0803581357259;103,13920562017091
3440;1344,057945940963;103,13961504557219
3441;1344,0357056286523;103,14001803033737
3442;1344,0136376874245;103,14041458578889
3443;1343,9917425962665;103,14080472331466
3444;1343,9700208245288;103,1411884543679
3445;1343,9484728319374;103,14156579046663
3446;1343,9270990686036;103,14193674319331
3447;1343,905899975034;103,14230132419465
3448;1343,884875982144;103,14265954518113
3449;1343,8640275112668;103,14301141792669
3450;1343,843354974169;103,14335695426838
3451;1343,822858773059;103,14369616610604
3452;1343,8025393006033;103,1440290654019
3453;1343,7823969399378;103,1443556641803
3454;1343,7624320646833;103,14467597452727
3455;1343,7426450389578;103,1449900085903
3456;1343,723036217392;103,1452977785778
3457;1343,7036059451452;103,14559929675897
3458;1343,6843545579186;103,14589457546332
3459;1343,6652823819718;103,14618362708029
3460;1343,6463897341396;103,14646646405906
3461;1343,6276769218475;103,14674309890806
3462;1343,6091442431298;103,14701354419473
3463;1343,590791986645;103,14727781254507
3464;1343,572620431695;103,14753591664333
3465;1343,554629848242;103,14778786923172
3466;1343,5368204969275;103,14803368310999
3467;1343,519192629091;103,14827337113515
3468;1343,5017464867888;103,14850694622103
3469;1343,4844823028136;103,14873442133806
3470;1343,4674003007142;103,14895580951278
3471;1343,4505006948154;103,14917112382766
3472;1343,4337836902394;103,1493803774206
3473;1343,4172494829256;103,14958358348463
3474;1343,4008982596536;103,14978075526767
3475;1343,384730198062;103,149971906072
3476;1343,368745466673;103,15015704925409
3477;1343,3529442249126;103,15033619822412
3478;1343,3373266231347;103,15050936644576
3479;1343,321892802644;103,15067656743568
3480;1343,3066428957184;103,15083781476332
3481;1343,2915770256327;103,15099312205051
3482;1343,2766953066841;103,15114250297113
3483;1343,2619978442146;103,15128597125072
3484;1343,2474847346364;103,15142354066623
3485;1343,2331560654568;103,15155522504558
3486;1343,219011915304;103,15168103826738
3487;1343,2050523539522;103,15180099426055
3488;1343,1912774423474;103,15191510700399
3489;1343,1776872326343;103,15202339052622
3490;1343,1642817681825;103,15212585890512
3491;1343,1510610836124;103,15222252626744
3492;1343,1380252048236;103,15231340678858
3493;1343,125174149023;103,15239851469217
3494;1343,1125079247508;103,15247786424982
3495;1343,10002653191;103,15255146978065
3496;1343,0877299617941;103,15261934565109
3497;1343,075618197116;103,15268150627442
3498;1343,0636912120367;103,15273796611048
3499;1343,0519489721958;103,15278873966534
3500;1343,0403914347396;103,15283384149092
3501;1343,0290185483511;103,15287328618469
3502;1343,0178302532825;103,1529070883893
3503;1343,0068264813817;103,15293526279225
3504;1342,9960071561256;103,1529578241256
3505;1342,9853721926522;103,15297478716546
3506;1342,9749214977887;103,15298616673192
3507;1342,9646549700847;103,15299197768844
3508;1342,9545724998447;103,1529922349417
3509;1342,9446739691593;103,15298695344117
3510;1342,9349592519384;103,1529761481788
3511;1342,9254282139414;103,15295983418866
3512;1342,9160807128135;103,15293802654666
3513;1342,9069165981168;103,15291074037016
3514;1342,8979357113647;103,1528779908176
3515;1342,8891378860542;103,15283979308825
3516;1342,8805229477011;103,1527961624218
3517;1342,8720907138736;103,15274711409808
3518;1342,8638409942273;103,15269266343668
3519;1342,8557735905388;103,15263282579666
3520;1342,8478882967418;103,15256761657615
3521;1342,8401848989613;103,15249705121202
3522;1342,8326631755492;103,1524211451797
3523;1342,8253228971205;103,15233991399258
3524;1342,8181638265883;103,15225337320189
3525;1342,8111857192011;103,15216153839627
3526;1342,8043883225776;103,15206442520149
3527;1342,7977713767445;103,15196204928002
3528;1342,7913346141718;103,15185442633084
3529;1342,7850777598114;103,15174157208897
3530;1342,7790005311338;103,15162350232525
3531;1342,7731026381648;103,1515002328459
3532;1342,7673837835248;103,15137177949228
3533;1342,7618436624637;103,15123815814052
3534;1342,756481962902;103,15109938470118
3535;1342,751298365467;103,15095547511895
3536;1342,7462925435325;103,15080644537225
3537;1342,741464163258;103,15065231147307
3538;1342,736812883625;103,15049308946635
3539;1342,7323383564783;103,15032879543003
3540;1342,7280402265637;103,15015944547432
3541;1342,72391813157;103,14998505574171
3542;1342,719971702166;103,1498056424064
3543;1342,7162005620414;103,14962122167415
3544;1342,7126043279463;103,14943180978185
3545;1342,7091826097326;103,14923742299719
3546;1342,7059350103923;103,1490380776184
3547;1342,7028611261005;103,1488337899739
3548;1342,6999605462538;103,14862457642192
3549;1342,697232853514;103,14841045335022
3550;1342,6946776238453;103,14819143717584
3551;1342,6922944265584;103,14796754434457
3552;1342,690082824351;103,14773879133088
3553;1342,6880423733508;103,14750519463742
3554;1342,6861726231543;103,14726677079473
3555;1342,6844731168705;103,147023536361
3556;1342,6829433911641;103,14677550792163
3557;1342,6815829762945;103,146522702089
3558;1342,6803913961598;103,14626513550212
3559;1342,6793681683416;103,14600282482628
3560;1342,6785128041427;103,14573578675275
3561;1342,6778248086343;103,14546403799851
3562;1342,677303680697;103,14518759530586
3563;1342,6769489130631;103,14490647544213
3564;1342,6767599923623;103,14462069519936
3565;1342,6767363991619;103,144330271394
3566;1342,676877608012;103,14403522086656
3567;1342,6771830874898;103,14373556048132
3568;1342,6776523002418;103,14343130712602
3569;1342,6782847030272;103,14312247771147
3570;1342,6790797467643;103,14280908917142
3571;1342,680036876573;103,14249115846197
3572;1342,681155531818;103,14216870256148
3573;1342,6824351461548;103,14184173847023
3574;1342,6838751475746;103,14151028320998
3575;1342,6854749584456;103,14117435382377
3576;1342,6872339955619;103,14083396737561
3577;1342,6891516701849;103,14048914095007
3578;1342,6912273880898;103,14013989165207
3579;1342,69346054961;103,13978623660655
3580;1342,6958505496825;103,13942819295812
3581;1342,698396777892;103,13906577787081
3582;1342,7010986185178;103,13869900852765
3583;1342,7039554505786;103,13832790213056
3584;1342,7069666478772;103,1379524758998
3585;1342,7101315790458;103,13757274707386
3586;1342,713449607593;103,13718873290905
3587;1342,7169200919486;103,13680045067925
3588;1342,7205423855094;103,13640791767556
3589;1342,7243158366853;103,13601115120599
3590;1342,7282397889446;103,1356101685952
3591;1342,7323135808606;103,1352049871842
3592;1342,7365365461574;103,13479562432997
3593;1342,7409080137559;103,13438209740526
3594;1342,7454273078206;103,13396442379823
3595;1342,750093747805;103,13354262091212
3596;1342,7549066484994;103,13311670616503
3597;1342,7598653200748;103,13268669698954
3598;1342,7649690681314;103,13225261083245
3599;1342,7702171937449;103,13181446515452
3600;1342,7756089935122;103,1313722774301
3601;1342,7811437595983;103,13092606514687
3602;1342,786820779784;103,1304758458055
3603;1342,7926393375105;103,13002163691945
3604;1342,7985987119291;103,12956345601457
3605;1342,804698177944;103,12910132062883
3606;1342,8109370062625;103,12863524831211
3607;1342,8173144634416;103,12816525662579
3608;1342,8238298119327;103,1276913631425
3609;1342,83048231013;103,12721358544589
3610;1342,8372712124192;103,12673194113016
3611;1342,84419576922;103,12624644780004
3612;1342,8512552270379;103,12575712307027
3613;1342,8584488285078;103,12526398456535
3614;1342,8657758124434;103,12476704991934
3615;1342,873235413883;103,12426633677555
3616;1342,8808268641374;103,12376186278617
3617;1342,8885493908358;103,12325364561202
3618;1342,8964022179741;103,12274170292233
3619;1342,9043845659623;103,12222605239434
3620;1342,9124956516703;103,12170671171314
3621;1342,9207346884768;103,12118369857127
3622;1342,9291008863154;103,1206570306685
3623;1342,937593451721;103,12012672571153
3624;1342,946211587879;103,1195928014137
3625;1342,954954494672;103,11905527549472
3626;1342,9638213687256;103,11851416568041
3627;1342,972811403457;103,11796948970236
3628;1342,9819237891215;103,11742126529766
3629;1342,9911577128603;103,1168695102087
3630;1343,000512358747;103,1163142421828
3631;1343,0099869078347;103,11575547897198
3632;1343,0195805382045;103,11519323833262
3633;1343,0292924250107;103,1146275380253
3634;1343,0391217405297;103,11405839581442
3635;1343,0490676542058;103,11348582946795
3636;1343,0591293326995;103,11290985675713
3637;1343,0693059399327;103,11233049545633
3638;1343,079596637138;103,11174776334256
3639;1343,0900005829035;103,11116167819537
3640;1343,1005169332223;103,11057225779655
3641;1343,1111448415365;103,10997951992975
3642;1343,121883458787;103,10938348238034
3643;1343,1327319334582;103,1087841629351
3644;1343,1436894116257;103,10818157938186
3645;1343,1547550370035;103,10757574950937
3646;1343,1659279509893;103,106966691107
3647;1343,1772072927133;103,10635442196438
3648;1343,1885921990838;103,10573895987122
3649;1343,2000818048334;103,10512032261701
3650;1343,2116752425666;103,1044985279908
3651;1343,2233716428048;103,10387359378086
3652;1343,2351701340344;103,10324553777448
3653;1343,247069842753;103,10261437775772
3654;1343,2590698935148;103,101980131515
3655;1343,2711694089774;103,1013428168291
3656;1343,2833675099484;103,10070245148063
3657;1343,2956633154315;103,10005905324795
3658;1343,3080559426724;103,09941263990682
3659;1343,3205445072042;103,0987632292302
3660;1343,3331281228952;103,09811083898796
3661;1343,3458059019924;103,09745548694661
3662;1343,3585769551703;103,09679719086908
3663;1343,3714403915749;103,09613596851443
3664;1343,3843953188684;103,09547183763763
3665;1343,3974408432769;103,09480481598925
3666;1343,4105760696355;103,09413492131529
3667;1343,4238001014328;103,09346217135685
3668;1343,4371120408575;103,0927865838499
3669;1343,4505109888428;103,09210817652507
3670;1343,4639960451118;103,09142696710734
3671;1343,4775663082237;103,09074297331583
3672;1343,4912208756173;103,09005621286353
3673;1343,5049588436566;103,08936670345707
3674;1343,5187793076766;103,08867446279646
3675;1343,532681362027;103,08797950857486
3676;1343,546664100117;103,0872818584783
3677;1343,56072661446;103,08658153018546
3678;1343,5748679967191;103,0858785413674
3679;1343,5890873377498;103,0851729096874
3680;1343,603383727645;103,08446465280059
3681;1343,6177562557803;103,08375378835383
3682;1343,632204010856;103,08304033398535
3683;1343,6467260809434;103,08232430732464
3684;1343,6613215535274;103,08160572599208
3685;1343,6759895155496;103,0808846075988
3686;1343,6907290534532;103,08016096974642
3687;1343,705539253227;103,07943483002671
3688;1343,7204192004476;103,0787062060216
3689;1343,7353679803227;103,07797511530262
3690;1343,7503846777347;103,07724157543092
3691;1343,7654683772848;103,07650560395695
3692;1343,7806181633348;103,07576721842018
3693;1343,7958331200493;103,07502643634899
3694;1343,8111123314409;103,07428327526024
3695;1343,82645488141;103,07353775265926
3696;1343,8418598537896;103,07278988603947
3697;1343,8573263323867;103,07203969288223
3698;1343,8728534010231;103,07128719065655
3699;1343,88844014358;103,0705323968189
3700;1343,9040856440392;103,069775328813
3701;1343,9197889865234;103,06901600406952
3702;1343,9355492553402;103,06825444000599
3703;1343,9513655350227;103,06749065402636
3704;1343,96723691037;103,06672466352106
3705;1343,9831624664896;103,0659564858665
3706;1343,999141288839;103,065186138425
3707;1344,0151724632647;103,06441363854461
3708;1344,031255076045;103,06363900355872
3709;1344,0473882139308;103,06286225078601
3710;1344,0635709641847;103,06208339753012
3711;1344,0798024146225;103,06130246107949
3712;1344,096081653653;103,06051945870712
3713;1344,112407770319;103,05973440767039
3714;1344,1287798543353;103,05894732521075
3715;1344,1451969961315;103,05815822855365
3716;1344,1616582868892;103,05736713490813
3717;1344,178162818583;103,05657406146686
3718;1344,1947096840183;103,0557790254057
3719;1344,2112979768724;103,05498204388356
3720;1344,2279267917322;103,05418313404229
3721;1344,2445952241344;103,05338231300631
3722;1344,2613023706022;103,05257959788254
3723;1344,2780473286862;103,05177500576006
3724;1344,2948291970008;103,05096855371006
3725;1344,311647075264;103,05016025878545
3726;1344,328500064335;103,04935013802081
3727;1344,3453872662512;103,04853820843212
3728;1344,3623077842676;103,04772448701658
3729;1344,3792607228927;103,0469089907523
3730;1344,3962451879272;103,0460917365983
3731;1344,4132602865009;103,04527274149412
3732;1344,4303051271092;103,0444520223597
3733;1344,4473788196512;103,04362959609522
3734;1344,4644804754648;103,04280547958078
3735;1344,4816092073643;103,04197968967635
3736;1344,4987641296773;103,04115224322146
3737;1344,5159443582788;103,04032315703502
3738;1344,5331490106298;103,0394924479152
3739;1344,5503772058114;103,03866013263915
3740;1344,5676280645605;103,03782622796282
3741;1344,584900709307;103,03699075062082
3742;1344,6021942642067;103,03615371732617
3743;1344,6195078551775;103,03531514477015
3744;1344,6368406099348;103,03447504962206
3745;1344,6541916580256;103,03363344852909
3746;1344,6715601308626;103,03279035811607
3747;1344,6889451617603;103,03194579498532
3748;1344,7063458859668;103,03109977571647
3749;1344,7237614407;103,03025231686625
3750;1344,7411909651794;103,02940343496833
3751;1344,7586336006614;103,02855314653307
3752;1344,776088490471;103,02770146804743
3753;1344,793554780037;103,02684841597471
3754;1344,8110316169232;103,02599400675444
3755;1344,8285181508616;103,0251382568021
3756;1344,8460135337866;103,02428118250903
3757;1344,863516919865;103,02342280024223
3758;1344,88102746553;103,02256312634414
3759;1344,8985443295123;103,0217021771325
3760;1344,9160666728721;103,02083996890016
3761;1344,9335936590317;103,01997651791493
3762;1344,9511244538046;103,01911184041933
3763;1344,9686582254292;103,01824595263051
3764;1344,9861941445981;103,01737887074002
3765;1345,00373138449;103,01651061091363
3766;1345,0212691207996;103,01564118929122
3767;1345,0388065317686;103,01477062198654
3768;1345,056342798215;103,01389892508705
3769;1345,0738771035635;103,01302611465378
3770;1345,091408633876;103,01215220672115
3771;1345,1089365778803;103,01127721729682
3772;1345,1264601269988;103,01040116236149
3773;1345,14397847538;103,0095240578687
3774;1345,1614908199244;103,00864591974477
3775;1345,1789963603158;103,00776676388855
3776;1345,1964942990485;103,00688660617132
3777;1345,2139838414555;103,0060054624365
3778;1345,2314641957369;103,00512334849971
3779;1345,248934572988;103,00424028014835
3780;1345,2663941872272;103,00335627314165
3781;1345,2838422554216;103,0024713432104
3782;1345,3012779975159;103,00158550605683
3783;1345,3187006364599;103,0006987773544
3784;1345,3361093982337;102,99981117274775
3785;1345,3535035118753;102,99892270785244
3786;1345,370882209506;102,99803339825485
3787;1345,3882447263582;102,99714325951199
3788;1345,4055903007984;102,99625230715137
3789;1345,4229181743567;102,99536055667089
3790;1345,4402275917487;102,99446802353859
3791;1345,4575178009034;102,99357472319255
3792;1345,4747880529862;102,99268067104079
3793;1345,492037602425;102,99178588246102
3794;1345,5092657069342;102,99089037280058
3795;1345,5264716275396;102,98999415737626
3796;1345,5436546286016;102,98909725147409
3797;1345,5608139778396;102,98819967034936
3798;1345,5779489463562;102,98730142922629
3799;1345,59505880866;102,98640254329797
3800;1345,6121428426882;102,98550302772627
3801;1345,629200329831;102,98460289764157
3802;1345,6462305549533;102,98370216814274
3803;1345,6632328064181;102,98280085429694
3804;1345,680206376108;102,98189897113946
3805;1345,6971505594468;102,98099653367365
3806;1345,7140646554237;102,98009355687073
3807;1345,730947966613;102,97919005566962
3808;1345,7477997991953;102,97828604497695
3809;1345,7646194629792;102,97738153966672
3810;1345,781406271423;102,97647655458034
3811;1345,7981595416538;102,97557110452641
3812;1345,8148785944893;102,97466520428054
3813;1345,8315627544584;102,97375886858538
3814;1345,8482113498194;102,97285211215032
3815;1345,8648237125803;102,97194494965147
3816;1345,8813991785207;102,97103739573146
3817;1345,8979370872078;102,97012946499935
3818;1345,914436782017;102,96922117203047
3819;1345,9308976101513;102,96831253136641
3820;1345,947318922659;102,96740355751466
3821;1345,963700074453;102,96649426494874
3822;1345,980040424328;102,9655846681079
3823;1345,9963393349776;102,96467478139706
3824;1346,0125961730157;102,96376461918672
3825;1346,0288103089895;102,9628541958128
3826;1346,0449811174;102,96194352557646
3827;1346,0611079767166;102,9610326227441
3828;1346,0771902693955;102,96012150154718
3829;1346,093227381895;102,95921017618205
3830;1346,1092187046936;102,95829866080996
3831;1346,1251636323043;102,95738696955682
3832;1346,1410615632908;102,95647511651316
3833;1346,156911900284;102,95556311573395
3834;1346,172714049996;102,95465098123857
3835;1346,1884674232365;102,95373872701062
3836;1346,2041714349268;102,95282636699783
3837;1346,2198255041146;102,95191391511199
3838;1346,235429053988;102,95100138522878
3839;1346,2509815118922;102,95008879118768
3840;1346,2664823093396;102,94917614679191
3841;1346,2819308820265;102,9482634658082
3842;1346,2973266698446;102,94735076196683
3843;1346,3126691168954;102,94643804896143
3844;1346,3279576715036;102,94552534044885
3845;1346,3431917862285;102,9446126500492
3846;1346,3583709178774;102,94369999134555
3847;1346,373494527518;102,942787377884
3848;1346,3885620804904;102,94187482317344
3849;1346,4035730464182;102,94096234068554
3850;1346,418526899221;102,94004994385462
3851;1346,4334231171258;102,93913764607757
3852;1346,4482611826775;102,93822546071365
3853;1346,4630405827502;102,93731340108458
3854;1346,4777608085572;102,93640148047425
3855;1346,4924213556628;102,93548971212876
3856;1346,5070217239916;102,9345781092562
3857;1346,521561417838;102,93366668502672
3858;1346,5360399458777;102,93275545257225
3859;1346,5504568211754;102,9318444249866
3860;1346,5648115611943;102,93093361532515
3861;1346,5791036878063;102,93002303660496
3862;1346,5933327273003;102,92911270180457
3863;1346,6074982103894;102,9282026238639
3864;1346,621599672221;102,92729281568421
3865;1346,6356366523855;102,92638329012804
3866;1346,6496086949214;102,92547406001901
3867;1346,663515348325;102,92456513814183
3868;1346,6773561655584;102,9236565372422
3869;1346,6911307040546;102,92274827002667
3870;1346,704838525726;102,92184034916264
3871;1346,7184791969712;102,92093278727816
3872;1346,7320522886798;102,92002559696199
3873;1346,7455573762409;102,91911879076343
3874;1346,7589940395485;102,9182123811922
3875;1346,7723618630062;102,91730638071849
3876;1346,7856604355338;102,91640080177274
3877;1346,7988893505728;102,91549565674566
3878;1346,812048206091;102,91459095798812
3879;1346,8251366045872;102,91368671781107
3880;1346,8381541530973;102,91278294848543
3881;1346,8511004631973;102,91187966224207
3882;1346,8639751510075;102,91097687127173
3883;1346,876777837198;102,91007458772489
3884;1346,8895081469914;102,9091728237118
3885;1346,9021657101657;102,90827159130227
3886;1346,9147501610587;102,90737090252571
3887;1346,9272611385718;102,90647076937101
3888;1346,9396982861713;102,90557120378651
3889;1346,9520612518909;102,90467221767986
3890;1346,964349688337;102,90377382291801
3891;1346,9765632526876;102,90287603132715
3892;1346,9887016066955;102,9019788546926
3893;1347,000764416691;102,90108230475873
3894;1347,0127513535822;102,90018639322899
3895;1347,0246620928572;102,89929113176574
3896;1347,0364963145846;102,89839653199023
3897;1347,0482537034147;102,89750260548256
3898;1347,0599339485814;102,8966093637816
3899;1347,0715367439;102,89571681838488
3900;1347,0830617877696;102,89482498074864
3901;1347,094508783173;102,89393386228761
3902;1347,1058774376756;102,89304347437513
3903;1347,1171674634254;102,892153828343
3904;1347,1283785771527;102,89126493548136
3905;1347,1395105001693;102,89037680703875
3906;1347,1505629583673;102,889489454222
3907;1347,1615356822183;102,8886028881962
3908;1347,1724284067702;102,88771712008462
3909;1347,1832408716486;102,8868321609686
3910;1347,1939728210525;102,88594802188766
3911;1347,2046240037525;102,88506471383927
3912;1347,2151941730897;102,88418224777892
3913;1347,225683086972;102,88330063462003
3914;1347,2360905078724;102,88241988523384
3915;1347,246416202826;102,8815400104495
3916;1347,2566599434256;102,88066102105385
3917;1347,2668215058202;102,87978292779155
3918;1347,2769006707103;102,87890574136492
3919;1347,2868972233448;102,87802947243385
3920;1347,2968109535163;102,87715413161592
3921;1347,3066416555582;102,87627972948621
3922;1347,3163891283389;102,87540627657732
3923;1347,3260531752587;102,8745337833793
3924;1347,3356336042443;102,87366226033966
3925;1347,3451302277433;102,87279171786321
3926;1347,3545428627217;102,8719221663122
3927;1347,363871330655;102,87105361600611
3928;1347,3731154575253;102,8701860772217
3929;1347,382275073814;102,86931956019295
3930;1347,391350014497;102,86845407511103
3931;1347,400340119038;102,86758963212425
3932;1347,409245231383;102,86672624133804
3933;1347,4180651999527;102,86586391281492
3934;1347,4267998776374;102,86500265657438
3935;1347,4354491217875;102,86414248259302
3936;1347,4440127942096;102,86328340080432
3937;1347,4524907611572;102,86242542109879
3938;1347,4608828933233;102,86156855332376
3939;1347,469189065834;102,86071280728352
3940;1347,47740915824;102,85985819273911
3941;1347,4855430545085;102,85900471940849
3942;1347,4935906430146;102,85815239696637
3943;1347,5015518165349;102,8573012350442
3944;1347,5094264722368;102,8564512432302
3945;1347,51721451167;102,85560243106926
3946;1347,5249158407596;102,85475480806296
3947;1347,5325303697944;102,85390838366959
3948;1347,5400580134196;102,85306316730399
3949;1347,5474986906263;102,85221916833764
3950;1347,5548523247421;102,85137639609864
3951;1347,562118843422;102,8505348598716
3952;1347,5692981786383;102,84969456889769
3953;1347,5763902666683;102,8488555323746
3954;1347,5833950480876;102,84801775945654
3955;1347,5903124677568;102,84718125925416
3956;1347,5971424748127;102,84634604083458
3957;1347,6038850226553;102,8455121132214
3958;1347,6105400689396;102,84467948539458
3959;1347,617107575562;102,84384816629056
3960;1347,6235875086506;102,8430181648021
3961;1347,6299798385535;102,84218948977839
3962;1347,6362845398255;102,84136215002498
3963;1347,6425015912182;102,84053615430372
3964;1347,6486309756679;102,83971151133284
3965;1347,6546726802817;102,83888822978686
3966;1347,660626696328;102,83806631829668
3967;1347,6664930192214;102,83724578544937
3968;1347,6722716485115;102,83642663978841
3969;1347,6779625878698;102,83560888981351
3970;1347,6835658450764;102,83479254398064
3971;1347,6890814320082;102,83397761070204
3972;1347,6945093646239;102,8331640983462
3973;1347,6998496629515;102,83235201523786
3974;1347,7051023510758;102,831541369658
3975;1347,7102674571224;102,83073216984381
3976;1347,715345013245;102,82992442398874
3977;1347,7203350556124;102,82911814024247
3978;1347,7252376243932;102,82831332671084
3979;1347,7300527637417;102,82750999145595
3980;1347,734780521783;102,82670814249613
3981;1347,7394209505999;102,82590778780589
3982;1347,7439741062165;102,82510893531594
3983;1347,748440048584;102,82431159291325
3984;1347,752818841567;102,82351576844094
3985;1347,7571105529255;102,8227214696984
3986;1347,7613152543026;102,82192870444118
3987;1347,7654330212065;102,82113748038105
3988;1347,769463932997;102,82034780518606
3989;1347,7734080728692;102,81955968648039
3990;1347,7772655278368;102,81877313184451
3991;1347,7810363887172;102,81798814881508
3992;1347,784720750115;102,81720474488502
3993;1347,7883187104057;102,8164229275035
3994;1347,7918303717192;102,81564270407586
3995;1347,7952558399243;102,8148640819638
3996;1347,798595224611;102,81408706848522
3997;1347,8018486390745;102,81331167091432
3998;1347,805016200297;102,81253789648152
3999;1347,8080980289326;102,81176575237357
4000;1347,8110942492892;102,81099524573358
4001;1347,814004989311;102,81022638366085
4002;1347,8168303805621;102,8094591732111
4003;1347,8195705582086;102,80869362139632
4004;1347,8222256610006;102,80792973518489
4005;1347,8247958312547;102,80716752150151
4006;1347,8272812148364;102,80640698722732
4007;1347,829681961142;102,80564813919975
4008;1347,831998223081;102,80489098421273
4009;1347,8342301570578;102,80413552901658
4010;1347,836377922953;102,80338178031802
4011;1347,838441684105;102,80262974478026
4012;1347,8404216072925;102,80187942902299
4013;1347,8423178627143;102,80113083962236
4014;1347,8441306239727;102,80038398311105
4015;1347,8458600680522;102,79963886597824
4016;1347,8475063753033;102,79889549466971
4017;1347,8490697294214;102,79815387558777
4018;1347,8505503174288;102,79741401509132
4019;1347,8519483296545;102,7966759194959
4020;1347,8532639597174;102,79593959507365
4021;1347,8544974045033;102,79520504805339
4022;1347,8556488641477;102,79447228462062
4023;1347,8567185420156;102,79374131091757
4024;1347,857706644683;102,79301213304315
4025;1347,8586133819147;102,79228475705304
4026;1347,8594389666464;102,79155918895972
4027;1347,8601836149644;102,79083543473249
4028;1347,8608475460858;102,79011350029747
4029;1347,8614309823367;102,78939339153759
4030;1347,861934149134;102,78867511429279
4031;1347,862357274964;102,78795867435983
4032;1347,8627005913627;102,78724407749245
4033;1347,8629643328945;102,7865313294014
4034;1347,863148737133;102,7858204357544
4035;1347,8632540446388;102,78511140217623
4036;1347,8632804989395;102,78440423424874
4037;1347,8632283465095;102,78369893751086
4038;1347,863097836748;102,78299551745873
4039;1347,8628892219594;102,78229397954561
4040;1347,8626027573314;102,78159432918194
4041;1347,8622387009136;102,78089657173545
4042;1347,8617973135977;102,78020071253115
4043;1347,8612788590945;102,7795067568513
4044;1347,860683603914;102,77881470993557
4045;1347,8600118173442;102,77812457698097
4046;1347,859263771428;102,77743636314196
4047;1347,858439740944;102,77675007353045
4048;1347,8575400033828;102,77606571321584
4049;1347,856564838927;102,77538328722505
4050;1347,8555145304288;102,7747028005426
4051;1347,8543893633887;102,77402425811061
4052;1347,8531896259328;102,77334766482886
4053;1347,851915608792;102,77267302555485
4054;1347,8505676052796;102,77200034510373
4055;1347,8491459112693;102,77132962824857
4056;1347,8476508251729;102,77066087972011
4057;1347,84608264792;102,76999410420704
4058;1347,8444416829332;102,76932930635597
4059;1347,8427282361079;102,7686664907714
4060;1347,8409426157891;102,76800566201584
4061;1347,8390851327501;102,7673468246099
4062;1347,8371561001688;102,7666899830322
4063;1347,835155833607;102,76603514171953
4064;1347,8330846509873;102,76538230506685
4065;1347,8309428725695;102,76473147742735
4066;1347,8287308209294;102,7640826631125
4067;1347,8264488209375;102,76343586639207
4068;1347,824097199733;102,7627910914942
4069;1347,8216762867041;102,76214834260546
4070;1347,8191864134642;102,76150762387087
4071;1347,8166279138306;102,76086893939402
4072;1347,8140011237995;102,76023229323702
4073;1347,8113063815244;102,75959768942059
4074;1347,8085440272944;102,75896513192411
4075;1347,8057144035092;102,75833462468577
4076;1347,8028178546585;102,75770617160244
4077;1347,7998547272975;102,75707977652985
4078;1347,7968253700253;102,75645544328263
4079;1347,7937301334603;102,7558331756343
4080;1347,7905693702191;102,7552129773174
4081;1347,7873434348928;102,7545948520235
4082;1347,7840526840234;102,7539788034033
4083;1347,7806974760824;102,75336483506659
4084;1347,7772781714455;102,75275295058243
4085;1347,773795132372;102,7521431534791
4086;1347,7702487229797;102,75153544724425
4087;1347,7666393092234;102,75092983532488
4088;1347,7629672588703;102,75032632112742
4089;1347,7592329414788;102,74972490801784
4090;1347,7554367283735;102,74912559932159
4091;1347,7515789926235;102,74852839832383
4092;1347,7476601090175;102,74793330826931
4093;1347,7436804540432;102,74734033236258
4094;1347,739640405862;102,74674947376793
4095;1347,735540344287;102,74616073560954
4096;1347,7313806507598;102,74557412097151
4097;1347,7271617083259;102,74498963289788
4098;1347,7228839016127;102,74440727439278
4099;1347,7185476168079;102,74382704842044
4100;1347,7141532416329;102,74324895790521
4101;1347,7097011653218;102,74267300573172
4102;1347,7051917785982;102,74209919474487
4103;1347,7006254736514;102,74152752774992
4104;1347,6960026441132;102,74095800751262
4105;1347,691323685035;102,74039063675906
4106;1347,6865889928658;102,73982541817604
4107;1347,6817989654267;102,73926235441088
4108;1347,6769540018888;102,73870144807168
4109;1347,672054502751;102,73814270172717
4110;1347,667100869816;102,73758611790701
4111;1347,662093506167;102,73703169910173
4112;1347,657032816144;102,73647944776278
4113;1347,651919205323;102,73592936630264
4114;1347,6467530804912;102,7353814570949
4115;1347,641534849623;102,73483572247436
4116;1347,6362649218602;102,73429216473697
4117;1347,6309437074847;102,73375078614004
4118;1347,6255716178994;102,73321158890224
4119;1347,6201490656028;102,73267457520366
4120;1347,6146764641674;102,73213974718595
4121;1347,6091542282152;102,73160710695235
4122;1347,6035827733963;102,73107665656771
4123;1347,5979625163652;102,73054839805866
4124;1347,592293874759;102,7300223334136
4125;1347,5865772671718;102,72949846458286
4126;1347,5808131131355;102,72897679347865
4127;1347,5750018330943;102,72845732197528
4128;1347,5691438483839;102,72794005190913
4129;1347,5632395812056;102,7274249850787
4130;1347,5572894546083;102,72691212324486
4131;1347,5512938924612;102,72640146813069
4132;1347,545253319435;102,72589302142173
4133;1347,5391681609751;102,725386784766
4134;1347,5330388432837;102,72488275977403
4135;1347,5268657932947;102,72438094801905
4136;1347,52064943865;102,72388135103691
4137;1347,5143902076798;102,72338397032634
4138;1347,5080885293785;102,72288880734884
4139;1347,5017448333824;102,72239586352892
4140;1347,4953595499487;102,7219051402541
4141;1347,4889331099307;102,72141663887491
4142;1347,4824659447586;102,72093036070522
4143;1347,475958486414;102,72044630702202
4144;1347,4694111674105;102,71996447906568
4145;1347,46282442077;102,71948487804003
4146;1347,4561986800015;102,71900750511233
4147;1347,4495343790782;102,71853236141345
4148;1347,4428319524163;102,71805944803789
4149;1347,4360918348525;102,71758876604397
4150;1347,4293144616217;102,71712031645374
4151;1347,4225002683368;102,71665410025322
4152;1347,4156496909666;102,71619011839239
4153;1347,4087631658115;102,71572837178529
4154;1347,4018411294849;102,71526886131012
4155;1347,3948840188898;102,71481158780934
4156;1347,3878922711986;102,71435655208971
4157;1347,3808663238297;102,7139037549224
4158;1347,3738066144276;102,71345319704305
4159;1347,3667135808419;102,71300487915192
4160;1347,359587661104;102,71255880191387
4161;1347,3524292934067;102,71211496595856
4162;1347,3452389160843;102,71167337188042
4163;1347,3380169675897;102,71123402023885
4164;1347,330763886474;102,7107969115582
4165;1347,3234801113651;102,71036204632799
4166;1347,3161660809474;102,70992942500278
4167;1347,3088222339406;102,70949904800254
4168;1347,3014490090789;102,70907091571247
4169;1347,294046845089;102,70864502848329
4170;1347,2866161806721;102,70822138663117
4171;1347,2791574544808;102,70779999043796
4172;1347,2716711050991;102,70738084015117
4173;1347,2641575710231;102,7069639359841
4174;1347,2566172906386;102,70654927811597
4175;1347,2490507022026;102,70613686669188
4176;1347,2414582438214;102,70572670182307
4177;1347,233840353432;102,70531878358688
4178;1347,2261974687815;102,70491311202694
4179;1347,2185300274048;102,70450968715312
4180;1347,210838466608;102,70410850894179
4181;1347,2031232234467;102,70370957733577
4182;1347,1953847347063;102,70331289224451
4183;1347,1876234368817;102,70291845354416
4184;1347,1798397661596;102,70252626107762
4185;1347,172034158396;102,70213631465467
4186;1347,164207049099;102,70174861405205
4187;1347,1563588734084;102,7013631590136
4188;1347,1484900660766;102,70097994925025
4189;1347,1406010614487;102,70059898444025
4190;1347,1326922934445;102,70022026422909
4191;1347,1247641955374;102,69984378822974
4192;1347,1168172007376;102,69946955602273
4193;1347,1088517415715;102,69909756715614
4194;1347,1008682500637;102,69872782114581
4195;1347,0928671577178;102,6983603174753
4196;1347,084848895497;102,69799505559621
4197;1347,0768138938085;102,69763203492802
4198;1347,0687625824803;102,69727125485832
4199;1347,0606953907463;102,69691271474292
4200;1347,0526127472262;102,69655641390587
4201;1347,0445150799092;102,69620235163961
4202;1347,0364028161325;102,69585052720505
4203;1347,028276382567;102,69550093983167
4204;1347,0201362051957;102,69515358871762
4205;1347,0119827092988;102,69480847302977
4206;1347,0038163194336;102,69446559190389
4207;1346,9956374594187;102,69412494444467
4208;1346,987446552315;102,69378652972587
4209;1346,9792440204078;102,69345034679037
4210;1346,971030285191;102,69311639465032
4211;1346,962805767349;102,69278467228722
4212;1346,9545708867388;102,69245517865195
4213;1346,9463260623734;102,69212791266503
4214;1346,9380717124038;102,69180287321647
4215;1346,9298082541045;102,69148005916615
4216;1346,921536103853;102,69115946934372
4217;1346,9132556771162;102,69084110254875
4218;1346,9049673884326;102,69052495755083
4219;1346,8966716513953;102,69021103308978
4220;1346,888368878635;102,6898993278755
4221;1346,8800594818058;102,68958984058831
4222;1346,871743871566;102,68928256987893
4223;1346,8634224575644;102,68897751436859
4224;1346,8550956484228;102,68867467264923
4225;1346,8467638517202;102,68837404328339
4226;1346,8384274739778;102,68807562480451
4227;1346,8300869206423;102,68777941571697
4228;1346,821742596069;102,68748541449615
4229;1346,8133949035102;102,68719361958856
4230;1346,8050442450947;102,68690402941192
4231;1346,7966910218167;102,6866166423553
4232;1346,7883356335174;102,68633145677924
4233;1346,779978478871;102,68604847101577
4234;1346,7716199553709;102,68576768336852
4235;1346,763260459313;102,68548909211295
4236;1346,7549003857816;102,68521269549628
4237;1346,7465401286333;102,6849384917377
4238;1346,738180080485;102,68466647902842
4239;1346,7298206326977;102,68439665553188
4240;1346,7214621753615;102,68412901938363
4241;1346,7131050972819;102,68386356869166
4242;1346,7047497859664;102,68360030153643
4243;1346,6963966276096;102,68333921597088
4244;1346,6880460070786;102,68308031002066
4245;1346,6796983079003;102,68282358168413
4246;1346,6713539122468;102,68256902893263
4247;1346,6630132009223;102,68231664971034
4248;1346,6546765533492;102,68206644193458
4249;1346,6463443475536;102,68181840349581
4250;1346,6380169601546;102,68157253225779
4251;1346,6296947663486;102,6813288260577
4252;1346,6213781398974;102,68108728270609
4253;1346,613067453114;102,68084789998723
4254;1346,6047630768512;102,68061067565903
4255;1346,596465380488;102,6803756074532
4256;1346,5881747319168;102,68014269307531
4257;1346,5798914975317;102,67991193020504
4258;1346,5716160422144;102,67968331649611
4259;1346,563348729323;102,67945684957645
4260;1346,5550899206805;102,67923252704837
4261;1346,5468399765605;102,67901034648854
4262;1346,5385992556767;102,67879030544822
4263;1346,5303681151713;102,67857240145324
4264;1346,5221469106025;102,67835663200427
4265;1346,5139359959323;102,67814299457675
4266;1346,5057357235162;102,67793148662109
4267;1346,4975464440909;102,67772210556278
4268;1346,4893685067636;102,67751484880246
4269;1346,4812022589995;102,67730971371604
4270;1346,473048046612;102,67710669765479
4271;1346,4649062137519;102,67690579794551
4272;1346,4567771028949;102,67670701189053
4273;1346,4486610548327;102,6765103367679
4274;1346,4405584086608;102,6763157698315
4275;1346,4324695017688;102,67612330831106
4276;1346,4243946698302;102,67593294941238
4277;1346,4163342467912;102,67574469031734
4278;1346,4082885648606;102,67555852818403
4279;1346,4002579545015;102,67537446014691
4280;1346,3922427444188;102,67519248331688
4281;1346,3842432615513;102,67501259478135
4282;1346,3762598310607;102,67483479160443
4283;1346,3682927763225;102,6746590708269
4284;1346,3603424189166;102,67448542946651
4285;1346,3524090786182;102,67431386451794
4286;1346,344493073387;102,67414437295294
4287;1346,3365947193606;102,67397695172042
4288;1346,3287143308428;102,67381159774664
4289;1346,320852220297;102,67364830793521
4290;1346,3130086983351;102,67348707916729
4291;1346,3051840737112;102,67332790830163
4292;1346,297378653311;102,67317079217472
4293;1346,2895927421446;102,67301572760081
4294;1346,2818266433378;102,67286271137219
4295;1346,274080658124;102,67271174025912
4296;1346,2663550858354;102,67256281101004
4297;1346,2586502238958;102,67241592035161
4298;1346,2509663678122;102,67227106498892
4299;1346,243303811168;102,67212824160548
4300;1346,2356628456134;102,67198744686341
4301;1346,228043760861;102,67184867740347
4302;1346,2204468446746;102,6717119298453
4303;1346,2128723828648;102,67157720078734
4304;1346,2053206592807;102,67144448680713
4305;1346,1977919558026;102,6713137844613
4306;1346,1902865523352;102,67118509028565
4307;1346,1828047268023;102,67105840079539
4308;1346,1753467551378;102,67093371248514
4309;1346,1679129112797;102,67081102182907
4310;1346,1605034671643;102,67069032528097
4311;1346,15311869272;102,67057161927448
4312;1346,1457588558599;102,67045490022304
4313;1346,1384242224765;102,67034016452008
4314;1346,131115056435;102,67022740853916
4315;1346,1238316195693;102,67011662863399
4316;1346,1165741716734;102,6700078211386
4317;1346,1093429704974;102,6699009823674
4318;1346,1021382717413;102,66979610861539
4319;1346,0949603290505;102,66969319615811
4320;1346,0878093940098;102,66959224125192
4321;1346,0806857161374;102,66949324013395
4322;1346,0735895428813;102,66939618902232
4323;1346,0665211196138;102,6693010841162
4324;1346,059480689625;102,66920792159591
4325;1346,052468494121;102,66911669762308
4326;1346,0454847722174;102,66902740834067
4327;1346,0385297609346;102,66894004987316
4328;1346,031603695194;102,66885461832663
4329;1346,0247068078133;102,66877110978885
4330;1346,017839329503;102,66868952032938
4331;1346,0110014888612;102,6686098459998
4332;1346,0041935123709;102,66853208283358
4333;1345,9974156243954;102,66845622684639
4334;1345,9906680471736;102,66838227403615
4335;1345,9839510008185;102,66831022038315
4336;1345,9772647033121;102,66824006185006
4337;1345,9706093705029;102,66817179438219
4338;1345,963985216101;102,66810541390748
4339;1345,957392451678;102,66804091633671
4340;1345,9508312866599;102,66797829756344
4341;1345,9443019283271;102,66791755346432
4342;1345,937804581811;102,66785867989906
4343;1345,9313394500905;102,6678016727106
4344;1345,9249067339895;102,66774652772516
4345;1345,9185066321752;102,66769324075244
4346;1345,9121393411547;102,66764180758564
4347;1345,9058050552728;102,66759222400157
4348;1345,8995039667109;102,66754448576083
4349;1345,8932362654837;102,66749858860788
4350;1345,8870021394368;102,6674545282711
4351;1345,8808017742467;102,66741230046294
4352;1345,874635353418;102,66737190088006
4353;1345,8685030582812;102,66733332520336
4354;1345,8624050679914;102,66729656909816
4355;1345,8563415595272;102,66726162821428
4356;1345,8503127076897;102,66722849818606
4357;1345,8443186851;102,66719717463265
4358;1345,8383596622004;102,66716765315797
4359;1345,8324358072512;102,66713992935085
4360;1345,8265472863293;102,66711399878521
4361;1345,8206942633296;102,66708985701997
4362;1345,8148768999638;102,66706749959944
4363;1345,8090953557576;102,66704692205319
4364;1345,8033497880529;102,66702811989624
4365;1345,7976403520072;102,66701108862924
4366;1345,79196720059;102,6669958237384
4367;1345,786330484588;102,66698232069582
4368;1345,7807303526;102,66697057495935
4369;1345,7751669510399;102,66696058197293
4370;1345,7696404241353;102,66695233716652
4371;1345,7641509139294;102,66694583595631
4372;1345,7586985602795;102,66694107374478
4373;1345,7532835008583;102,6669380459208
4374;1345,7479058711547;102,66693674785978
4375;1345,7425658044735;102,66693717492372
4376;1345,7372634319383;102,66693932246133
4377;1345,7319988824888;102,66694318580824
4378;1345,7267722828844;102,66694876028687
4379;1345,7215837577048;102,66695604120676
4380;1345,716433429351;102,66696502386458
4381;1345,711321418045;102,66697570354427
4382;1345,7062478418338;102,66698807551708
4383;1345,7012128165895;102,66700213504171
4384;1345,6962164560107;102,6670178773645
4385;1345,6912588716236;102,66703529771934
4386;1345,6863401727849;102,66705439132797
4387;1345,681460466683;102,66707515339999
4388;1345,6766198583405;102,66709757913297
4389;1345,6718184506146;102,66712166371256
4390;1345,6670563442017;102,66714740231257
4391;1345,662333637637;102,66717479009519
4392;1345,6576504272975;102,66720382221088
4393;1345,6530068074062;102,66723449379869
4394;1345,6484028700324;102,66726679998625
4395;1345,6438387050957;102,66730073588985
4396;1345,6393144003673;102,66733629661466
4397;1345,6348300414736;102,66737347725473
4398;1345,6303857118992;102,6674122728931
4399;1345,6259814929892;102,66745267860193
4400;1345,6216174639535;102,66749468944265
4401;1345,6172937018675;102,66753830046594
4402;1345,613010281677;102,667583506712
4403;1345,608767276202;102,66763030321047
4404;1345,6045647561393;102,66767868498064
4405;1345,6004027900663;102,66772864703158
4406;1345,596281444442;102,66778018436214
4407;1345,5922007836157;102,66783329196116
4408;1345,588160869827;102,66788796480745
4409;1345,5841617632097;102,66794419787001
4410;1345,5802035217976;102,66800198610808
4411;1345,5762862015265;102,66806132447127
4412;1345,5724098562403;102,66812220789954
4413;1345,5685745376927;102,6681846313235
4414;1345,5647802955539;102,66824858966436
4415;1345,5610271774137;102,66831407783408
4416;1345,5573152287852;102,66838109073548
4417;1345,5536444931113;102,66844962326232
4418;1345,5500150117675;102,66851967029946
4419;1345,5464268240669;102,66859122672282
4420;1345,5428799672657;102,66866428739964
4421;1345,5393744765665;102,66873884718851
4422;1345,535910385126;102,66881490093945
4423;1345,5324877240569;102,66889244349402
4424;1345,5291065224344;102,66897146968549
4425;1345,5257668073007;102,66905197433883
4426;1345,5224686036718;102,66913395227088
4427;1345,5192119345406;102,66921739829041
4428;1345,5159968208845;102,6693023071983
4429;1345,512823281669;102,6693886737875
4430;1345,509691333854;102,66947649284323
4431;1345,506600992399;102,66956575914313
4432;1345,5035522702685;102,66965646745719
4433;1345,500545178441;102,66974861254798
4434;1345,4975797259094;102,66984218917072
4435;1345,4946559196906;102,66993719207338
4436;1345,4917737648304;102,6700336159967
4437;1345,4889332644107;102,67013145567446
4438;1345,4861344195526;102,67023070583343
4439;1345,4833772294264;102,67033136119348
4440;1345,4806616912551;102,6704334164677
4441;1345,4779878003217;102,6705368663626
4442;1345,4753555499763;102,670641705578
4443;1345,4727649316408;102,67074792880733
4444;1345,470215934817;102,67085553073754
4445;1345,4677085470928;102,67096450604942
4446;1345,465242754148;102,67107484941747
4447;1345,4628185397623;102,6711865555101
4448;1345,4604358858217;102,67129961898979
4449;1345,4580947723257;102,67141403451305
4450;1345,455795177393;102,67152979673061
4451;1345,4535370772685;102,67164690028747
4452;1345,4513204463335;102,67176533982307
4453;1345,4491452571092;102,67188510997126
4454;1345,4470114802646;102,6720062053605
4455;1345,4449190846256;102,6721286206139
4456;1345,44286803718;102,6722523503494
4457;1345,4408583030872;102,67237738917967
4458;1345,4388898456834;102,67250373171244
4459;1345,4369626264906;102,67263137255048
4460;1345,4350766052237;102,67276030629165
4461;1345,433231739798;102,67289052752906
4462;1345,431427986337;102,67302203085119
4463;1345,4296652991802;102,67315481084188
4464;1345,4279436308914;102,67328886208051
4465;1345,4262629322654;102,67342417914212
4466;1345,4246231523373;102,67356075659735
4467;1345,4230242383885;102,6736985890127
4468;1345,4214661359574;102,67383767095053
4469;1345,419948788845;102,67397799696923
4470;1345,4184721391246;102,67411956162319
4471;1345,4170361271495;102,67426235946297
4472;1345,415640691561;102,67440638503544
4473;1345,4142857692973;102,67455163288378
4474;1345,4129712956017;102,67469809754759
4475;1345,4116972040308;102,674845773563
4476;1345,4104634264625;102,67499465546283
4477;1345,4092698931047;102,6751447377765
4478;1345,4081165325053;102,6752960150303
4479;1345,4070032715595;102,67544848174738
4480;1345,4059300355175;102,6756021324479
4481;1345,4048967479962;102,67575696164909
4482;1345,4039033309846;102,67591296386529
4483;1345,402949704855;102,67607013360815
4484;1345,4020357883703;102,67622846538661
4485;1345,401161498694;102,67638795370709
4486;1345,4003267513983;102,67654859307349
4487;1345,3995314604747;102,67671037798732
4488;1345,398775538341;102,67687330294781
4489;1345,398058895851;102,67703736245193
4490;1345,3973814423043;102,67720255099455
4491;1345,3967430854548;102,67736886306852
4492;1345,396143731521;102,67753629316468
4493;1345,3955832851934;102,67770483577205
4494;1345,3950616496454;102,67787448537786
4495;1345,3945787265418;102,67804523646764
4496;1345,394134416048;102,67821708352535
4497;1345,3937286168407;102,67839002103338
4498;1345,393361226116;102,67856404347273
4499;1345,3930321395994;102,67873914532302
4500;1345,3927412515548;102,67891532106263
4501;1345,3924884547955;102,67909256516882
4502;1345,392273640693;102,67927087211766
4503;1345,3920966991864;102,6794502363843
4504;1345,3919575187915;102,67963065244292
4505;1345,3918559866113;102,67981211476693
4506;1345,3917919883463;102,67999461782892
4507;1345,3917654083034;102,68017815610088
4508;1345,391776129406;102,68036272405419
4509;1345,3918240332034;102,68054831615976
4510;1345,3919089998822;102,68073492688805
4511;1345,392030908274;102,68092255070921
4512;1345,392189635867;102,68111118209319
4513;1345,392385058816;102,68130081550973
4514;1345,3926170519505;102,6814914454285
4515;1345,3928854887868;102,68168306631922
4516;1345,393190241538;102,68187567265164
4517;1345,3935311811224;102,68206925889571
4518;1345,3939081771753;102,68226381952162
4519;1345,3943210980583;102,68245934899996
4520;1345,3947698108695;102,68265584180163
4521;1345,3952541814542;102,68285329239812
4522;1345,3957740744152;102,68305169526143
4523;1345,396329353122;102,68325104486428
4524;1345,3969198797217;102,68345133568012
4525;1345,3975455151506;102,68365256218316
4526;1345,3982061191418;102,6838547188486
4527;1345,3989015502382;102,68405780015259
4528;1345,3996316658006;102,68426180057232
4529;1345,4003963220198;102,68446671458614
4530;1345,4011953739266;102,68467253667362
4531;1345,402028675402;102,68487926131563
4532;1345,4028960791875;102,68508688299445
4533;1345,4037974368955;102,68529539619375
4534;1345,4047325990207;102,6855047953988
4535;1345,4057014149503;102,68571507509647
4536;1345,4067037329735;102,6859262297753
4537;1345,4077394002927;102,6861382539256
4538;1345,4088082630344;102,6863511420396
4539;1345,4099101662603;102,68656488861134
4540;1345,4110449539758;102,68677948813695
4541;1345,4122124691428;102,68699493511461
4542;1345,413412553689;102,68721122404466
4543;1345,4146450485198;102,68742834942967
4544;1345,4159097935274;102,68764630577452
4545;1345,4172066276024;102,68786508758647
4546;1345,4185353886446;102,68808468937523
4547;1345,4198959135733;102,6883051056531
4548;1345,4212880383382;102,68852633093493
4549;1345,4227115979295;102,68874835973827
4550;1345,424166426391;102,68897118658343
4551;1345,4256523568267;102,68919480599357
4552;1345,4271692214143;102,68941921249476
4553;1345,4287168514168;102,68964440061603
4554;1345,4302950771912;102,68987036488946
4555;1345,4319037282;102,69009709985029
4556;1345,4335426330229;102,69032460003699
4557;1345,4352116193652;102,69055285999119
4558;1345,4369105140713;102,69078187425802
4559;1345,438639143134;102,6910116373859
4560;1345,440397331706;102,69124214392683
4561;1345,4421849041096;102,69147338843635
4562;1345,4440016838487;102,6917053654736
4563;1345,4458474936196;102,69193806960149
4564;1345,4477221553204;102,69217149538666
4565;1345,4496254900644;102,69240563739963
4566;1345,4515573181873;102,69264049021483
4567;1345,4535174592615;102,69287604841068
4568;1345,4555057321054;102,69311230656966
4569;1345,4575219547942;102,69334925927842
4570;1345,4595659446704;102,69358690112776
4571;1345,4616375183562;102,69382522671273
4572;1345,463736491762;102,69406423063282
4573;1345,4658626800992;102,69430390749184
4574;1345,4680158978908;102,69454425189812
4575;1345,4701959589809;102,69478525846452
4576;1345,4724026765462;102,69502692180849
4577;1345,4746358631073;102,69526923655226
4578;1345,47689533054;102,6955121973227
4579;1345,4791808900845;102,69575579875155
4580;1345,4814923523563;102,69600003547542
4581;1345,4838295273591;102,69624490213587
4582;1345,4861922244934;102,69649039337952
4583;1345,4885802525685;102,696736503858
4584;1345,4909934198124;102,69698322822816
4585;1345,4934315338835;102,69723056115207
4586;1345,4958944018808;102,69747849729698
4587;1345,4983818303554;102,69772703133565
4588;1345,5008936253191;102,6979761579461
4589;1345,503429592258;102,69822587181194
4590;1345,5059895361421;102,69847616762225
4591;1345,5085732614348;102,69872704007174
4592;1345,511180572105;102,69897848386083
4593;1345,5138112716384;102,69923049369562
4594;1345,516465163046;102,69948306428805
4595;1345,5191420488763;102,6997361903559
4596;1345,5218417312267;102,69998986662287
4597;1345,524564011752;102,70024408781869
4598;1345,527308691677;102,70049884867906
4599;1345,530075571806;102,70075414394591
4600;1345,5328644525337;102,70100996836723
4601;1345,5356751338559;102,70126631669734
4602;1345,5385074153808;102,70152318369679
4603;1345,5413610963371;102,7017805641325
4604;1345,544235975588;102,70203845277788
4605;1345,5471318516393;102,70229684441273
4606;1345,5500485226503;102,70255573382344
4607;1345,552985786445;102,70281511580302
4608;1345,555943440523;102,70307498515109
4609;1345,5589212820678;102,70333533667404
4610;1345,5619191079597;102,70359616518502
4611;1345,5649367147848;102,70385746550403
4612;1345,5679738988458;102,70411923245797
4613;1345,5710304561724;102,70438146088067
4614;1345,5741061825322;102,70464414561303
4615;1345,5772008734396;102,70490728150297
4616;1345,5803143241674;102,70517086340561
4617;1345,5834463297572;102,70543488618318
4618;1345,5865966850292;102,70569934470525
4619;1345,589765184592;102,70596423384858
4620;1345,592951622854;102,70622954849742
4621;1345,5961557940323;102,70649528354336
4622;1345,5993774921637;102,70676143388545
4623;1345,6026165111161;102,70702799443035
4624;1345,605872644596;102,70729496009223
4625;1345,6091456861602;102,70756232579295
4626;1345,6124354292263;102,70783008646205
4627;1345,6157416670815;102,70809823703681
4628;1345,6190641928933;102,70836677246236
4629;1345,6224027997202;102,70863568769163
4630;1345,62575728052;102,70890497768553
4631;1345,6291274281612;102,70917463741291
4632;1345,6325130354332;102,70944466185063
4633;1345,6359138950554;102,70971504598364
4634;1345,6393297996867;102,70998578480504
4635;1345,6427605419358;102,71025687331611
4636;1345,6462059143719;102,71052830652631
4637;1345,6496657095333;102,71080007945348
4638;1345,6531397199374;102,7110721871237
4639;1345,6566277380916;102,71134462457155
4640;1345,6601295565015;102,71161738683996
4641;1345,6636449676814;102,71189046898041
4642;1345,6671737641632;102,7121638660529
4643;1345,6707157385074;102,71243757312607
4644;1345,674270683311;102,71271158527712
4645;1345,6778383912192;102,71298589759205
4646;1345,681418654932;102,71326050516551
4647;1345,6850112672162;102,71353540310105
4648;1345,6886160209142;102,713810586511
4649;1345,6922327089535;102,71408605051658
4650;1345,6958611243547;102,71436179024802
4651;1345,6995010602432;102,71463780084446
4652;1345,703152309857;102,71491407745414
4653;1345,706814666556;102,71519061523436
4654;1345,7104879238318;102,71546740935158
4655;1345,7141718753167;102,71574445498145
4656;1345,717866314793;102,7160217473088
4657;1345,7215710362018;102,71629928152781
4658;1345,7252858336526;102,71657705284197
4659;1345,7290105014322;102,71685505646407
4660;1345,7327448340134;102,71713328761645
4661;1345,7364886260646;102,7174117415308
4662;1345,740241672459;102,7176904134484
4663;1345,744003768282;102,71796929862
4664;1345,7477747088417;102,71824839230607
4665;1345,7515542896767;102,71852768977661
4666;1345,7553423065658;102,71880718631137
4667;1345,7591385555368;102,71908687719986
4668;1345,7629428328737;102,71936675774131
4669;1345,7667549351277;102,71964682324484
4670;1345,7705746591234;102,71992706902937
4671;1345,7744018019698;102,72020749042375
4672;1345,7782361610675;102,72048808276683
4673;1345,7820775341174;102,7207688414074
4674;1345,7859257191294;102,72104976170435
4675;1345,78978051443;102,72133083902656
4676;1345,793641718673;102,72161206875315
4677;1345,797509130845;102,7218934462733
4678;1345,8013825502755;102,72217496698646
4679;1345,805261776646;102,7224566263023
4680;1345,8091466099952;102,72273841964079
4681;1345,81303685073;102,72302034243222
4682;1345,816932299633;102,7233023901173
4683;1345,820832757869;102,72358455814704
4684;1345,8247380269968;102,72386684198305
4685;1345,8286479089732;102,7241492370973
4686;1345,8325622061625;102,72443173897234
4687;1345,8364807213457;102,72471434310131
4688;1345,8404032577262;102,72499704498794
4689;1345,8443296189398;102,72527984014657
4690;1345,848259609061;102,72556272410229
4691;1345,852193032611;102,72584569239086
4692;1345,8561296945663;102,7261287405588
4693;1345,8600694003646;102,72641186416351
4694;1345,8640119559154;102,7266950587731
4695;1345,8679571676043;102,72697831996665
4696;1345,8719048423034;102,7272616433341
4697;1345,875854787376;102,72754502447636
4698;1345,8798068106862;102,72782845900528
4699;1345,8837607206062;102,72811194254379
4700;1345,8877163260222;102,72839547072584
4701;1345,8916734363422;102,72867903919645
4702;1345,8956318615046;102,72896264361181
4703;1345,8995914119844;102,72924627963921
4704;1345,9035518987994;102,7295299429572
4705;1345,9075131335196;102,7298136292555
4706;1345,9114749282724;102,73009733423514
4707;1345,91543709575;102,7303810536084
4708;1345,9193994492168;102,73066478309892
4709;1345,923361802517;102,7309485184417
4710;1345,9273239700797;102,73123225538313
4711;1345,9312857669265;102,73151598968103
4712;1345,9352470086787;102,73179971710469
4713;1345,9392075115643;102,73208343343487
4714;1345,943167092423;102,73236713446386
4715;1345,9471255687158;102,73265081599556
4716;1345,9510827585282;102,7329344738454
4717;1345,9550384805784;102,73321810384043
4718;1345,9589925542248;102,73350170181939
4719;1345,9629447994698;102,73378526363268
4720;1345,9668950369692;102,73406878514243
4721;1345,9708430880366;102,73435226222247
4722;1345,9747887746496;102,73463569075845
4723;1345,978731919457;102,73491906664782
4724;1345,9826723457845;102,73520238579981
4725;1345,9866098776413;102,7354856441356
4726;1345,9905443397251;102,73576883758815
4727;1345,9944755574295;102,73605196210245
4728;1345,9984033568485;102,73633501363537
4729;1346,0023275647832;102,73661798815576
4730;1346,006248008749;102,73690088164453
4731;1346,010164516979;102,73718369009454
4732;1346,0140769184313;102,73746640951074
4733;1346,0179850427937;102,73774903591021
4734;1346,0218887204906;102,73803156532212
4735;1346,025787782688;102,73831399378771
4736;1346,029682061299;102,73859631736049
4737;1346,0335713889888;102,73887853210611
4738;1346,037455599182;102,73916063410245
4739;1346,0413345260654;102,73944261943963
4740;1346,0452080045955;102,73972448422002
4741;1346,0490758705032;102,74000622455831
4742;1346,0529379602986;102,74028783658154
4743;1346,056794111276;102,74056931642903
4744;1346,0606441615203;102,74085066025249
4745;1346,0644879499105;102,74113186421607
4746;1346,0683253161264;102,74141292449627
4747;1346,072156100652;102,74169383728206
4748;1346,0759801447816;102,74197459877489
4749;1346,0797972906246;102,74225520518867
4750;1346,0836073811088;102,74253565274984
4751;1346,0874102599876;102,74281593769737
4752;1346,0912057718426;102,74309605628274
4753;1346,0949937620903;102,74337600477008
4754;1346,0987740769845;102,7436557794361
4755;1346,102546563622;102,74393537657008
4756;1346,106311069947;102,74421479247401
4757;1346,110067444756;102,74449402346252
4758;1346,1138155377016;102,74477306586287
4759;1346,1175551992974;102,74505191601514
4760;1346,1212862809214;102,74533057027205
4761;1346,125008634821;102,74560902499903
4762;1346,1287221141167;102,74588727657441
4763;1346,1324265728067;102,7461653213892
4764;1346,136121865771;102,74644315584723
4765;1346,1398078487748;102,74672077636518
4766;1346,1434843784725;102,74699817937257
4767;1346,147151312413;102,74727536131175
4768;1346,150808509042;102,747552318638
4769;1346,1544558277062;102,74782904781947
4770;1346,158093128657;102,7481055453372
4771;1346,1617202730556;102,74838180768523
4772;1346,1653371229736;102,74865783137054
4773;1346,1689435414;102,74893361291299
4774;1346,1725393922425;102,74920914884552
4775;1346,1761245403318;102,7494844357141
4776;1346,179698851425;102,74975947007759
4777;1346,1832621922085;102,75003424850802
4778;1346,1868144303019;102,75030876759037
4779;1346,1903554342607;102,75058302392277
4780;1346,193885073581;102,75085701411642
4781;1346,1974032187;102,75113073479554
4782;1346,200909741002;102,75140418259757
4783;1346,2044045128189;102,75167735417301
4784;1346,2078874074355;102,75195024618553
4785;1346,2113582990903;102,75222285531194
4786;1346,2148170629807;102,75249517824228
4787;1346,2182635752638;102,75276721167972
4788;1346,2216977130597;102,75303895234063
4789;1346,2251193544546;102,7533103969546
4790;1346,228528378504;102,75358154226448
4791;1346,2319246652344;102,75385238502635
4792;1346,235308095646;102,75412292200949
4793;1346,238678551715;102,75439314999652
4794;1346,242035916397;102,75466306578328
4795;1346,2453800736287;102,75493266617895
4796;1346,2487109083306;102,75520194800595
4797;1346,252028306409;102,75547090810008
4798;1346,255332154758;102,75573954331043
4799;1346,258622341262;102,75600785049942
4800;1346,2618987547987;102,75627582654282
4801;1346,2651612852403;102,75654346832981
4802;1346,2684098234542;102,75681077276286
4803;1346,2716442613082;102,75707773675785
4804;1346,2748644916696;102,75734435724405
4805;1346,2780704084082;102,75761063116417
4806;1346,2812619063989;102,75787655547423
4807;1346,2844388815217;102,75814212714378
4808;1346,2876012306647;102,75840734315571
4809;1346,290748851725;102,75867220050637
4810;1346,2938816436117;102,75893669620558
4811;1346,2969995062451;102,75920082727662
4812;1346,3001023405607;102,75946459075617
4813;1346,303190048509;102,75972798369442
4814;1346,3062625330579;102,75999100315504
4815;1346,3093196981931;102,76025364621516
4816;1346,3123614489205;102,76051590996545
4817;1346,315387691266;102,76077779151004
4818;1346,318398332279;102,76103928796653
4819;1346,3213932800306;102,76130039646613
4820;1346,3243724436177;102,76156111415347
4821;1346,327335733161;102,76182143818677
4822;1346,3302830598086;102,76208136573777
4823;1346,3332143357356;102,7623408939917
4824;1346,3361294741455;102,76260002014742
4825;1346,3390283892704;102,76285874141723
4826;1346,3419109963722;102,76311705502708
4827;1346,344777211744;102,76337495821643
4828;1346,3476269527102;102,76363244823833
4829;1346,350460137626;102,76388952235932
4830;1346,35327668588;102,76414617785963
4831;1346,3560765178938;102,76440241203296
4832;1346,3588595551219;102,76465822218668
4833;1346,3616257200529;102,76491360564167
4834;1346,36437493621;102,76516855973242
4835;1346,367107128152;102,76542308180703
4836;1346,3698222214707;102,76567716922717
4837;1346,3725201427947;102,76593081936811
4838;1346,3752008197866;102,76618402961873
4839;1346,3778641811462;102,76643679738149
4840;1346,3805101566077;102,76668912007246
4841;1346,3831386769416;102,76694099512136
4842;1346,3857496739533;102,76719241997141
4843;1346,388343080485;102,76744339207954
4844;1346,3909188304126;102,76769390891629
4845;1346,393476858649;102,7679439679657
4846;1346,3960171011422;102,76819356672556
4847;1346,3985394948738;102,76844270270715
4848;1346,4010439778608;102,76869137343546
4849;1346,4035304891559;102,76893957644904
4850;1346,4059989688426;102,76918730930008
4851;1346,4084493580408;102,76943456955435
4852;1346,4108815989018;102,76968135479126
4853;1346,4132956346093;102,76992766260383
4854;1346,41569140938;102,77017349059868
4855;1346,418068868461;102,77041883639603
4856;1346,42042795813;102,77066369762977
4857;1346,4227686256943;102,77090807194732
4858;1346,4250908194908;102,77115195700975
4859;1346,4273944888848;102,77139535049174
4860;1346,4296795842683;102,77163825008152
4861;1346,4319460570612;102,771880653481
4862;1346,4341938597076;102,77212255840564
4863;1346,4364229456764;102,77236396258449
4864;1346,438633269461;102,77260486376024
4865;1346,4408247865763;102,7728452596891
4866;1346,4429974535594;102,77308514814094
4867;1346,4451512279666;102,77332452689917
4868;1346,447286068374;102,7735633937608
4869;1346,4494019343754;102,7738017465364
4870;1346,4514987865803;102,77403958305013
4871;1346,453576586614;102,77427690113969
4872;1346,455635297116;102,7745136986564
4873;1346,457674881737;102,7747499734651
4874;1346,459695305139;102,7749857234442
4875;1346,4616965329928;102,77522094648562
4876;1346,4636785319778;102,77545564049491
4877;1346,4656412697786;102,7756898033911
4878;1346,467584715085;102,77592343310673
4879;1346,4695088375893;102,77615652758796
4880;1346,4714136079847;102,77638908479439
4881;1346,4732989979648;102,77662110269917
4882;1346,4751649802188;102,776852579289
4883;1346,4770115284327;102,777083512564
4884;1346,4788386172863;102,77731390053788
4885;1346,4806462224506;102,77754374123778
4886;1346,4824343205871;102,77777303270437
4887;1346,4842028893454;102,77800177299173
4888;1346,4859519073602;102,77822996016752
4889;1346,4876813542498;102,77845759231275
4890;1346,4893912106147;102,77868466752196
4891;1346,491081458034;102,7789111839031
4892;1346,492752079064;102,77913713957763
4893;1346,4944030572372;102,77936253268034
4894;1346,4960343770576;102,77958736135949
4895;1346,4976460239993;102,7798116237768
4896;1346,499237984505;102,78003531810734
4897;1346,5008102459828;102,7802584425396
4898;1346,5023627968042;102,78048099527547
4899;1346,5038956263002;102,7807029745302
4900;1346,5054087247609;102,78092437853239
4901;1346,5069020834312;102,78114520552406
4902;1346,50837569451;102,78136545376054
4903;1346,5098295511455;102,78158512151053
4904;1346,5112636474341;102,78180420705604
4905;1346,5126779784175;102,78202270869238
4906;1346,5140725400786;102,78224062472822
4907;1346,5154473293408;102,78245795348549
4908;1346,5168023440638;102,78267469329946
4909;1346,5181375830407;102,78289084251863
4910;1346,5194530459955;102,78310639950475
4911;1346,5207487335813;102,78332136263289
4912;1346,522024647375;102,78353573029135
4913;1346,5232807898765;102,78374950088163
4914;1346,5245171645035;102,78396267281848
4915;1346,525733775591;102,78417524452982
4916;1346,5269306283874;102,78438721445683
4917;1346,5281077290488;102,78459858105384
4918;1346,5292650846407;102,78480934278835
4919;1346,5304027031298;102,78501949814101
4920;1346,5315205933837;102,78522904560566
4921;1346,532618765168;102,78543798368923
4922;1346,5336972291414;102,78564631091182
4923;1346,534755996853;102,78585402580656
4924;1346,5357950807393;102,78606112691978
4925;1346,5368144941194;102,7862676128108
4926;1346,537814251195;102,78647348205205
4927;1346,5387943670426;102,78667873322901
4928;1346,539754857613;102,7868833649402
4929;1346,5406957397267;102,78708737579714
4930;1346,5416170310716;102,78729076442443
4931;1346,542518750197;102,78749352945957
4932;1346,5434009165124;102,78769566955314
4933;1346,5442635502834;102,78789718336863
4934;1346,5451066726264;102,78809806958247
4935;1346,545930305507;102,78829832688407
4936;1346,5467344717351;102,78849795397576
4937;1346,5475191949624;102,78869694957271
4938;1346,5482844996766;102,78889531240308
4939;1346,5490304112;102,78909304120785
4940;1346,549756955683;102,78929013474084
4941;1346,550464160103;102,78948659176879
4942;1346,551152052259;102,78968241107115
4943;1346,5518206607678;102,7898775914403
4944;1346,5524700150604;102,79007213168136
4945;1346,553100145379;102,7902660306122
4946;1346,5537110827702;102,79045928706351
4947;1346,5543028590841;102,7906518998787
4948;1346,5548755069678;102,79084386791389
4949;1346,5554290598639;102,79103519003793
4950;1346,5559635520042;102,79122586513238
4951;1346,556479018407;102,79141589209144
4952;1346,556975494872;102,79160526982196
4953;1346,5574530179767;102,79179399724347
4954;1346,5579116250726;102,7919820732881
4955;1346,5583513542801;102,79216949690058
4956;1346,558772244485;102,79235626703829
4957;1346,5591743353343;102,79254238267103
4958;1346,559557667231;102,7927278427813
4959;1346,5599222813312;102,79291264636407
4960;1346,5602682195386;102,7930967924268
4961;1346,560595524501;102,79328027998949
4962;1346,5609042396054;102,79346310808458
4963;1346,5611944089742;102,79364527575696
4964;1346,56146607746;102,79382678206399
4965;1346,5617192906425;102,79400762607543
4966;1346,561954094822;102,79418780687344
4967;1346,5621705370174;102,7943673235525
4968;1346,5623686649606;102,79454617521957
4969;1346,5625485270907;102,7947243609938
4970;1346,5627101725524;102,7949018800068
4971;1346,5628536511888;102,79507873140238
4972;1346,5629790135376;102,79525491433667
4973;1346,5630863108283;102,79543042797802
4974;1346,5631755949748;102,79560527150704
4975;1346,563246918573;102,79577944411658
4976;1346,5633003348946;102,7959529450116
4977;1346,563335897884;102,79612577340939
4978;1346,5633536621522;102,79629792853918
4979;1346,5633536829732;102,79646940964251
4980;1346,5633360162792;102,79664021597296
4981;1346,5633007186552;102,79681034679619
4982;1346,5632478473347;102,79697980138992
4983;1346,5631774601957;102,79714857904396
4984;1346,563089615754;102,7973166790601
4985;1346,562984373161;102,79748410075217
4986;1346,5628617921968;102,79765084344592
4987;1346,5627219332669;102,7978169064791
4988;1346,5625648573953;102,7979822892014
4989;1346,5623906262229;102,7981469909744
4990;1346,5621993019995;102,7983110111716
4991;1346,561990947582;102,7984743491783
4992;1346,5617656264262;102,79863700439174
4993;1346,5615234025847;102,79879897622088
4994;1346,5612643406998;102,79896026408657
4995;1346,5609885060005;102,79912086742138
4996;1346,5606959642973;102,79928078566965
4997;1346,5603867819752;102,79944001828741
4998;1346,5600610259926;102,79959856474247
4999;1346,5597187638725;102,79975642451429
5000;1346,5593600636996;102,79991359709393
5001;1346,5589849941148;102,80007008198416
5002;1346,5585936243106;102,80022587869932
5003;1346,5581860240259;102,80038098676538
5004;1346,5577622635406;102,80053540571983
5005;1346,5573224136706;102,80068913511167
5006;1346,5568665457643;102,8008421745015
5007;1346,5563947316957;102,80099452346133
5008;1346,55590704386;102,8011461815747
5009;1346,5554035551688;102,80129714843649
5010;1346,5548843390447;102,80144742365313
5011;1346,554349469417;102,80159700684236
5012;1346,553799020716;102,80174589763327
5013;1346,5532330678666;102,80189409566631
5014;1346,5526516862865;102,80204160059328
5015;1346,552054951878;102,80218841207724
5016;1346,5514429410246;102,8023345297925
5017;1346,550815730585;102,80247995342464
5018;1346,550173397889;102,8026246826704
5019;1346,549516020732;102,80276871723778
5020;1346,5488436773687;102,80291205684591
5021;1346,5481564465097;102,80305470122505
5022;1346,5474544073152;102,80319665011656
5023;1346,5467376393908;102,8033379032729
5024;1346,5460062227817;102,8034784604576
5025;1346,5452602379669;102,8036183214452
5026;1346,5444997658562;102,80375748602125
5027;1346,5437248877827;102,80389595398229
5028;1346,5429356854988;102,8040337251358
5029;1346,5421322411717;102,80417079930017
5030;1346,5413146373762;102,80430717630473
5031;1346,5404829570916;102,80444285598968
5032;1346,5396372836954;102,80457783820601
5033;1346,5387777009585;102,8047121228156
5034;1346,53790429304;102,80484570969107
5035;1346,5370171444815;102,8049785987158
5036;1346,5361163402033;102,80511078978397
5037;1346,535201965497;102,80524228280039
5038;1346,534274106023;102,80537307768061
5039;1346,5333328478036;102,80550317435082
5040;1346,5323782772175;102,80563257274783
5041;1346,5314104809959;102,80576127281903
5042;1346,5304295462163;102,80588927452241
5043;1346,5294355602982;102,80601657782654
5044;1346,5284286109973;102,80614318271041
5045;1346,5274087864002;102,80626908916356
5046;1346,5263761749193;102,80639429718599
5047;1346,5253308652889;102,80651880678813
5048;1346,5242729465579;102,8066426179908
5049;1346,5232025080854;102,80676573082519
5050;1346,5221196395369;102,80688814533288
5051;1346,521024430877;102,8070098615657
5052;1346,5199169723658;102,80713087958581
5053;1346,5187973545526;102,80725119946567
5054;1346,5176656682722;102,80737082128789
5055;1346,5165220046383;102,80748974514533
5056;1346,5153664550387;102,807607971141
5057;1346,5141991111304;102,80772549938811
5058;1346,5130200648346;102,80784233000993
5059;1346,5118294083306;102,80795846313985
5060;1346,5106272340527;102,8080738989213
5061;1346,5094136346825;102,80818863750773
5062;1346,5081887031458;102,80830267906263
5063;1346,5069525326057;102,80841602375943
5064;1346,5057052164589;102,80852867178149
5065;1346,504446848331;102,80864062332215
5066;1346,5031775220693;102,80875187858453
5067;1346,5018973317397;102,80886243778167
5068;1346,5006063716196;102,80897230113644
5069;1346,4993047361957;102,80908146888144
5070;1346,4979925201558;102,80918994125912
5071;1346,4966698183857;102,80929771852158
5072;1346,4953367259636;102,80940480093065
5073;1346,4939933381547;102,80951118875791
5074;1346,4926397504064;102,80961688228444
5075;1346,491276058343;102,80972188180105
5076;1346,4899023577616;102,8098261876081
5077;1346,4885187446257;102,80992980001548
5078;1346,4871253150611;102,8100327193426
5079;1346,485722165351;102,81013494591842
5080;1346,4843093919299;102,81023648008127
5081;1346,4828870913793;102,81033732217901
5082;1346,481455360423;102,81043747256882
5083;1346,4800142959216;102,81053693161729
5084;1346,4785639948682;102,81063569970034
5085;1346,477104554382;102,81073377720321
5086;1346,4756360717047;102,81083116452037
5087;1346,4741586441953;102,81092786205559
5088;1346,472672369325;102,81102387022186
5089;1346,471177344672;102,81111918944131
5090;1346,4696736679168;102,81121382014524
5091;1346,468161436838;102,81130776277408
5092;1346,4666407493055;102,81140101777734
5093;1346,4651117032777;102,81149358561363
5094;1346,4635743967954;102,81158546675053
5095;1346,4620289279778;102,81167666166462
5096;1346,4604753950168;102,81176717084152
5097;1346,4589138961724;102,81185699477572
5098;1346,4573445297676;102,81194613397062
5099;1346,455767394185;102,8120345889385
5100;1346,45418258786;102,81212236020048
5101;1346,4525902092776;102,81220944828648
5102;1346,4509903569667;102,81229585373525
5103;1346,4493831294956;102,81238157709417
5104;1346,447768625467;102,81246661891949
5105;1346,446146943514;102,81255097977598
5106;1346,4445181822946;102,81263466023717
5107;1346,442882440488;102,81271766088517
5108;1346,4412398167883;102,81279998231071
5109;1346,439590409901;102,81288162511301
5110;1346,4379343185378;102,81296258989984
5111;1346,4362716414128;102,81304287728751
5112;1346,434602477237;102,8131224879007
5113;1346,432926924714;102,81320142237261
5114;1346,4312450825346;102,81327968134478
5115;1346,4295570493737;102,81335726546706
5116;1346,4278629238845;102,81343417539777
5117;1346,426162804695;102,81351041180339
5118;1346,4244567904025;102,81358597535875
5119;1346,4227449795692;102,81366086674687
5120;1346,4210274707182;102,813735086659
5121;1346,4193043623275;102,8138086357945
5122;1346,4175757528292;102,81388151486095
5123;1346,4158417406;102,81395372457398
5124;1346,4141024239607;102,8140252656573
5125;1346,41235790117;102,81409613884267
5126;1346,4106082704204;102,8141663448698
5127;1346,4088536298336;102,8142358844865
5128;1346,4070940774566;102,81430475844834
5129;1346,405329711257;102,81437296751898
5130;1346,403560629119;102,81444051246982
5131;1346,4017869288384;102,81450739408017
5132;1346,4000087081195;102,81457361313711
5133;1346,3982260645687;102,81463917043556
5134;1346,3964390956924;102,8147040667781
5135;1346,3946478988921;102,81476830297511
5136;1346,3928525714582;102,81483187984455
5137;1346,3910532105701;102,81489479821211
5138;1346,3892499132876;102,81495705891105
5139;1346,387442776549;102,8150186627822
5140;1346,385631897167;102,81507961067398
5141;1346,3838173718236;102,81513990344229
5142;1346,3819992970655;102,8151995419505
5143;1346,3801777693025;102,81525852706946
5144;1346,3783528848;102,81531685967745
5145;1346,3765247396786;102,81537454066004
5146;1346,3746934299072;102,81543157091025
5147;1346,3728590512994;102,81548795132838
5148;1346,3710216995114;102,81554368282197
5149;1346,3691814700358;102,81559876630585
5150;1346,3673384581987;102,81565320270211
5151;1346,3654927591551;102,8157069929399
5152;1346,3636444678862;102,81576013795564
5153;1346,3617936791936;102,81581263869278
5154;1346,3599404876982;102,81586449610194
5155;1346,358084987833;102,81591571114069
5156;1346,3562272738427;102,81596628477368
5157;1346,354367439776;102,81601621797256
5158;1346,3525055794853;102,81606551171586
5159;1346,3506417866213;102,81611416698905
5160;1346,3487761546294;102,81616218478453
5161;1346,346908776746;102,8162095661015
5162;1346,3450397459947;102,816256311946
5163;1346,3431691551832;102,81630242333082
5164;1346,3412970968984;102,81634790127556
5165;1346,3394236635038;102,81639274680649
5166;1346,3375489471357;102,81643696095651
5167;1346,3356730396995;102,81648054476531
5168;1346,3337960328663;102,81652349927907
5169;1346,3319180180686;102,81656582555063
5170;1346,330039086498;102,81660752463934
5171;1346,3281593291003;102,81664859761104
5172;1346,3262788365732;102,81668904553813
5173;1346,3243976993617;102,81672886949934
5174;1346,3225160076558;102,81676807057997
5175;1346,3206338513864;102,81680664987158
5176;1346,3187513202222;102,8168446084721
5177;1346,3168685035666;102,81688194748583
5178;1346,3149854905523;102,81691866802328
5179;1346,313102370041;102,81695477120124
5180;1346,3112192306182;102,81699025814272
5181;1346,3093361605913;102,81702512997693
5182;1346,3074532479839;102,81705938783914
5183;1346,3055705805355;102,81709303287086
5184;1346,3036882456959;102,81712606621956
5185;1346,301806330623;102,81715848903883
5186;1346,2999249221812;102,81719030248824
5187;1346,2980441069344;102,8172215077334
5188;1346,2961639711464;102,81725210594576
5189;1346,2942846007766;102,81728209830275
5190;1346,2924060814773;102,8173114859877
5191;1346,2905284985893;102,81734027018972
5192;1346,2886519371407;102,81736845210379
5193;1346,286776481842;102,81739603293062
5194;1346,2849022170853;102,81742301387672
5195;1346,2830292269398;102,81744939615425
5196;1346,2811575951496;102,81747518098109
5197;1346,2792874051295;102,81750036958074
5198;1346,2774187399639;102,81752496318236
5199;1346,2755516824034;102,81754896302063
5200;1346,2736863148614;102,81757237033578
5201;1346,2718227194118;102,81759518637357
5202;1346,269960977786;102,81761741238525
5203;1346,2681011713703;102,81763904962749
5204;1346,2662433812027;102,81766009936236
5205;1346,2643876879717;102,81768056285733
5206;1346,2625341720116;102,81770044138523
5207;1346,2606829133008;102,81771973622415
5208;1346,2588339914594;102,8177384486575
5209;1346,2569874857465;102,81775657997389
5210;1346,2551434750571;102,81777413146719
5211;1346,2533020379205;102,81779110443641
5212;1346,2514632524963;102,81780750018574
5213;1346,249627196574;102,81782332002442
5214;1346,2477939475682;102,81783856526684
5215;1346,245963582518;102,81785323723236
5216;1346,2441361780839;102,8178673372454
5217;1346,242311810545;102,81788086663536
5218;1346,2404905557978;102,81789382673655
5219;1346,238672489352;102,81790621888818
5220;1346,2368576863294;102,8179180444344
5221;1346,2350462214617;102,81792930472417
5222;1346,2332381690885;102,81794000111124
5223;1346,2314336031536;102,81795013495413
5224;1346,229632597204;102,81795970761618
5225;1346,2278352243882;102,81796872046536
5226;1346,2260415574522;102,81797717487436
5227;1346,224251668739;102,81798507222047
5228;1346,2224656301855;102,81799241388566
5229;1346,2206835133213;102,81799920125644
5230;1346,2189053892653;102,81800543572389
5231;1346,2171313287256;102,81801111868351
5232;1346,2153614019956;102,81801625153544
5233;1346,213595678953;102,8180208356841
5234;1346,211834229058;102,81802487253844
5235;1346,2100771213504;102,81802836351177
5236;1346,2083244244488;102,8180313100217
5237;1346,2065762065479;102,81803371349018
5238;1346,2048325354174;102,81803557534349
5239;1346,2030934783993;102,81803689701206
5240;1346,201359102407;102,81803767993067
5241;1346,1996294739226;102,81803792553814
5242;1346,1979046589952;102,81803763527755
5243;1346,1961847232405;102,81803681059601
5244;1346,1944697318377;102,81803545294483
5245;1346,1927597495285;102,81803356377924
5246;1346,1910548406145;102,81803114455859
5247;1346,1893550689574;102,81802819674618
5248;1346,1876604979761;102,81802472180927
5249;1346,1859711906445;102,81802072121906
5250;1346,184287209492;102,81801619645057
5251;1346,1826086165995;102,81801114898278
5252;1346,1809354736006;102,8180055802984
5253;1346,179267841677;102,81799949188402
5254;1346,1776057815607;102,81799288522993
5255;1346,1759493535287;102,81798576183013
5256;1346,174298617405;102,81797812318241
5257;1346,1726536325573;102,81796997078814
5258;1346,171014457896;102,81796130615231
5259;1346,169381151874;102,81795213078357
5260;1346,1677537724834;102,81794244619412
5261;1346,1661323772544;102,81793225389967
5262;1346,164517023257;102,81792155541945
5263;1346,162907767097;102,81791035227613
5264;1346,1613046649154;102,81789864599587
5265;1346,1597077723868;102,8178864381082
5266;1346,1581171447203;102,81787373014603
5267;1346,1565328366553;102,81786052364559
5268;1346,1549549024635;102,8178468201465
5269;1346,153383395945;102,81783262119154
5270;1346,15181837043;102,81781792832683
5271;1346,150259878776;102,81780274310168
5272;1346,1487079733668;102,81778706706854
5273;1346,1471627061123;102,81777090178308
5274;1346,1456241284475;102,81775424880401
5275;1346,1440922913314;102,8177371096932
5276;1346,142567245246;102,81771948601555
5277;1346,141049040195;102,81770137933897
5278;1346,1395377257045;102,81768279123436
5279;1346,1380333508207;102,81766372327563
5280;1346,1365359641093;102,81764417703953
5281;1346,135045613655;102,8176241541058
5282;1346,133562347062;102,817603656057
5283;1346,1320862114508;102,81758268447854
5284;1346,1306172534598;102,8175612409586
5285;1346,1291555192429;102,81753932708817
5286;1346,1277010544704;102,81751694446096
5287;1346,1262539043269;102,81749409467344
5288;1346,1248141135125;102,81747077932468
5289;1346,1233817262398;102,81744700001646
5290;1346,1219567862358;102,81742275835313
5291;1346,1205393367402;102,81739805594167
5292;1346,119129420505;102,81737289439161
5293;1346,1177270797941;102,81734727531494
5294;1346,1163336034156;102,81732120032625
5295;1346,1149465452181;102,81729467104249
5296;1346,1135671863253;102,81726768908311
5297;1346,1121955670442;102,81724025606994
5298;1346,1108317271912;102,81721237362716
5299;1346,1094757060944;102,81718404338133
5300;1346,1081275425897;102,81715526696127
5301;1346,106787275023;102,81712604599814
5302;1346,1054549412481;102,81709638212526
5303;1346,1041305786287;102,81706627697827
5304;1346,1028142240361;102,81703573219491
5305;1346,10150591385;102,81700474941515
5306;1346,1002056839582;102,816973330281
5307;1346,098913569757;102,81694147643667
5308;1346,0976296061503;102,81690918952833
5309;1346,0963538275496;102,8168764712043
5310;1346,0950862678749;102,8168433231148
5311;1346,0938269605524;102,81680974691204
5312;1346,0925759385182;102,81677574425026
5313;1346,091333234214;102,81674131678555
5314;1346,090098879591;102,8167064661759
5315;1346,0888729061078;102,81667119408112
5316;1346,0876553447301;102,8166355021629
5317;1346,0864462259326;102,8165993920847
5318;1346,0852455796978;102,81656286551176
5319;1346,084053435516;102,81652592411103
5320;1346,082869822387;102,81648856955118
5321;1346,0816947688186;102,81645080350262
5322;1346,080528302828;102,81641262763729
5323;1346,0793704519413;102,81637404362884
5324;1346,0782212431936;102,81633505315246
5325;1346,0770807031304;102,81629565788495
5326;1346,0759488578067;102,81625585950461
5327;1346,0748257327878;102,81621565969121
5328;1346,0737113531502;102,81617506012607
5329;1346,0726057434815;102,81613406249188
5330;1346,0715089278801;102,8160926684728
5331;1346,0704209299565;102,81605087975434
5332;1346,0693417728335;102,81600869802341
5333;1346,0682714791476;102,81596612496817
5334;1346,067210071047;102,81592316227814
5335;1346,0661575701943;102,81587981164411
5336;1346,0651139977676;102,8158360747581
5337;1346,0640793744574;102,81579195331335
5338;1346,0630537204713;102,81574744900423
5339;1346,062037055533;102,81570256352637
5340;1346,0610293988816;102,81565729857645
5341;1346,0600307692744;102,81561165585228
5342;1346,0590411849864;102,81556563705269
5343;1346,058060663811;102,81551924387765
5344;1346,05708922306;102,81547247802806
5345;1346,056126879567;102,81542534120582
5346;1346,0551736496843;102,81537783511385
5347;1346,054231037846;102,81532996145593
5348;1346,0532960847463;102,81528172193674
5349;1346,052370291371;102,81523311826192
5350;1346,0514536721646;102,81518415213786
5351;1346,0505462410947;102,8151348252718
5352;1346,0496480116549;102,8150851393718
5353;1346,0487589968648;102,81503509614664
5354;1346,0478792092729;102,81498469730592
5355;1346,0470086609535;102,81493394455981
5356;1346,0461473635112;102,81488283961926
5357;1346,0452953280808;102,81483138419586
5358;1346,044452565328;102,81477958000181
5359;1346,0436190854489;102,81472742874995
5360;1346,042794898175;102,81467493215362
5361;1346,0419800127706;102,81462209192675
5362;1346,0411744380347;102,81456890978379
5363;1346,0403781823027;102,81451538743967
5364;1346,0395912534466;102,81446152660979
5365;1346,0388151792745;102,81440732900998
5366;1346,038046926988;102,81435279635647
5367;1346,037288022356;102,81429793036591
5368;1346,0365399947204;102,81424273275526
5369;1346,035799803858;102,81418720524185
5370;1346,0350689773031;102,8141313495433
5371;1346,0343475197203;102,81407516737748
5372;1346,0336354353205;102,81401866046254
5373;1346,0329327278632;102,81396183051687
5374;1346,0322394006553;102,81390467925902
5375;1346,0315554565545;102,81384720840775
5376;1346,03088089797;102,8137894196819
5377;1346,0302157268648;102,8137313148005
5378;1346,0295599447545;102,81367289548267
5379;1346,0289135527107;102,81361416344753
5380;1346,028276551362;102,81355512041432
5381;1346,0276489408943;102,81349576810226
5382;1346,027030721055;102,81343610823056
5383;1346,026421891151;102,81337614251836
5384;1346,0258224500512;102,81331587268487
5385;1346,0252323961897;102,81325530044901
5386;1346,0246517275648;102,8131944275298
5387;1346,0240804417417;102,81313325564597
5388;1346,0235185358545;102,81307178651612
5389;1346,0229660066054;102,81301002185872
5390;1346,0224228502698;102,81294796339199
5391;1346,0218890626954;102,81288561283387
5392;1346,021366162449;102,81282297190214
5393;1346,0208510973434;102,81276004231415
5394;1346,0203453859244;102,81269682578711
5395;1346,0198490223465;102,81263332403773
5396;1346,0193620003447;102,81256953878247
5397;1346,0188843132355;102,81250547173731
5398;1346,0184159539203;102,81244112461792
5399;1346,0179569148859;102,81237649913946
5400;1346,017507188206;102,81231159701666
5401;1346,017066765543;102,81224641996374
5402;1346,01663563815;102,81218096969444
5403;1346,016213796873;102,81211524792197
5404;1346,0158012321513;102,81204925635893
5405;1346,0153979340207;102,81198299671739
5406;1346,015003892113;102,81191647070881
5407;1346,014619095661;102,81184968004402
5408;1346,0142435334976;102,81178262643314
5409;1346,0138771940585;102,81171531158574
5410;1346,0135200653833;102,81164773721052
5411;1346,0131721351195;102,81157990501558
5412;1346,012833390522;102,81151181670825
5413;1346,0125038184556;102,81144347399506
5414;1346,0121834053969;102,81137487858174
5415;1346,0118721374372;102,81130603217325
5416;1346,0115700002823;102,81123693647366
5417;1346,0112769792556;102,81116759318621
5418;1346,0109930593012;102,81109800401323
5419;1346,0107182249833;102,81102817065612
5420;1346,0104524604892;102,8109580948154
5421;1346,0101957496322;102,8108877781906
5422;1346,0099480758522;102,81081722248027
5423;1346,009709422218;102,81074642938196
5424;1346,0094797714305;102,8106754005922
5425;1346,0092591058217;102,81060413780645
5426;1346,0090474073604;102,81053264271915
5427;1346,0088446576515;102,81046091702359
5428;1346,0086508379388;102,81038896241199
5429;1346,0084659291076;102,8103167805754
5430;1346,0082899116862;102,81024437320376
5431;1346,0081227658477;102,81017174198574
5432;1346,0079644714122;102,81009888860889
5433;1346,007815007849;102,81002581475951
5434;1346,0076743542795;102,80995252212261
5435;1346,0075424894774;102,80987901238201
5436;1346,0074193918722;102,8098052872202
5437;1346,007305039551;102,80973134831832
5438;1346,007200825945;102,80965719735623
5439;1346,0071038933545;102,80958283601241
5440;1346,0070156382217;102,80950826596398
5441;1346,006936037285;102,80943348888661
5442;1346,0068650669511;102,80935850645466
5443;1346,0068027032971;102,80928332034091
5444;1346,006748922073;102,80920793221676
5445;1346,0067036987025;102,80913234375215
5446;1346,0066670082874;102,80905655661546
5447;1346,0066388256073;102,80898057247356
5448;1346,0066191251235;102,80890439299178
5449;1346,0066078809814;102,80882801983388
5450;1346,0066050670102;102,80875145466204
5451;1346,0066106567294;102,80867469913682
5452;1346,0066246233464;102,80859775491719
5453;1346,0066469397616;102,8085206236604
5454;1346,0066775785704;102,8084433070221
5455;1346,006716512064;102,80836580665624
5456;1346,0067637122343;102,80828812421501
5457;1346,006819150773;102,80821026134892
5458;1346,0068827990756;102,80813221970672
5459;1346,006954628244;102,8080540009354
5460;1346,0070346090881;102,80797560668012
5461;1346,007122712127;102,8078970385843
5462;1346,0072189075947;102,80781829828946
5463;1346,0073231654387;102,80773938743532
5464;1346,0074354553242;102,80766030765969
5465;1346,0075557466355;102,80758106059857
5466;1346,0076840084796;102,80750164788596
5467;1346,0078202096872;102,80742207115401
5468;1346,0079656002258;102,80734233203286
5469;1346,0081175803516;102,80726243215075
5470;1346,0082774046596;102,8071823731339
5471;1346,008446306548;102,80710215660652
5472;1346,0086217168723;102,80702178419084
5473;1346,008804873802;102,80694125750698
5474;1346,0089957443047;102,8068605781731
5475;1346,00919429509;102,80677974780522
5476;1346,0094017311474;102,80669876801726
5477;1346,009615536067;102,80661764042104
5478;1346,0098369198422;102,80653636662625
5479;1346,0100658481792;102,80645494824043
5480;1346,0103022865396;102,80637338686897
5481;1346,0105462001422;102,80629168411501
5482;1346,0107975539654;102,80620984157957
5483;1346,01105631275;102,80612786086138
5484;1346,0113224410013;102,806045743557
5485;1346,0115959029918;102,80596349126061
5486;1346,011876662762;102,80588110556424
5487;1346,0121646841258;102,80579858805757
5488;1346,012459930671;102,80571594032799
5489;1346,0127623657604;102,80563316396048
5490;1346,0130719525378;102,80555026053783
5491;1346,0133886539274;102,80546723164029
5492;1346,0137124326377;102,80538407884589
5493;1346,014043251163;102,80530080373013
5494;1346,0143810717866;102,80521740786618
5495;1346,014725856583;102,80513389282473
5496;1346,0150775674203;102,80505026017406
5497;1346,0154361659622;102,80496651147993
5498;1346,015801613671;102,8048826483057
5499;1346,0161738718107;102,80479867221214
5500;1346,016552901447;102,80471458475758
5501;1346,016938663453;102,80463038749775
5502;1346,017331118509;102,80454608198589
5503;1346,0177302271065;102,80446166977262
5504;1346,0181359495505;102,80437715240605
5505;1346,01854824596;102,80429253143161
5506;1346,018967076273;102,80420780839218
5507;1346,0193924002483;102,80412298482798
5508;1346,019824177468;102,8040380622766
5509;1346,020262367338;102,80395304227292
5510;1346,0207069290934;102,80386792634926
5511;1346,0211578217982;102,8037827160351
5512;1346,0216160207256;102,8036974128573
5513;1346,0220794451125;102,80361201833999
5514;1346,0225490766236;102,80352653400453
5515;1346,0230248736693;102,80344096136957
5516;1346,0235067945036;102,80335530195094
5517;1346,023994797224;102,80326955726171
5518;1346,0244888397774;102,80318372881214
5519;1346,0249888799585;102,80309781810973
5520;1346,0254948754155;102,80301182665903
5521;1346,0260067836507;102,80292575596187
5522;1346,026524562024;102,80283960751714
5523;1346,0270481677558;102,80275338282088
5524;1346,0275775579269;102,80266708336627
5525;1346,028112689484;102,80258071064353
5526;1346,0286535192397;102,80249426614002
5527;1346,0292000038767;102,8024077513401
5528;1346,0297530055045;102,80232116772525
5529;1346,0303106623294;102,80223451677396
5530;1346,0308738433043;102,80214779996176
5531;1346,0314425046154;102,80206101876112
5532;1346,0320174793123;102,80197417464161
5533;1346,03259696219;102,80188726906974
5534;1346,03318179324;102,80180030350897
5535;1346,0337719281888;102,80171327941973
5536;1346,034367322655;102,80162619825938
5537;1346,0349679321496;102,80153906148227
5538;1346,0355737120806;102,80145187053957
5539;1346,036184617754;102,80136462687942
5540;1346,036800604378;102,80127733194679
5541;1346,0374216270623;102,80118998718362
5542;1346,0380476408245;102,80110259402863
5543;1346,0386786005888;102,80101515391739
5544;1346,0393144611905;102,80092766828237
5545;1346,0399551773783;102,80084013855279
5546;1346,0406007038155;102,80075256615471
5547;1346,0412517625116;102,80066495251103
5548;1346,0419067656942;102,80057729904134
5549;1346,0425664426211;102,8004896071621
5550;1346,0432307476422;102,80040187828646
5551;1346,0438996350342;102,80031411382437
5552;1346,0445730590031;102,80022631518248
5553;1346,0452509736888;102,80013848376416
5554;1346,0459333331628;102,80005062096951
5555;1346,0466200914352;102,79996272819534
5556;1346,0473112024556;102,79987480683513
5557;1346,0480066201137;102,79978685827899
5558;1346,0487062982425;102,7996988839138
5559;1346,0494101906231;102,799610885123
5560;1346,0501182509843;102,7995228632867
5561;1346,050830433005;102,79943481978164
5562;1346,0515466903178;102,79934675598115
5563;1346,0522669765103;102,79925867325522
5564;1346,0529912451286;102,79917057297041
5565;1346,053719449678;102,79908245648986
5566;1346,054452168388;102,79899432517324
5567;1346,0551880975845;102,79890618037686
5568;1346,0559278230082;102,7988180234535
5569;1346,0566712980276;102,79872985575255
5570;1346,057418475984;102,7986416786199
5571;1346,058169310191;102,79855349339792
5572;1346,0589237539407;102,79846530142554
5573;1346,0596817605008;102,79837710403815
5574;1346,060443283121;102,79828890256766
5575;1346,0612088313846;102,79820069834244
5576;1346,0619772381922;102,7981124926873
5577;1346,0627495618287;102,7980242869235
5578;1346,0635246656382;102,7979360823688
5579;1346,0643030515405;102,79784788033739
5580;1346,065084672716;102,7977596821398
5581;1346,0658694823414;102,79767148908306
5582;1346,0666574335924;102,79758330247056
5583;1346,0674484796448;102,79749512360212
5584;1346,0682425736773;102,79740695377389
5585;1346,069040149029;102,79731879427845
5586;1346,069840190962;102,7972306464047
5587;1346,0706431404508;102,79714251143794
5588;1346,0714489507066;102,79705439065981
5589;1346,0722575749555;102,79696628534826
5590;1346,073068966438;102,79687819677757
5591;1346,0738830784135;102,79679012621835
5592;1346,0746998641607;102,79670207493754
5593;1346,075519276981;102,79661404419834
5594;1346,0763412701992;102,79652603526026
5595;1346,077166201286;102,79643804937912
5596;1346,077993207804;102,79635008780697
5597;1346,0788226548686;102,79626215179216
5598;1346,0796544959237;102,79617424257927
5599;1346,0804886844478;102,79608636140915
5600;1346,081325173956;102,79599850951888
5601;1346,0821639180033;102,79591068814179
5602;1346,0830048701844;102,79582289850738
5603;1346,0838479841375;102,79573514184143
5604;1346,084693213546;102,7956474193659
5605;1346,0855405121392;102,79555973229894
5606;1346,086389833697;102,7954720818549
5607;1346,087241132049;102,79538446924433
5608;1346,088094361079;102,79529689567391
5609;1346,0889494747244;102,79520936234655
5610;1346,0898064269813;102,79512187046127
5611;1346,090665171904;102,79503442121324
5612;1346,091525663607;102,79494701579387
5613;1346,0923878562683;102,79485965539052
5614;1346,0932517041313;102,79477234118691
5615;1346,094117161506;102,79468507436268
5616;1346,0949841827705;102,7945978560937
5617;1346,095852722374;102,79451068755195
5618;1346,0967227348385;102,79442356990542
5619;1346,09759417476;102,79433650431832
5620;1346,0984669968107;102,79424949195086
5621;1346,0993411557415;102,79416253395935
5622;1346,1002166063834;102,7940756314962
5623;1346,101093303649;102,79398878570986
5624;1346,1019712025343;102,79390199774485
5625;1346,1028502581225;102,79381526874174
5626;1346,103730425583;102,79372859983717
5627;1346,104611660175;102,79364199216377
5628;1346,1054939172482;102,79355544685029
5629;1346,1063771522456;102,79346896502143
5630;1346,1072613207052;102,79338254779795
5631;1346,1081463782612;102,79329619629662
5632;1346,1090322806467;102,79320991163024
5633;1346,109918983694;102,79312369490758
5634;1346,1108064433372;102,79303754723344
5635;1346,1116946156149;102,79295146970861
5636;1346,1125834566697;102,79286546342982
5637;1346,1134729227522;102,79277952948988
5638;1346,114362970221;102,79269366897749
5639;1346,1152535555455;102,79260788297735
5640;1346,1161446353074;102,79252217257013
5641;1346,1170361662014;102,79243653883249
5642;1346,1179281050381;102,792350982837
5643;1346,1188204087455;102,79226550565218
5644;1346,1197130791793;102,79218010834255
5645;1346,1206059769381;102,79209479196848
5646;1346,12149911109;102,79200955758638
5647;1346,122392439047;102,79192440624854
5648;1346,1232859183474;102,79183933900315
5649;1346,1241795066562;102,79175435689439
5650;1346,1250731617663;102,79166946096227
5651;1346,1259668381983;102,79158465224278
5652;1346,1268604940092;102,7914999317678
5653;1346,1277540908084;102,7914153005651
5654;1346,128647563177;102,79133075965841
5655;1346,1295409103213;102,79124631006724
5656;1346,130434073855;102,79116195280709
5657;1346,1313270125138;102,79107768888927
5658;1346,1322196851736;102,7909935193211
5659;1346,133112050854;102,79090944510564
5660;1346,1340040687162;102,79082546724187
5661;1346,1348956980685;102,79074158672469
5662;1346,1357868213818;102,7906578045448
5663;1346,1366775456743;102,79057412168879
5664;1346,1375677602878;102,79049053913914
5665;1346,138457425125;102,79040705787413
5666;1346,1393465002398;102,79032367886794
5667;1346,1402349458397;102,79024040309055
5668;1346,141122722288;102,79015723150786
5669;1346,142009790104;102,79007416508155
5670;1346,1428959813009;102,78999120476918
5671;1346,1437815076972;102,7899083515241
5672;1346,144666207997;102,78982560629554
5673;1346,1455500433583;102,78974297002854
5674;1346,1464329751027;102,78966044366398
5675;1346,1473149647156;102,78957802813852
5676;1346,1481959738485;102,78949572438474
5677;1346,1490759643193;102,78941353333092
5678;1346,1499548981137;102,78933145590125
5679;1346,1508327373872;102,78924949301567
5680;1346,1517094444664;102,78916764559001
5681;1346,152584981849;102,78908591453582
5682;1346,1534593122058;102,78900430076051
5683;1346,1543323983815;102,78892280516729
5684;1346,1552042033977;102,78884142865518
5685;1346,1560744694668;102,78876017211897
5686;1346,1569435960039;102,78867903644928
5687;1346,1578110987275;102,7885980225325
5688;1346,1586774011196;102,78851713125084
5689;1346,159542240187;102,78843636348229
5690;1346,1604055800278;102,78835572010063
5691;1346,1612673849233;102,78827520197544
5692;1346,1621276193396;102,78819480997207
5693;1346,1629862479278;102,78811454495167
5694;1346,1638432355267;102,78803440777119
5695;1346,1646985471616;102,78795439928332
5696;1346,1655521480486;102,78787452033657
5697;1346,166404003591;102,78779477177522
5698;1346,1672540793845;102,78771515443933
5699;1346,1681020399685;102,7876356691647
5700;1346,1689484483163;102,78755631678298
5701;1346,1697929748887;102,78747709812157
5702;1346,1706355860545;102,78739801400359
5703;1346,1714762483784;102,787319065248
5704;1346,1723149286222;102,7872402526695
5705;1346,1731515937447;102,78716157707859
5706;1346,1739862109039;102,78708303928151
5707;1346,1748187474566;102,78700464008031
5708;1346,1756488213503;102,78692638027277
5709;1346,1764770943528;102,78684826065245
5710;1346,1773031900593;102,78677028200869
5711;1346,1781267114943;102,78669244512659
5712;1346,1789483521932;102,78661475078702
5713;1346,179767720735;102,78653719976666
5714;1346,1805844055286;102,78645979283787
5715;1346,181399131286;102,78638253076886
5716;1346,1822114918755;102,78630541432358
5717;1346,1830214566965;102,78622844426172
5718;1346,1838289953582;102,78615162133877
5719;1346,1846340776785;102,78607494630599
5720;1346,1854366736864;102,78599841991041
5721;1346,1862367536207;102,7859220428948
5722;1346,1870342879333;102,78584581599772
5723;1346,1878292472868;102,78576973995348
5724;1346,1886216025587;102,78569381549222
5725;1346,1894108912352;102,78561804333978
5726;1346,1901979471959;102,78554242421778
5727;1346,1909823130263;102,78546695884366
5728;1346,1917639604617;102,78539164793057
5729;1346,1925428614554;102,78531649218749
5730;1346,1933189881759;102,78524149231913
5731;1346,1940923130112;102,785166649026
5732;1346,1948628085677;102,78509196300436
5733;1346,1956304476691;102,78501743494628
5734;1346,1963952033602;102,7849430655396
5735;1346,197157048905;102,7848688554679
5736;1346,1979159577884;102,78479480541058
5737;1346,1986719037166;102,78472091604282
5738;1346,1994248606172;102,78464718803555
5739;1346,2001748026405;102,78457362205552
5740;1346,200921704159;102,78450021876523
5741;1346,2016655397692;102,78442697882302
5742;1346,2024062842904;102,78435390288296
5743;1346,2031434012472;102,7842809915949
5744;1346,203877884961;102,78420824560457
5745;1346,2046092034293;102,78413566555342
5746;1346,2053368090124;102,78406325207871
5747;1346,2060617204977;102,78399100581346
5748;1346,2067833946119;102,78391892738657
5749;1346,2075018077526;102,78384701742269
5750;1346,2082169365458;102,78377527654224
5751;1346,2089287578453;102,78370370536152
5752;1346,2096372487322;102,7836323044926
5753;1346,2103423865165;102,78356107454331
5754;1346,2110435954212;102,78349001611737
5755;1346,2117419562646;102,78341912981428
5756;1346,2124368973443;102,78334841622934
5757;1346,2131278329573;102,78327787595367
5758;1346,2138158659527;102,78320750957424
5759;1346,2145004145914;102,78313731767382
5760;1346,2151814577899;102,78306730083101
5761;1346,2158589746955;102,7829974596202
5762;1346,2165329446868;102,78292779461171
5763;1346,21720276322;102,78285830637157
5764;1346,2178695752027;102,78278899546174
5765;1346,2185327798325;102,78271986243996
5766;1346,2191923574137;102,78265090785985
5767;1346,2198482884835;102,78258213227083
5768;1346,2205005538099;102,78251353621823
5769;1346,2211491343953;102,78244512024318
5770;1346,2217940114726;102,7823768848827
5771;1346,2224351665088;102,78230883066958
5772;1346,223072581203;102,78224095813259
5773;1346,2237056226427;102,7821732677963
5774;1346,2243354998202;102,78210576018115
5775;1346,22496158319;102,78203843580347
5776;1346,225583855384;102,78197129517541
5777;1346,2262022992675;102,78190433880505
5778;1346,2268168979379;102,78183756719632
5779;1346,2274276347277;102,78177098084906
5780;1346,2280344932028;102,781704580259
5781;1346,228636820496;102,78163836591773
5782;1346,2292358714126;102,78157233831273
5783;1346,2298309961498;102,78150649792742
5784;1346,2304221792076;102,7814408452411
5785;1346,2310087586582;102,78137538072897
5786;1346,2315920103829;102,78131010486213
5787;1346,2321712753667;102,78124501810765
5788;1346,2327465390426;102,78118012092841
5789;1346,2333177870785;102,78111541378335
5790;1346,2338843470727;102,78105089712724
5791;1346,2344468590345;102,7809865714108
5792;1346,2350059721268;102,78092243708069
5793;1346,235560349834;102,78085849457949
5794;1346,2361113065297;102,78079474434578
5795;1346,2366581665988;102,78073118681405
5796;1346,23720091734;102,7806678224147
5797;1346,237739546284;102,78060465157415
5798;1346,2382733662484;102,78054167471478
5799;1346,2388037132075;102,7804788922549
5800;1346,2393292236677;102,78041630460879
5801;1346,2398512417044;102,78035391218674
5802;1346,2403683968007;102,78029171539498
5803;1346,240881356719;102,78022971463577
5804;1346,2413901107261;102,78016791030731
5805;1346,2418953358326;102,78010630280383
5806;1346,2423956483879;102,78004489251552
5807;1346,2428924149478;102,77998367982865
5808;1346,2433849380793;102,77992266512537
5809;1346,2438732080898;102,779861848784
5810;1346,244357215516;102,77980123117875
5811;1346,2448369511255;102,77974081267993
5812;1346,2453124059139;102,77968059365386
5813;1346,2457835711061;102,77962057446287
5814;1346,246250438156;102,77956075546533
5815;1346,2467129987456;102,77950113701569
5816;1346,2471712447852;102,77944171946446
5817;1346,2476251684127;102,77938250315813
5818;1346,2480740559595;102,77932348843935
5819;1346,248519310918;102,77926467564674
5820;1346,2489602212768;102,77920606511508
5821;1346,249396780081;102,77914765717514
5822;1346,249828980602;102,77908945215385
5823;1346,2502568163343;102,7790314503742
5824;1346,25067956853;102,77897365215529
5825;1346,2510986551274;102,77891605781225
5826;1346,2515133588106;102,77885866765641
5827;1346,2519229587813;102,77880148199517
5828;1346,252328879202;102,77874450113204
5829;1346,2527304005948;102,77868772536667
5830;1346,253127518022;102,77863115499486
5831;1346,2535202267673;102,77857479030845
5832;1346,2539085223366;102,77851863159556
5833;1346,2542916807913;102,77846267914036
5834;1346,254671136786;102,77840693322321
5835;1346,255046167481;102,77835139412062
5836;1346,2554167692622;102,77829606210528
5837;1346,2557822168073;102,77824093744604
5838;1346,2561432279151;102,77818602040794
5839;1346,256500522571;102,7781313112522
5840;1346,256853376113;102,77807681023619
5841;1346,2572017860164;102,77802251761356
5842;1346,2575457499725;102,77796843363411
5843;1346,2578845416303;102,77791455854388
5844;1346,2582188828399;102,77786089258508
5845;1346,2585487720414;102,7778074359962
5846;1346,2588749328297;102,77775418901194
5847;1346,259196639455;102,77770115186321
5848;1346,2595131656603;102,7776483247772
5849;1346,2598252356815;102,77759570797734
5850;1346,2601328490205;102,77754330168332
5851;1346,2604367307877;102,77749110611109
5852;1346,2607361554878;102,77743912147287
5853;1346,2610311231497;102,77738734797717
5854;1346,2613209087397;102,77733578582875
5855;1346,2616069633564;102,77728443522871
5856;1346,261888562306;102,7772332963744
5857;1346,2621657064492;102,77718236945954
5858;1346,262437672224;102,77713165467411
5859;1346,2627059104;102,7770811522044
5860;1346,2629689735136;102,7770308622331
5861;1346,263227587971;102,77698078493914
5862;1346,2634824791946;102,77693092049786
5863;1346,2637322021076;102,77688126908093
5864;1346,2639782055348;102,77683183085637
5865;1346,264219768525;102,77678260598857
5866;1346,264456172027;102,77673359463826
5867;1346,264688141682;102,77668479696263
5868;1346,2649156806733;102,77663621311515
5869;1346,2651395124929;102,77658784324575
5870;1346,2653589193992;102,77653968750074
5871;1346,2655739050706;102,77649174602287
5872;1346,2657844733792;102,77644401895124
5873;1346,2659906283927;102,77639650642143
5874;1346,266191657585;102,77634920856545
5875;1346,2663889997457;102,77630212551169
5876;1346,2665819420072;102,77625525738503
5877;1346,2667704892078;102,77620860430682
5878;1346,2669546463774;102,77616216639485
5879;1346,2671344187345;102,77611594376337
5880;1346,2673098116886;102,7760699365231
5881;1346,2674808308354;102,7760241447813
5882;1346,2676474819589;102,77597856864166
5883;1346,2678090621882;102,77593320820439
5884;1346,2679669963945;102,77588806356621
5885;1346,2681198743371;102,77584313482039
5886;1346,2682684114693;102,77579842205667
5887;1346,2684133190967;102,77575392536133
5888;1346,2685531940208;102,77570964481724
5889;1346,2686894512053;102,77566558050377
5890;1346,2688206924354;102,77562173249686
5891;1346,2689483282938;102,77557810086903
5892;1346,269071664221;102,77553468568934
5893;1346,269190708002;102,77549148702346
5894;1346,2693047717817;102,77544850493362
5895;1346,2694152566862;102,77540573947871
5896;1346,2695214738844;102,77536319071416
5897;1346,2696234318619;102,77532085869203
5898;1346,269720449056;102,77527874346102
5899;1346,269813227458;102,77523684506643
5900;1346,269902463401;102,77519516355026
5901;1346,269987475841;102,7751536989511
5902;1346,2700682741179;102,77511245130421
5903;1346,2701441851386;102,77507142064152
5904;1346,2702165853839;102,77503060699163
5905;1346,2702848005176;102,77499001037984
5906;1346,2703488405457;102,77494963082809
5907;1346,270408039618;102,7749094683551
5908;1346,270463761818;102,7748695229762
5909;1346,2705146673693;102,77482979470354
5910;1346,2705621138273;102,77479028354588
5911;1346,270605437704;102,77475098950885
5912;1346,2706446499742;102,77471191259468
5913;1346,2706797617718;102,77467305280246
5914;1346,2707101208928;102,77463441012796
5915;1346,2707370676621;102,77459598456379
5916;1346,270759948322;102,7745577760993
5917;1346,270778774628;102,7745197847206
5918;1346,2707929027097;102,77448201041065
5919;1346,2708036581735;102,77444445314917
5920;1346,2708103954863;102,77440711291275
5921;1346,2708131270094;102,77436998967472
5922;1346,2708112175803;102,77433308340531
5923;1346,2708053317024;102,77429639407153
5924;1346,2707954822502;102,77425992163731
5925;1346,2707823235744;102,77422366606336
5926;1346,2707652231911;102,77418762730733
5927;1346,2707435573411;102,7741518053237
5928;1346,2707186155963;102,77411620006384
5929;1346,2706891397377;102,77408081147601
5930;1346,2706557804884;102,77404563950542
5931;1346,2706185517147;102,77401068409414
5932;1346,270578093164;102,77397594518114
5933;1346,270533788601;102,77394142270239
5934;1346,2704856522346;102,77390711659078
5935;1346,2704330796753;102,77387302677612
5936;1346,270377325248;102,77383915318516
5937;1346,2703171685225;102,77380549574173
5938;1346,2702538545605;102,77377205436649
5939;1346,2701861728035;102,7737388289772
5940;1346,270115358877;102,77370581948854
5941;1346,2700408163864;102,77367302581224
5942;1346,269962560588;102,77364044785705
5943;1346,269880606864;102,77360808552869
5944;1346,2697949707206;102,77357593872995
5945;1346,2697056677878;102,77354400736067
5946;1346,2696127138192;102,77351229131774
5947;1346,2695161246888;102,77348079049511
5948;1346,2694153302186;102,77344950478377
5949;1346,2693109379843;102,77341843407184
5950;1346,2692035451344;102,77338757824447
5951;1346,269092581848;102,77335693718398
5952;1346,268977489111;102,77332651076975
5953;1346,2688594371775;102,7732962988783
5954;1346,268737294539;102,77326630138323
5955;1346,2686122207972;102,77323651815539
5956;1346,2684836601093;102,77320694906267
5957;1346,2683516295006;102,77317759397013
5958;1346,2682161461053;102,77314845274007
5959;1346,2680772271651;102,77311952523189
5960;1346,2679348900283;102,7730908113022
5961;1346,267788601782;102,77306231080482
5962;1346,2676394835946;102,77303402359078
5963;1346,267486999901;102,77300594950829
5964;1346,267331168464;102,77297808840281
5965;1346,2671720071476;102,77295044011703
5966;1346,267009533916;102,77292300449088
5967;1346,266843766831;102,7728957813616
5968;1346,266674194161;102,77286877056359
5969;1346,2665018969324;102,77284197192859
5970;1346,266326360632;102,77281538528565
5971;1346,266147082825;102,77278901046105
5972;1346,2659651268407;102,7727628472784
5973;1346,265779472614;102,77273689555862
5974;1346,2655911715183;102,77271115511998
5975;1346,2653992158637;102,77268562577808
5976;1346,2652041393844;102,7726603073458
5977;1346,2650064635607;102,77263519963347
5978;1346,2648056988082;102,7726103024487
5979;1346,2646018642806;102,77258561559651
5980;1346,264394979214;102,77256113887934
5981;1346,2641850629277;102,77253687209694
5982;1346,263972134821;102,77251281504651
5983;1346,2637557308294;102,77248896752272
5984;1346,2635368407985;102,77246532931753
5985;1346,2633149976348;102,77244190022044
5986;1346,2630902210512;102,77241868001838
5987;1346,262862060153;102,7723956684957
5988;1346,2626310119772;102,77237286543424
5989;1346,2623975606682;102,77235027061329
5990;1346,262161255553;102,77232788380964
5991;1346,2619221167088;102,77230570479757
5992;1346,261680164281;102,7722837333489
5993;1346,2614354184848;102,7722619692329
5994;1346,261187899602;102,77224041221638
5995;1346,2609371835815;102,77221906206373
5996;1346,2606841829659;102,77219791853685
5997;1346,2604284705099;102,77217698139519
5998;1346,2601700667512;102,77215625039575
5999;1346,2599089922905;102,7721357252932
6000;1346,259644840157;102,77211540583966
6001;1346,2593784897124;102,77209529178495
6002;1346,2591095307298;102,77207538287644
6003;1346,2588375665885;102,7720556788591
6004;1346,258563042451;102,77203617947563
6005;1346,2582863899113;102,77201688446624
6006;1346,2580072125118;102,77199779356887
6007;1346,2577255313013;102,7719789065191
6008;1346,2574409670565;102,77196022305012
6009;1346,2571539481505;102,77194174289289
6010;1346,256864889213;102,771923465776
6011;1346,2565734111688;102,77190539142573
6012;1346,2562795353085;102,77188751956612
6013;1346,255982899978;102,7718698499189
6014;1346,2556842960248;102,77185238220348
6015;1346,2553833584013;102,7718351161371
6016;1346,2550797360645;102,77181805143468
6017;1346,254774199042;102,77180118780896
6018;1346,2544660273827;102,77178452497037
6019;1346,2541559771619;102,7717680626272
6020;1346,2538437009994;102,77175180048552
6021;1346,2535292205516;102,7717357382491
6022;1346,2532125575092;102,77171987561967
6023;1346,252893733597;102,7717042122967
6024;1346,2525727705722;102,77168874797748
6025;1346,252249690224;102,77167348235719
6026;1346,2519241771938;102,77165841512885
6027;1346,2515965976306;102,77164354598328
6028;1346,2512673034757;102,7716288746093
6029;1346,250935979564;102,7716144006935
6030;1346,2506023246983;102,77160012392041
6031;1346,2502670103363;102,77158604397245
6032;1346,2499297319748;102,77157216052998
6033;1346,2495905116152;102,77155847327128
6034;1346,2492493712805;102,77154498187255
6035;1346,248906333013;102,77153168600796
6036;1346,2485614188754;102,77151858534958
6037;1346,2482146509478;102,77150567956755
6038;1346,2478660513286;102,77149296832987
6039;1346,2475153515384;102,77148045130261
6040;1346,2471628715082;102,7714681281498
6041;1346,2468089167694;102,77145599853351
6042;1346,2464532188847;102,77144406211382
6043;1346,2460958000204;102,77143231854879
6044;1346,245736682355;102,77142076749459
6045;1346,2453756191346;102,7714094086054
6046;1346,2450131740518;102,77139824153349
6047;1346,2446488350429;102,77138726592915
6048;1346,2442831513592;102,77137648144083
6049;1346,2439158798882;102,77136588771499
6050;1346,2435470428488;102,77135548439625
6051;1346,243176662464;102,77134527112732
6052;1346,2428047609578;102,77133524754902
6053;1346,2424313605568;102,77132541330036
6054;1346,2420564834863;102,7713157680184
6055;1346,2416799191933;102,77130631133845
6056;1346,2413019299115;102,77129704289393
6057;1346,2409227634057;102,77128796231646
6058;1346,2405422091133;102,77127906923583
6059;1346,2401600709259;102,77127036328002
6060;1346,2397765965914;102,77126184407524
6061;1346,2393920193977;102,77125351124592
6062;1346,2390061432154;102,7712453644147
6063;1346,2386189902245;102,77123740320243
6064;1346,2382305825945;102,77122962722827
6065;1346,2378407458166;102,77122203610959
6066;1346,2374497059072;102,77121462946207
6067;1346,237057674459;102,7712074068996
6068;1346,2366642910536;102,77120036803448
6069;1346,2362699531277;102,77119351247721
6070;1346,2358744933008;102,77118683983659
6071;1346,2354779336442;102,77118034971983
6072;1346,2350801247003;102,77117404173238
6073;1346,2346814351015;102,7711679154781
6074;1346,2342817117658;102,77116197055919
6075;1346,233880976685;102,77115620657615
6076;1346,2334792518288;102,77115062312797
6077;1346,233076405509;102,77114521981187
6078;1346,2326727704803;102,77113999622362
6079;1346,2322682114382;102,7711349519573
6080;1346,2318627502552;102,77113008660542
6081;1346,2314564087753;102,77112539975892
6082;1346,2310492088168;102,77112089100719
6083;1346,2306411721672;102,77111655993804
6084;1346,2302323205863;102,77111240613776
6085;1346,229822675803;102,77110842919107
6086;1346,229412259514;102,77110462868124
6087;1346,2290010933848;102,77110100418996
6088;1346,2285891990464;102,7710975552974
6089;1346,2281765980965;102,77109428158234
6090;1346,227763312098;102,77109118262194
6091;1346,2273492583918;102,771088257992
6092;1346,2269346703283;102,77108550726683
6093;1346,2265193644675;102,77108293001926
6094;1346,2261035601211;102,77108052582068
6095;1346,2256870877059;102,77107829424108
6096;1346,2252701525435;102,77107623484902
6097;1346,2248525988514;102,77107434721164
6098;1346,2244346180114;102,7710726308947
6099;1346,2240160679844;102,77107108546251
6100;1346,2235971262635;102,77106971047812
6101;1346,2231777340758;102,77106850550305
6102;1346,2227579124935;102,77106747009762
6103;1346,2223376197942;102,77106660382067
6104;1346,2219169465154;102,77106590622984
6105;1346,2214959695107;102,77106537688128
6106;1346,2210746469118;102,77106501532994
6107;1346,2206529503744;102,77106482112944
6108;1346,2202309566007;102,77106479383208
6109;1346,219808728736;102,77106493298888
6110;1346,219386238281;102,77106523814957
6111;1346,2189634701206;102,77106570886265
6112;1346,218540519641;102,77106634467533
6113;1346,218117368273;102,77106714513357
6114;1346,217694036477;102,77106810978215
6115;1346,2172705446574;102,77106923816454
6116;1346,2168469131623;102,77107052982305
6117;1346,2164231622808;102,77107198429876
6118;1346,215999312245;102,77107360113155
6119;1346,2155753739335;102,77107537986016
6120;1346,2151513893082;102,7710773200221
6121;1346,2147273658547;102,77107942115371
6122;1346,214303323563;102,77108168279025
6123;1346,213879286055;102,77108410446574
6124;1346,2134552759433;102,77108668571314
6125;1346,2130313028733;102,77108942606421
6126;1346,2126073902748;102,77109232504968
6127;1346,212183557819;102,77109538219906
6128;1346,2117598448044;102,7710985970409
6129;1346,2113362345517;102,77110196910259
6130;1346,2109127630467;102,77110549791041
6131;1346,210489449693;102,77110918298963
6132;1346,2100663461224;102,7711130238645
6133;1346,2096434101302;102,77111702005811
6134;1346,2092206900736;102,7711211710926
6135;1346,2087982050778;102,77112547648906
6136;1346,2083760189141;102,77112993576759
6137;1346,2079540642044;102,77113454844725
6138;1346,2075324014875;102,77113931404607
6139;1346,2071111035073;102,7711442320812
6140;1346,2066901411938;102,77114930206871
6141;1346,2062694732235;102,77115452352375
6142;1346,205849235104;102,77115989596052
6143;1346,2054293223957;102,77116541889227
6144;1346,20500988251;102,77117109183128
6145;1346,2045907988454;102,7711769142889
6146;1346,2041721556955;102,77118288577566
6147;1346,203753971285;102,77118900580105
6148;1346,2033363445723;102,77119527387374
6149;1346,2029192186612;102,77120168950151
6150;1346,2025025248508;102,77120825219123
6151;1346,2020863618566;102,7712149614489
6152;1346,2016707475025;102,77122181677973
6153;1346,2012557948358;102,77122881768797
6154;1346,2008413337633;102,77123596367713
6155;1346,2004275753022;102,77124325424982
6156;1346,2000143377597;102,77125068890787
6157;1346,1996018433633;102,77125826715229
6158;1346,1991898989274;102,77126598848328
6159;1346,1987786255286;102,77127385240026
6160;1346,1983680403182;102,77128185840186
6161;1346,197958278149;102,77129000598595
6162;1346,1975491231733;102,77129829464958
6163;1346,1971407073072;102,77130672388918
6164;1346,1967330473537;102,77131529320029
6165;1346,1963262887177;102,7713240020778
6166;1346,1959201933353;102,77133285001585
6167;1346,1955149037276;102,77134183650786
6168;1346,195110436341;102,77135096104655
6169;1346,1947069468908;102,77136022312395
6170;1346,1943043175415;102,77136962223142
6171;1346,1939024198205;102,77137915785961
6172;1346,1935015563686;102,77138882949852
6173;1346,1931014513566;102,77139863663744
6174;1346,192702265282;102,77140857876513
6175;1346,192304013947;102,7714186553696
6176;1346,1919067130618;102,77142886593826
6177;1346,1915103782412;102,77143920995795
6178;1346,1911150250064;102,7714496869148
6179;1346,1907206687824;102,77146029629445
6180;1346,1903274923573;102,77147103758185
6181;1346,1899353484303;102,77148191026141
6182;1346,1895440797314;102,77149291381699
6183;1346,1891538687569;102,77150404773184
6184;1346,1887647304509;102,77151531148867
6185;1346,1883768592666;102,77152670456967
6186;1346,187989913124;102,77153822645646
6187;1346,1876042682345;102,7715498766301
6188;1346,1872197594962;102,77156165457124
6189;1346,1868364013137;102,77157355975989
6190;1346,186454016643;102,77158559167567
6191;1346,1860728064373;102,77159774979762
6192;1346,1856927848512;102,77161003360438
6193;1346,1853139659381;102,77162244257404
6194;1346,1849363636513;102,77163497618427
6195;1346,1845601945395;102,77164763391228
6196;1346,1841852740936;102,77166041523482
6197;1346,183811408798;102,77167331962823
6198;1346,1834390241952;102,77168634656839
6199;1346,1830679287657;102,77169949553077
6200;1346,182697922182;102,77171276599042
6201;1346,1823292269817;102,77172615742205
6202;1346,1819618563;102,77173966929988
6203;1346,1815958231693;102,77175330109783
6204;1346,1812311405185;102,77176705228938
6205;1346,1808678211712;102,7717809223477
6206;1346,1805058778468;102,77179491074558
6207;1346,1801455513782;102,77180901695546
6208;1346,1797866300901;102,77182324044945
6209;1346,1794288941073;102,77183758069928
6210;1346,179072818157;102,77185203717646
6211;1346,178718184149;102,7718666093521
6212;1346,1783647659981;102,77188129669702
6213;1346,1780128098962;102,77189609868178
6214;1346,177662327719;102,7719110147766
6215;1346,177313331236;102,7719260444515
6216;1346,1769660778523;102,77194118717617
6217;1346,176620337101;102,77195644242002
6218;1346,1762758709351;102,77197180965226
6219;1346,1759329364354;102,77198728834186
6220;1346,175591544835;102,77200287795752
6221;1346,1752517072598;102,77201857796771
6222;1346,174913691371;102,7720343878407
6223;1346,174577254944;102,7720503070446
6224;1346,1742421485935;102,7720663350472
6225;1346,173908639654;102,7720824713162
6226;1346,173576738709;102,77209871531909
6227;1346,1732467214777;102,77211506652316
6228;1346,1729180695077;102,77213152439558
6229;1346,172591056614;102,77214808840327
6230;1346,1722659631355;102,77216475801313
6231;1346,1719425321467;102,77218153269183
6232;1346,1716207735228;102,77219841190592
6233;1346,1713006970308;102,77221539512182
6234;1346,1709823123276;102,77223248180587
6235;1346,1706653508893;102,77224967142425
6236;1346,170350097176;102,77226696344313
6237;1346,1700368416705;102,77228435732843
6238;1346,1697250329278;102,77230185254615
6239;1346,1694152437638;102,77231944856211
6240;1346,1691069165618;102,77233714484215
6241;1346,1688003428505;102,77235494085193
6242;1346,1684958198227;102,77237283605717
6243;1346,1681930706295;102,7723908299235
6244;1346,1678921038256;102,77240892191651
6245;1346,1675926353557;102,77242711150177
6246;1346,1672949633655;102,77244539814487
6247;1346,1669993913024;102,7724637813113
6248;1346,1667053382976;102,77248226046666
6249;1346,1664134040223;102,77250083507646
6250;1346,1661233011935;102,77251950460627
6251;1346,165834737299;102,77253826852166
6252;1346,165548017828;102,77255712628825
6253;1346,1652631503937;102,77257607737168
6254;1346,1649801424971;102,77259512123769
6255;1346,1646993066624;102,77261425735196
6256;1346,1644203473631;102,77263348518032
6257;1346,1641432717136;102,77265280418867
6258;1346,1638677781518;102,77267221384292
6259;1346,1635944895968;102,77269171360913
6260;1346,1633231053902;102,77271130295343
6261;1346,1630536322039;102,77273098134201
6262;1346,1627857637054;102,77275074824126
6263;1346,162520131098;102,77277060311759
6264;1346,1622561139304;102,77279054543757
6265;1346,1619943473347;102,77281057466794
6266;1346,1617345234972;102,77283069027548
6267;1346,1614763305256;102,7728508917272
6268;1346,161220090324;102,77287117849028
6269;1346,1609661285163;102,77289155003197
6270;1346,1607141328766;102,77291200581973
6271;1346,1604637873886;102,77293254532125
6272;1346,160215417343;102,7729531680043
6273;1346,1599690281414;102,77297387333691
6274;1346,1597249492402;102,77299466078732
6275;1346,1594825383172;102,77301552982394
6276;1346,1592421237679;102,77303647991536
6277;1346,1590040371343;102,77305751053048
6278;1346,1587679582287;102,77307862113837
6279;1346,158533563645;102,77309981120833
6280;1346,1583015134283;102,77312108020989
6281;1346,1580714847025;102,77314242761291
6282;1346,1578434818334;102,77316385288744
6283;1346,157617178153;102,77318535550377
6284;1346,1573932389927;102,7732069349325
6285;1346,1571713381463;102,77322859064456
6286;1346,156951479545;102,77325032211107
6287;1346,1567336670103;102,77327212880346
6288;1346,1565179042561;102,7732940101935
6289;1346,1563041948898;102,77331596575326
6290;1346,1560922072233;102,77333799495511
6291;1346,1558822787545;102,7733600972717
6292;1346,155674749072;102,77338227217612
6293;1346,155469286163;102,77340451914169
6294;1346,1552655558567;102,77342683764212
6295;1346,155064235131;102,7734492271514
6296;1346,1548649900874;102,77347168714401
6297;1346,1546678234765;102,77349421709467
6298;1346,1544723989261;102,7735168164785
6299;1346,1542793966105;102,77353948477105
6300;1346,154088480362;102,77356222144817
6301;1346,1538993123393;102,77358502598618
6302;1346,1537125747554;102,77360789786174
6303;1346,1535279299244;102,77363083655192
6304;1346,1533450386924;102,77365384153423
6305;1346,153164585005;102,77367691228655
6306;1346,1529862298132;102,77370004828722
6307;1346,1528099748182;102,77372324901505
6308;1346,1526354793566;102,77374651394919
6309;1346,1524630867182;102,77376984256927
6310;1346,1522931410516;102,77379323435544
6311;1346,1521253013814;102,77381668878817
6312;1346,1519595688917;102,77384020534855
6313;1346,151795601416;102,77386378351798
6314;1346,1516340862845;102,7738874227785
6315;1346,1514743377609;102,77391112261247
6316;1346,1513170435649;102,77393488250286
6317;1346,1511618609723;102,7739587019331
6318;1346,151008790557;102,77398258038708
6319;1346,150857832792;102,77400651734926
6320;1346,150708644115;102,77403051230456
6321;1346,1505615686672;102,77405456473849
6322;1346,1504169506582;102,77407867413702
6323;1346,1502744462227;102,77410283998667
6324;1346,1501340553348;102,7741270617745
6325;1346,1499954339308;102,77415133898812
6326;1346,149859269713;102,77417567111573
6327;1346,14972487456;102,774200057646
6328;1346,1495925920385;102,77422449806826
6329;1346,149462421679;102,77424899187235
6330;1346,1493347064613;102,7742735385487
6331;1346,14920910192;102,77429813758832
6332;1346,1490856072471;102,7743227884828
6333;1346,1489642215383;102,7743474907244
6334;1346,1488446008511;102,77437224380583
6335;1346,1487274301633;102,77439704722056
6336;1346,1486120226186;102,77442190046257
6337;1346,1484987199199;102,77444680302649
6338;1346,1483875207325;102,77447175440763
6339;1346,1482787654745;102,77449675410182
6340;1346,1481717686643;102,7745218016056
6341;1346,1480672120824;102,77454689641614
6342;1346,1479647521273;102,77457203803125
6343;1346,1478640462597;102,77459722594939
6344;1346,1477654338837;102,77462245966971
6345;1346,147668913012;102,77464773869198
6346;1346,147574821239;102,77467306251665
6347;1346,1474828159805;102,77469843064488
6348;1346,147392894932;102,77472384257844
6349;1346,1473050556983;102,77474929781988
6350;1346,1472192957938;102,77477479587239
6351;1346,147135612644;102,77480033623984
6352;1346,1470540035853;102,77482591842684
6353;1346,1469744658652;102,77485154193873
6354;1346,146896996643;102,77487720628147
6355;1346,146821257187;102,77490291096184
6356;1346,1467479165904;102,77492865548732
6357;1346,146676635458;102,77495443936608
6358;1346,1466074106008;102,77498026210706
6359;1346,1465399050278;102,77500612321995
6360;1346,1464747833656;102,77503202221517
6361;1346,1464113753198;102,77505795860387
6362;1346,1463500111158;102,77508393189802
6363;1346,146291018586;102,77510994161032
6364;1346,146233730644;102,77513598725422
6365;1346,1461788057234;102,77516206834395
6366;1346,1461255790166;102,77518818439452
6367;1346,1460747062908;102,77521433492176
6368;1346,1460258533423;102,77524051944226
6369;1346,1459790160568;102,77526673747336
6370;1346,1459341902391;102,77529298853328
6371;1346,1458913716133;102,775319272141
6372;1346,145850230405;102,77534558781632
6373;1346,145811413744;102,77537193507982
6374;1346,145774590978;102,77539831345295
6375;1346,1457397575116;102,77542472245797
6376;1346,1457069086707;102,77545116161795
6377;1346,145676039704;102,77547763045682
6378;1346,1456471457818;102,77550412849929
6379;1346,145619901969;102,775530655271
6380;1346,1455949441586;102,77555721029839
6381;1346,145571946455;102,77558379310874
6382;1346,1455505861913;102,7756104032302
6383;1346,145531177401;102,77563704019181
6384;1346,1455140306425;102,77566370352346
6385;1346,1454988230232;102,77569039275589
6386;1346,1454852350762;102,77571710742072
6387;1346,1454735771354;102,77574384705048
6388;1346,1454638436571;102,7757706111786
6389;1346,145456340312;102,77579739933933
6390;1346,1454504378964;102,77582421106786
6391;1346,1454464428634;102,77585104590031
6392;1346,1454446578168;102,77587790337361
6393;1346,14544476647;102,77590478302572
6394;1346,1454464563424;102,77593168439542
6395;1346,1454503353032;102,77595860702245
6396;1346,1454557852771;102,77598555044744
6397;1346,1454631065578;102,77601251421198
6398;1346,1454725953195;102,77603949785859
6399;1346,1454839407422;102,7760665009307
6400;1346,14549713641;102,77609352297267
6401;1346,1455118765755;102,77612056352986
6402;1346,1455284561016;102,77614762214853
6403;1346,1455471655188;102,77617469837587
6404;1346,1455676988812;102,77620179176012
6405;1346,145590049447;102,77622890185039
6406;1346,1456142104098;102,77625602819677
6407;1346,1456401749006;102,77628317035037
6408;1346,1456679359876;102,77631032786321
6409;1346,1456971962896;102,7763375002883
6410;1346,145728241448;102,77636468717967
6411;1346,1457613524456;102,77639188809229
6412;1346,1457959448219;102,77641910258217
6413;1346,145832586312;102,77644633020623
6414;1346,145870697035;102,77647357052246
6415;1346,1459105565566;102,77650082308983
6416;1346,14595243959;102,77652808746834
6417;1346,1459960541467;102,77655536321889
6418;1346,1460413926961;102,77658264990356
6419;1346,1460884476514;102,7766099470853
6420;1346,146136934219;102,77663725432816
6421;1346,146187400261;102,7766645711972
6422;1346,1462395596216;102,77669189725847
6423;1346,146293131146;102,77671923207913
6424;1346,1463486549487;102,77674657522725
6425;1346,1464058484896;102,77677392627207
6426;1346,1464647037983;102,7768012847838
6427;1346,1465252128523;102,77682865033371
6428;1346,1465871007483;102,77685602249412
6429;1346,1466508943474;102,77688340083841
6430;1346,1467163173227;102,776910784941
6431;1346,1467833614465;102,77693817437736
6432;1346,1468520184412;102,7769655687241
6433;1346,1469222799806;102,77699296755877
6434;1346,14699413769;102,77702037046008
6435;1346,147067325786;102,77704777700782
6436;1346,1471423519008;102,77707518678281
6437;1346,1472186941965;102,77710259936698
6438;1346,1472968546746;102,77713001434331
6439;1346,1473765687485;102,77715743129592
6440;1346,147457827762;102,77718484980998
6441;1346,147540374072;102,77721226947175
6442;1346,1476246982452;102,77723968986864
6443;1346,1477105411282;102,77726711058907
6444;1346,147797649253;102,77729453122265
6445;1346,1478862612782;102,77732195136007
6446;1346,1479766100376;102,77734937059307
6447;1346,148068441935;102,77737678851462
6448;1346,14816174797;102,77740420471868
6449;1346,1482565191018;102,77743161880042
6450;1346,1483525104106;102,77745903035611
6451;1346,1484501859422;102,77748643898309
6452;1346,1485490663608;102,77751384427991
6453;1346,1486496096811;102,77754124584621
6454;1346,148751572317;102,77756864328275
6455;1346,1488547166628;102,77759603619145
6456;1346,1489594915947;102,77762342417536
6457;1346,1490654326321;102,77765080683868
6458;1346,1491727587443;102,77767818378678
6459;1346,1492814605315;102,77770555462608
6460;1346,1493915285605;102,77773291896428
6461;1346,1495029533633;102,77776027641013
6462;1346,1496157254378;102,77778762657361
6463;1346,1497298352497;102,7778149690658
6464;1346,1498452732312;102,777842303499
6465;1346,1499620297832;102,77786962948663
6466;1346,1500800952742;102,77789694664328
6467;1346,150199669786;102,77792425458472
6468;1346,1503205307167;102,77795155292792
6469;1346,1504424617588;102,77797884129096
6470;1346,1505658678825;102,77800611929317
6471;1346,1506903277525;102,778033386555
6472;1346,1508162399134;102,77806064269811
6473;1346,1509431893624;102,77808788734532
6474;1346,151071369618;102,77811512012072
6475;1346,1512007707918;102,77814234064948
6476;1346,1513315783006;102,77816954855804
6477;1346,1514633899174;102,77819674347396
6478;1346,1515965847104;102,77822392502605
6479;1346,1517309573455;102,77825109284434
6480;1346,1518663089796;102,77827824656003
6481;1346,1520028216582;102,77830538580552
6482;1346,1521404853231;102,77833251021441
6483;1346,152279473787;102,77835961942151
6484;1346,1524195897555;102,77838671306287
6485;1346,1525606424989;102,77841379077573
6486;1346,1527028057678;102,77844085219853
6487;1346,1528460693974;102,77846789697095
6488;1346,1529905988245;102,77849492473392
6489;1346,1531362048968;102,77852193512948
6490;1346,153282705094;102,77854892780103
6491;1346,1534304354186;102,7785759023931
6492;1346,1535790427006;102,7786028585515
6493;1346,1537286889568;102,77862979592321
6494;1346,1538793638977;102,77865671415651
6495;1346,154031057218;102,77868361290088
6496;1346,1541837585974;102,77871049180702
6497;1346,1543376182497;102,7787373505269
6498;1346,154492303041;102,7787641887137
6499;1346,1546481220153;102,77879100602185
6500;1346,15480474876;102,77881780210704
6501;1346,1549623317483;102,77884457662616
6502;1346,1551210126738;102,7788713292374
6503;1346,155280475241;102,77889805960018
6504;1346,1554410115148;102,77892476737512
6505;1346,1556024589631;102,77895145222416
6506;1346,1557648071384;102,77897811381048
6507;1346,1559280455838;102,77900475179845
6508;1346,1560921638338;102,77903136585381
6509;1346,1562571514157;102,77905795564344
6510;1346,1564229978492;102,77908452083554
6511;1346,1565895558754;102,7791110610996
6512;1346,1567570902507;102,77913757610628
6513;1346,1569253186433;102,77916406552762
6514;1346,1570944989628;102,7791905290368
6515;1346,157264355706;102,77921696630837
6516;1346,1574351399313;102,77924337701812
6517;1346,1576065829702;102,77926976084306
6518;1346,1577789290266;102,77929611746154
6519;1346,157951916275;102,77932244655315
6520;1346,1581256606955;102,77934874779875
6521;1346,1583001517588;102,77937502088048
6522;1346,1584753789336;102,77940126548177
6523;1346,1586513316875;102,77942748128729
6524;1346,1588279994874;102,77945366798302
6525;1346,1590054845963;102,77947982525625
6526;1346,1591836602568;102,77950595279549
6527;1346,1593624065697;102,77953205029056
6528;1346,1595419334533;102,77955811743256
6529;1346,159722119298;102,77958415391389
6530;1346,1599029535791;102,77961015942822
6531;1346,160084425773;102,77963613367051
6532;1346,16026652536;102,779662076337
6533;1346,1604491427313;102,77968798712526
6534;1346,1606323698904;102,7797138657341
6535;1346,160816292003;102,77973971186364
6536;1346,1610007994746;102,77976552521528
6537;1346,1611857895514;102,77979130549177
6538;1346,161371347417;102,77981705239708
6539;1346,1615574625855;102,77984276563652
6540;1346,161744124579;102,77986844491666
6541;1346,1619314083664;102,77989408994544
6542;1346,1621191309036;102,779919700432
6543;1346,1623074509184;102,77994527608685
6544;1346,1624961921884;102,77997081662178
6545;1346,1626854280169;102,77999632174988
6546;1346,162875224926;102,78002179118553
6547;1346,163065416908;102,78004722464442
6548;1346,1632560722019;102,78007262184356
6549;1346,1634471804134;102,78009798250123
6550;1346,1636387311598;102,78012330633706
6551;1346,163830782571;102,78014859307193
6552;1346,1640231856034;102,78017384242807
6553;1346,1642160652352;102,78019905412897
6554;1346,16440934264;102,7802242278995
6555;1346,1646030075067;102,78024936346577
6556;1346,1647970495385;102,78027446055523
6557;1346,1649914000177;102,78029951889663
6558;1346,1651861104526;102,78032453822001
6559;1346,165381225686;102,78034951825674
6560;1346,1655766236104;102,78037445873956
6561;1346,165772402542;102,78039935940235
6562;1346,165968447063;102,78042421998052
6563;1346,166164848881;102,78044904021061
6564;1346,1663614992447;102,78047381983056
6565;1346,1665584832772;102,78049855857965
6566;1346,1667556988734;102,78052325619835
6567;1346,1669531827258;102,78054791242859
6568;1346,1671509649661;102,78057252701352
6569;1346,1673489534166;102,7805970996976
6570;1346,1675471798897;102,78062163022668
6571;1346,167745669678;102,78064611834785
6572;1346,1679443741812;102,78067056380954
6573;1346,168143283413;102,78069496636151
6574;1346,1683423874117;102,78071932575479
6575;1346,1685416762361;102,78074364174176
6576;1346,1687411127305;102,78076791407615
6577;1346,1689407174538;102,78079214251292
6578;1346,169140480523;102,7808163268084
6579;1346,1693404145053;102,78084046672026
6580;1346,1695404631187;102,7808645620074
6581;1346,1697406405788;102,78088861243012
6582;1346,1699409547502;102,78091261774998
6583;1346,1701413589897;102,78093657772988
6584;1346,1703418772877;102,78096049213406
6585;1346,1705424693876;102,780984360728
6586;1346,1707431416733;102,78100818327859
6587;1346,1709438844907;102,78103195955397
6588;1346,171144688212;102,78105568932364
6589;1346,1713455498923;102,78107937235833
6590;1346,171546445096;102,78110300843021
6591;1346,1717473724925;102,78112659731265
6592;1346,1719483245765;102,78115013878043
6593;1346,1721492867744;102,78117363260957
6594;1346,1723502496436;102,78119707857745
6595;1346,1725512037717;102,78122047646274
6596;1346,172752139776;102,78124382604541
6597;1346,1729530483044;102,78126712710683
6598;1346,1731539271786;102,78129037942955
6599;1346,173354762984;102,78131358279755
6600;1346,1735555464463;102,78133673699607
6601;1346,1737562683236;102,78135984181165
6602;1346,173956919406;102,78138289703219
6603;1346,1741574758817;102,78140590244682
6604;1346,1743579402762;102,7814288578461
6605;1346,1745583210868;102,78145176302179
6606;1346,1747585946014;102,78147461776703
6607;1346,1749587312452;102,78149742187625
6608;1346,1751587616068;102,78152017514518
6609;1346,175358634202;102,78154287737084
6610;1346,1755583855293;102,78156552835162
6611;1346,1757579846912;102,78158812788718
6612;1346,1759574228174;102,78161067577847
6613;1346,1761566618666;102,78163317182775
6614;1346,1763557500224;102,78165561583867
6615;1346,1765546186984;102,78167800761608
6616;1346,17675328839;102,78170034696618
6617;1346,1769517504242;102,78172263369648
6618;1346,1771499961658;102,78174486761577
6619;1346,1773480170161;102,78176704853418
6620;1346,1775458044162;102,78178917626309
6621;1346,1777433902791;102,78181125061525
6622;1346,1779407284384;102,78183327140465
6623;1346,1781377672464;102,78185523844661
6624;1346,1783345832803;102,78187715155777
6625;1346,178531080436;102,781899010556
6626;1346,1787272935692;102,78192081526056
6627;1346,178923214392;102,78194256549195
6628;1346,1791188346558;102,78196426107196
6629;1346,179314146153;102,78198590182372
6630;1346,1795091933072;102,78200748757162
6631;1346,1797039180365;102,78202901814133
6632;1346,179898312235;102,78205049335988
6633;1346,1800923113108;102,78207191305552
6634;1346,1802860189955;102,78209327705784
6635;1346,1804793129693;102,7821145851977
6636;1346,1806723022407;102,78213583730724
6637;1346,180864921086;102,7821570332199
6638;1346,1810570987002;102,78217817277041
6639;1346,1812488876924;102,78219925579482
6640;1346,1814402803132;102,7822202821304
6641;1346,1816312688552;102,78224125161573
6642;1346,1818218456565;102,78226216409071
6643;1346,182012003097;102,78228301939646
6644;1346,182201804022;102,78230381737544
6645;1346,182391101278;102,78232455787133
6646;1346,1825800294266;102,78234524072917
6647;1346,182768436519;102,7823658657952
6648;1346,1829563867996;102,78238643291701
6649;1346,1831438729141;102,78240694194335
6650;1346,1833309651904;102,7824273927244
6651;1346,1835175022684;102,7824477851115
6652;1346,183703553383;102,78246811895728
6653;1346,1838891113619;102,78248839411567
6654;1346,1840741690773;102,7825086104419
6655;1346,1842587194503;102,78252876779234
6656;1346,1844427554454;102,78254886602478
6657;1346,184626355791;102,78256890499819
6658;1346,1848093432368;102,78258888457282
6659;1346,1849917954728;102,78260880461019
6660;1346,1851737056513;102,78262866497306
6661;1346,1853550669714;102,78264846552551
6662;1346,1855358726798;102,78266820613281
6663;1346,1857161160694;102,78268788666155
6664;1346,185895883907;102,7827075069795
6665;1346,1860749838027;102,78272706695576
6666;1346,18625350154;102,78274656646063
6667;1346,1864315272162;102,78276600536572
6668;1346,186608862187;102,78278538354382
6669;1346,18678569429;102,78280470086902
6670;1346,1869618207895;102,78282395721665
6671;1346,1871373330237;102,78284315246329
6672;1346,1873122247202;102,78286228648672
6673;1346,1874865924306;102,78288135916604
6674;1346,18766022543;102,78290037038151
6675;1346,1878332193605;102,7829193200147
6676;1346,1880055681465;102,78293820794838
6677;1346,1881772657619;102,78295703406658
6678;1346,188348306229;102,78297579825451
6679;1346,1885186836207;102,78299450039871
6680;1346,1886885016586;102,78301314038687
6681;1346,188857536261;102,78303171810795
6682;1346,1890258902981;102,78305023345212
6683;1346,1891935580427;102,78306868631076
6684;1346,189360533818;102,78308707657656
6685;1346,1895268119974;102,78310540414333
6686;1346,1896925021354;102,78312366890619
6687;1346,1898573693395;102,78314187076138
6688;1346,190021522363;102,78316000960645
6689;1346,190185073568;102,78317808534013
6690;1346,190347782879;102,78319609786239
6691;1346,190509881397;102,78321404707435
6692;1346,1906711256734;102,78323193287842
6693;1346,1908316291433;102,78324975517816
6694;1346,1909913866382;102,78326751387839
6695;1346,1911503930403;102,78328520888508
6696;1346,1913086432835;102,78330284010545
6697;1346,1914661323538;102,78332040744789
6698;1346,191622855288;102,78333791082201
6699;1346,1917788071746;102,78335535013866
6700;1346,1919339831543;102,78337272530976
6701;1346,1920885060736;102,78339003624858
6702;1346,1922421166348;102,78340728286948
6703;1346,192394937012;102,78342446508805
6704;1346,1925469625526;102,78344158282106
6705;1346,192698188656;102,78345863598643
6706;1346,1928486107745;102,78347562450334
6707;1346,192998224411;102,78349254829213
6708;1346,1931470251218;102,78350940727428
6709;1346,1932951420747;102,78352620137248
6710;1346,1934423045088;102,7835429305106
6711;1346,193588775942;102,78355959461369
6712;1346,1937342829153;102,78357619360793
6713;1346,193878955507;102,78359272742074
6714;1346,1940229265638;102,78360919598067
6715;1346,1941659187098;102,78362559921742
6716;1346,1943080642302;102,78364193706186
6717;1346,194449359152;102,78365820944609
6718;1346,1945897995536;102,78367441630328
6719;1346,1947293815656;102,7836905575678
6720;1346,1948682421666;102,78370663317519
6721;1346,19500609661;102,7837226430621
6722;1346,1951432233632;102,78373858716638
6723;1346,1952793353576;102,78375446542701
6724;1346,1954145703887;102,7837702777841
6725;1346,1955490686448;102,78378602417894
6726;1346,1956825397024;102,78380170455394
6727;1346,1958152681457;102,78381731885266
6728;1346,195946961401;102,7838328670198
6729;1346,196077906378;102,78384834900116
6730;1346,1962079548975;102,78386376474374
6731;1346,1963369566959;102,78387911419567
6732;1346,196465054534;102,78389439730611
6733;1346,1965922452787;102,78390961402543
6734;1346,1967185258472;102,78392476430517
6735;1346,1968438932104;102,78393984809786
6736;1346,1969683443915;102,78395486535727
6737;1346,197091876466;102,78396981603824
6738;1346,197214486561;102,78398470009671
6739;1346,1973363227148;102,78399951748979
6740;1346,1974570808875;102,78401426817562
6741;1346,1975769087685;102,78402895211352
6742;1346,1976959558601;102,78404356926387
6743;1346,1978140682243;102,78405811958821
6744;1346,1979310902784;102,78407260304913
6745;1346,1980471716827;102,78408701961031
6746;1346,1981624637738;102,78410136923658
6747;1346,1982768111277;102,78411565189384
6748;1346,1983900568116;102,78412986754905
6749;1346,198502352319;102,78414401617033
6750;1346,198613695403;102,78415809772682
6751;1346,1987242395007;102,78417211218876
6752;1346,1988336715428;102,78418605952751
6753;1346,1989421447192;102,78419993971545
6754;1346,1990498136267;102,78421375272612
6755;1346,1991565202743;102,78422749853402
6756;1346,199262105431;102,78424117711485
6757;1346,199366723849;102,78425478844525
6758;1346,1994703736927;102,78426833250306
6759;1346,1995730531776;102,78428180926707
6760;1346,1996749189902;102,78429521871719
6761;1346,1997756528751;102,78430856083442
6762;1346,1998755702934;102,78432183560072
6763;1346,1999743520191;102,78433504299919
6764;1346,2000723146543;102,78434818301395
6765;1346,2001692977472;102,78436125563016
6766;1346,200265139937;102,78437426083404
6767;1346,2003599992909;102,78438719861288
6768;1346,200453874481;102,78440006895495
6769;1346,200546764229;102,78441287184961
6770;1346,200638667309;102,78442560728725
6771;1346,2007295825426;102,78443827525925
6772;1346,200819669896;102,78445087575808
6773;1346,2009086062756;102,7844634087772
6774;1346,2009965515695;102,7844758743111
6775;1346,2010835047993;102,78448827235533
6776;1346,201169465037;102,78450060290638
6777;1346,201254431404;102,78451286596184
6778;1346,201338565059;102,78452506152028
6779;1346,2014215413662;102,78453718958129
6780;1346,2015035214536;102,78454925014542
6781;1346,2015845046385;102,78456124321433
6782;1346,201664652713;102,78457316879056
6783;1346,2017436403314;102,78458502687778
6784;1346,201821629286;102,78459681748053
6785;1346,201898619089;102,78460854060445
6786;1346,2019746093013;102,78462019625613
6787;1346,2020495995312;102,78463178444314
6788;1346,2021235894365;102,78464330517401
6789;1346,202196578722;102,78465475845836
6790;1346,20226856714;102,78466614430668
6791;1346,2023395544911;102,7846774627305
6792;1346,2024095406234;102,78468871374231
6793;1346,2024785254323;102,78469989735555
6794;1346,20254650886;102,78471101358468
6795;1346,2026134908963;102,7847220624451
6796;1346,2026794715775;102,78473304395314
6797;1346,2027444509877;102,78474395812616
6798;1346,2028084292556;102,78475480498243
6799;1346,2028715694416;102,78476558454122
6800;1346,20293354596;102,78477629682268
6801;1346,2029945219972;102,78478694184801
6802;1346,2030544978675;102,78479751963924
6803;1346,2031134739327;102,78480803021947
6804;1346,2031714505983;102,78481847361265
6805;1346,2032285908372;102,78482884984369
6806;1346,2032845700194;102,78483915893845
6807;1346,2033397136277;102,78484940092373
6808;1346,203393697466;102,78485957582726
6809;1346,2034466846408;102,78486968367764
6810;1346,2034986757515;102,78487972450448
6811;1346,203549671559;102,78488969833826
6812;1346,2035998345925;102,78489960521038
6813;1346,2036490036246;102,78490944515319
6814;1346,2036970180034;102,78491921819992
6815;1346,203744040392;102,7849289243847
6816;1346,2037900717314;102,7849385637426
6817;1346,203835113007;102,78494813630957
6818;1346,2038791652467;102,78495764212246
6819;1346,2039223901777;102,78496708121907
6820;1346,2039644674153;102,78497645363801
6821;1346,204005558952;102,78498575941882
6822;1346,2040456659868;102,78499499860193
6823;1346,2040847897615;102,7850041712287
6824;1346,2041230912148;102,78501327734132
6825;1346,204160252141;102,78502231698283
6826;1346,204196433777;102,78503129019724
6827;1346,2042316375318;102,78504019702933
6828;1346,204265864855;102,78504903752486
6829;1346,2042991172382;102,78505781173034
6830;1346,2043315544438;102,78506651969325
6831;1346,204362861324;102,78507516146185
6832;1346,204393197976;102,78508373708533
6833;1346,2044225660547;102,78509224661367
6834;1346,204450967253;102,78510069009778
6835;1346,2044785601663;102,7851090675893
6836;1346,2045050325528;102,78511737914086
6837;1346,2045305433737;102,7851256248058
6838;1346,2045550944813;102,7851338046384
6839;1346,204578687767;102,78514191869374
6840;1346,2046013251609;102,78514996702773
6841;1346,2046230086323;102,78515794969711
6842;1346,2046437401887;102,78516586675947
6843;1346,2046635219126;102,78517371827317
6844;1346,204682355814;102,78518150429748
6845;1346,2047002440513;102,78518922489239
6846;1346,2047173420692;102,78519688011879
6847;1346,2047334980546;102,78520447003832
6848;1346,2047487142236;102,78521199471346
6849;1346,2047629928286;102,78521945420754
6850;1346,2047763361581;102,78522684858456
6851;1346,2047885951183;102,78523417790947
6852;1346,2047999242743;102,78524144224792
6853;1346,2048103260418;102,78524864166641
6854;1346,2048199531002;102,7852557762322
6855;1346,2048285070725;102,78526284601334
6856;1346,204836141112;102,78526985107865
6857;1346,2048428577764;102,78527679149778
6858;1346,2048486596584;102,78528366734113
6859;1346,2048535493852;102,78529047867984
6860;1346,2048575296185;102,78529722558588
6861;1346,2048606030532;102,78530390813197
6862;1346,2048627724198;102,78531052639157
6863;1346,2048640404814;102,7853170804389
6864;1346,2048644100346;102,78532357034901
6865;1346,2048638839094;102,78532999619763
6866;1346,2048626099177;102,78533635806127
6867;1346,2048603005821;102,78534265601719
6868;1346,2048571042494;102,78534889014341
6869;1346,2048530238803;102,78535506051864
6870;1346,2048480624676;102,78536116722243
6871;1346,2048423655563;102,78536721033495
6872;1346,2048356506923;102,78537318993718
6873;1346,204828063913;102,78537910611082
6874;1346,2048196083704;102,78538495893825
6875;1346,2048102872131;102,78539074850266
6876;1346,2048002435868;102,78539647488789
6877;1346,2047893396839;102,78540213817854
6878;1346,2047774398195;102,78540773845985
6879;1346,2047648256043;102,78541327581792
6880;1346,2047513608832;102,78541875033936
6881;1346,2047369116804;102,78542416211165
6882;1346,2047216197295;102,78542951122292
6883;1346,204705488417;102,78543479776197
6884;1346,2046885211578;102,78544002181832
6885;1346,2046707213958;102,78544518348215
6886;1346,2046520926024;102,78545028284442
6887;1346,2046327721973;102,78545531999664
6888;1346,2046124952903;102,78546029503114
6889;1346,2045913999289;102,78546520804083
6890;1346,2045694896944;102,78547005911935
6891;1346,204546768195;102,78547484836096
6892;1346,2045232390658;102,78547957586066
6893;1346,204498905968;102,78548424171407
6894;1346,2044739023759;102,78548884601747
6895;1346,204448101001;102,78549338886785
6896;1346,204421377;102,78549787036278
6897;1346,2043938639247;102,78550229060052
6898;1346,204365565564;102,78550664968
6899;1346,2043364857318;102,78551094770081
6900;1346,204306628266;102,78551518476311
6901;1346,2042759970298;102,78551936096778
6902;1346,204244595909;102,78552347641629
6903;1346,2042124288137;102,78552753121072
6904;1346,2041794996783;102,78553152545389
6905;1346,2041459353459;102,78553545924913
6906;1346,2041114933722;102,78553933270045
6907;1346,2040764228764;102,78554314591247
6908;1346,204040484061;102,78554689899046
6909;1346,2040038032092;102,78555059204021
6910;1346,2039665039892;102,78555422516824
6911;1346,2039284695572;102,78555779848162
6912;1346,2038897040145;102,78556131208802
6913;1346,203850211485;102,7855647660957
6914;1346,203809879206;102,7855681606136
6915;1346,2037688296132;102,78557149575113
6916;1346,2037270669011;102,78557477161837
6917;1346,2036845952855;102,78557798832603
6918;1346,2036414190025;102,78558114598529
6919;1346,2035975423064;102,785584244708
6920;1346,2035530822377;102,78558728460656
6921;1346,2035079289215;102,78559026579397
6922;1346,2034620866618;102,78559318838377
6923;1346,2034154491253;102,78559605249006
6924;1346,2033681327266;102,78559885822756
6925;1346,2033202510645;102,7856016057115
6926;1346,2032715893447;102,7856042950577
6927;1346,2032222619139;102,78560692638251
6928;1346,203172273192;102,7856094998029
6929;1346,2031216276405;102,78561201543629
6930;1346,2030703296623;102,78561447340073
6931;1346,2030183837526;102,78561687381476
6932;1346,2029657943967;102,7856192167975
6933;1346,202912669526;102,78562150246857
6934;1346,2028589087552;102,78562373094816
6935;1346,202804414656;102,78562590235695
6936;1346,202749295206;102,78562801681619
6937;1346,2026935549682;102,78563007444764
6938;1346,2026371985205;102,78563207537356
6939;1346,2025802304543;102,78563401971674
6940;1346,2025227535958;102,78563590760051
6941;1346,202464672837;102,78563773914868
6942;1346,2024058960958;102,78563951448557
6943;1346,2023465262378;102,78564123373602
6944;1346,2022865679226;102,78564289702534
6945;1346,2022260258236;102,78564450447941
6946;1346,2021649046255;102,78564605622454
6947;1346,202103209026;102,78564755238752
6948;1346,2020409437341;102,78564899309568
6949;1346,2019782048344;102,78565037847682
6950;1346,2019148135616;102,78565170865919
6951;1346,201850866793;102,78565298377158
6952;1346,2017863692827;102,7856542039432
6953;1346,2017213257964;102,78565536930375
6954;1346,201655741111;102,7856564799834
6955;1346,201589620013;102,78565753611282
6956;1346,201522967298;102,78565853782307
6957;1346,201455787772;102,78565948524574
6958;1346,2013880862505;102,78566037851286
6959;1346,2013198675586;102,78566121775685
6960;1346,2012511365297;102,78566200311069
6961;1346,2011819799993;102,7856627347077
6962;1346,2011122380404;102,78566341268173
6963;1346,2010419982948;102,78566403716702
6964;1346,200971265648;102,78566460829825
6965;1346,2009000449361;102,78566512621056
6966;1346,2008283410607;102,7856655910395
6967;1346,2007561589107;102,78566600292108
6968;1346,2006835033817;102,78566636199164
6969;1346,2006103793763;102,7856666683881
6970;1346,20053686664;102,78566692224763
6971;1346,2004628196144;102,78566712370794
6972;1346,2003883188563;102,78566727290709
6973;1346,200313441725;102,78566736998357
6974;1346,200238119114;102,78566741507625
6975;1346,200162355958;102,78566740832446
6976;1346,2000860871763;102,78566734986788
6977;1346,2000093893619;102,78566723984657
6978;1346,199932267433;102,78566707840103
6979;1346,1998547263609;102,78566686567213
6980;1346,1997768378994;102,78566660180114
6981;1346,199698472617;102,78566628692968
6982;1346,199619768257;102,7856659211998
6983;1346,1995405986272;102,78566550475385
6984;1346,1994610346858;102,78566503773466
6985;1346,1993810814083;102,78566452028531
6986;1346,19930080571;102,78566395254938
6987;1346,1992200878854;102,7856633346707
6988;1346,1991389956647;102,78566266679354
6989;1346,199057534032;102,78566194906246
6990;1346,1989757079723;102,78566118162243
6991;1346,1988935803531;102,78566036461875
6992;1346,1988110395891;102,78565949819708
6993;1346,1987281493616;102,7856585825034
6994;1346,198644914659;102,78565761768408
6995;1346,1985613404718;102,78565660388578
6996;1346,198477431789;102,78565554125554
6997;1346,1983931935995;102,78565442994065
6998;1346,1983086308926;102,78565327008889
6999;1346,198223748657;102,78565206184817
7000;1346,1981385518804;102,7856508053669
7001;1346,198053045549;102,78564950079368
7002;1346,1979672835982;102,78564814827752
7003;1346,1978811723004;102,78564674796769
7004;1346,1977947663984;102,78564530001378
7005;1346,1977080708723;102,78564380456571
7006;1346,1976210907005;102,7856422617737
7007;1346,1975338308578;102,78564067178827
7008;1346,1974462963165;102,78563903476021
7009;1346,197358492046;102,78563735084064
7010;1346,1972704230143;102,78563562018098
7011;1346,1971820941835;102,78563384293292
7012;1346,1970935105135;102,78563201924845
7013;1346,1970047170148;102,78563014927984
7014;1346,1969156769728;102,7856282331796
7015;1346,196826356895;102,7856262711006
7016;1346,1967368017777;102,78562426319596
7017;1346,196647053397;102,785622209619
7018;1346,1965570782452;102,7856201105234
7019;1346,1964668460203;102,78561796606306
7020;1346,1963763984822;102,78561577639216
7021;1346,1962857405488;102,78561354166513
7022;1346,1961949099664;102,78561126203665
7023;1346,1961038451764;102,7856089376617
7024;1346,1960125847108;102,78560656869544
7025;1346,1959211334633;102,78560415529333
7026;1346,1958294963215;102,78560169761106
7027;1346,1957377070207;102,78559919580456
7028;1346,1956457119315;102,78559665003
7029;1346,1955535728407;102,78559406044377
7030;1346,1954612392738;102,78559142720255
7031;1346,1953687441444;102,78558875046319
7032;1346,1952761172026;102,78558603038277
7033;1346,1951833126855;102,78558326711864
7034;1346,195090361114;102,78558046082834
7035;1346,1949972673062;102,78557761166962
7036;1346,1949040360728;102,78557471980047
7037;1346,1948106722152;102,78557178537905
7038;1346,194717180526;102,7855688085638
7039;1346,194623565788;102,78556578951333
7040;1346,1945298327757;102,78556272838641
7041;1346,1944360041425;102,78555962534207
7042;1346,194342048091;102,78555648053954
7043;1346,194247988029;102,78555329413818
7044;1346,1941538286917;102,78555006629763
7045;1346,1940595748026;102,78554679717764
7046;1346,1939652310753;102,78554348693824
7047;1346,1938708022126;102,78554013573952
7048;1346,1937762929065;102,78553674374183
7049;1346,1936817078372;102,78553331110571
7050;1346,193587051674;102,78552983799183
7051;1346,1934923290755;102,78552632456108
7052;1346,1933975446877;102,78552277097441
7053;1346,1933027118725;102,78551917739311
7054;1346,1932078170466;102,78551554397849
7055;1346,193112881528;102,78551187089208
7056;1346,1930178947118;102,78550815829554
7057;1346,1929228691613;102,78550440635074
7058;1346,1928278094485;102,78550061521962
7059;1346,1927327201333;102,78549678506434
7060;1346,1926376057622;102,78549291604716
7061;1346,1925424708688;102,78548900833053
7062;1346,192447319973;102,78548506207699
7063;1346,192352157582;102,78548107744926
7064;1346,1922569881876;102,78547705461015
7065;1346,1921618162692;102,78547299372266
7066;1346,1920666462913;102,78546889494989
7067;1346,1919714811136;102,78546475845502
7068;1346,1918763276342;102,78546058440143
7069;1346,191781189406;102,78545637295261
7070;1346,1916860670908;102,7854521242721
7071;1346,191590971858;102,78544783852362
7072;1346,1914959050544;102,78544351587104
7073;1346,1914008651659;102,78543915647822
7074;1346,191305867586;102,7854347605092
7075;1346,1912109114767;102,78543032812817
7076;1346,1911160011537;102,78542585949931
7077;1346,1910211409167;102,78542135478702
7078;1346,1909263350487;102,7854168141557
7079;1346,1908315878172;102,78541223776985
7080;1346,1907368927123;102,78540762579415
7081;1346,1906422633544;102,7854029783933
7082;1346,1905477161035;102,78539829573205
7083;1346,1904532443996;102,78539357797533
7084;1346,190358838933;102,78538882528808
7085;1346,1902645301839;102,78538403783534
7086;1346,1901702946425;102,78537921578219
7087;1346,1900761654601;102,78537435929385
7088;1346,1899821325824;102,78536946853558
7089;1346,1898882001071;102,78536454367267
7090;1346,1897943546046;102,7853595848705
7091;1346,1897006344984;102,78535459229457
7092;1346,1896070269852;102,7853495661103
7093;1346,189513516614;102,78534450648333
7094;1346,1894201456987;102,78533941357922
7095;1346,189326899405;102,78533428756366
7096;1346,1892337817044;102,78532912860237
7097;1346,1891407744888;102,7853239368611
7098;1346,1890479251765;102,78531871250564
7099;1346,1889551929287;102,78531345570187
7100;1346,1888626276793;102,78530816661562
7101;1346,1887702106053;102,78530284541287
7102;1346,1886779455656;102,78529749225952
7103;1346,1885858363987;102,78529210732158
7104;1346,1884938869232;102,78528669076505
7105;1346,1884021009398;102,78528124275594
7106;1346,1883104545375;102,78527576346036
7107;1346,1882190062493;102,78527025304435
7108;1346,1881277327361;102,785264711674
7109;1346,1880366377195;102,78525913951546
7110;1346,1879457248986;102,7852535367348
7111;1346,187854997954;102,78524790349819
7112;1346,187764460545;102,78524223997174
7113;1346,1876741163105;102,78523654632163
7114;1346,1875839688691;102,78523082271397
7115;1346,1874940218188;102,78522506931495
7116;1346,1874042450982;102,78521928629068
7117;1346,187314708963;102,78521347380732
7118;1346,1872253838908;102,78520763203099
7119;1346,1871362733953;102,78520176112784
7120;1346,187047380969;102,78519586126394
7121;1346,1869587100841;102,78518993260542
7122;1346,1868702271465;102,78518397531835
7123;1346,1867820091172;102,78517798956878
7124;1346,1866939847666;102,78517197552277
7125;1346,1866061945354;102,7851659333463
7126;1346,1865186810435;102,78515986320541
7127;1346,1864313696933;102,785153765266
7128;1346,1863443025168;102,785147639694
7129;1346,186257523682;102,78514148665535
7130;1346,1861709966777;102,78513530631587
7131;1346,1860847247576;102,78512909884138
7132;1346,1859987111532;102,78512286439765
7133;1346,1859129590737;102,78511660315044
7134;1346,18582742823;102,7851103152654
7135;1346,185742208226;102,78510400090818
7136;1346,1856572592435;102,78509766024439
7137;1346,1855725844018;102,78509129343954
7138;1346,185488141294;102,78508490065909
7139;1346,185404023502;102,78507848206849
7140;1346,1853201890754;102,7850720378331
7141;1346,185236641041;102,78506556811823
7142;1346,1851533824045;102,78505907308909
7143;1346,1850703681941;102,78505255291084
7144;1346,1849876967958;102,78504600774862
7145;1346,184905274767;102,78503943776741
7146;1346,184823202363;102,7850328431322
7147;1346,1847414340411;102,78502622400785
7148;1346,184659922356;102,78501958055917
7149;1346,18457877031;102,78501291295088
7150;1346,184497930875;102,7850062213476
7151;1346,1844174068458;102,78499950591389
7152;1346,1843371488683;102,78499276681421
7153;1346,1842572634966;102,78498600421297
7154;1346,1841777017771;102,78497921827439
7155;1346,18409846641;102,7849724091627
7156;1346,1840195600714;102,78496557704203
7157;1346,1839409854138;102,78495872207631
7158;1346,183862745065;102,78495184442944
7159;1346,1837847864751;102,78494494426525
7160;1346,183707222117;102,78493802174741
7161;1346,1836299998124;102,7849310770395
7162;1346,1835531220947;102,78492411030501
7163;1346,1834765914705;102,78491712170728
7164;1346,1834004104246;102,78491011140953
7165;1346,1833245814157;102,78490307957496
7166;1346,1832491068794;102,78489602636655
7167;1346,1831739308461;102,78488895194718
7168;1346,1830991720783;102,78488185647966
7169;1346,1830247749474;102,78487474012661
7170;1346,1829506822648;102,78486760305056
7171;1346,1828770150214;102,78486044541393
7172;1346,1828037163584;102,78485326737894
7173;1346,1827307885403;102,78484606910774
7174;1346,1826582338063;102,78483885076236
7175;1346,1825860543722;102,7848316125046
7176;1346,1825142524137;102,78482435449627
7177;1346,182442830126;102,78481707689888
7178;1346,182371727234;102,7848097798739
7179;1346,1823010703165;102,78480246358261
7180;1346,1822307994091;102,78479512818618
7181;1346,1821609165797;102,78478777384561
7182;1346,1820914238706;102,78478040072174
7183;1346,1820223232994;102,78477300897528
7184;1346,1819536168443;102,78476559876677
7185;1346,181885306504;102,78475817025658
7186;1346,181817394206;102,78475072360497
7187;1346,1817498818702;102,78474325897199
7188;1346,1816827713903;102,78473577651754
7189;1346,181616064635;102,78472827640137
7190;1346,1815497634484;102,78472075878305
7191;1346,18148386965;102,78471322382201
7192;1346,1814183850347;102,78470567167744
7193;1346,1813533113725;102,78469810250847
7194;1346,1812886504083;102,78469051647393
7195;1346,1812244038615;102,78468291373257
7196;1346,1811605734274;102,7846752944429
7197;1346,1810971607765;102,78466765876331
7198;1346,1810341675382;102,78466000685195
7199;1346,1809715266395;102,78465233886683
7200;1346,1809093768545;102,78464465496573
7201;1346,180847651289;102,78463695530633
7202;1346,1807863514896;102,784629240046
7203;1346,1807254789774;102,78462150934199
7204;1346,1806650352487;102,78461376335135
7205;1346,1806050217588;102,78460600223096
7206;1346,1805454399869;102,78459822613745
7207;1346,1804862913389;102,78459043522727
7208;1346,1804275772115;102,78458262965671
7209;1346,180369227867;102,7845748095818
7210;1346,1803113866574;102,78456697515841
7211;1346,180253984016;102,78455912654218
7212;1346,1801970212402;102,78455126388853
7213;1346,1801404995865;102,78454338735273
7214;1346,180084420321;102,78453549708979
7215;1346,180028784685;102,78452759325451
7216;1346,179973593861;102,78451967600147
7217;1346,1799188490056;102,78451174548506
7218;1346,179864551304;102,78450380185947
7219;1346,179810701847;102,78449584527861
7220;1346,1797573017702;102,7844878758962
7221;1346,1797043521333;102,78447989386575
7222;1346,1796518539884;102,78447189934055
7223;1346,1795998083621;102,78446389247361
7224;1346,1795482162586;102,78445587341776
7225;1346,1794970786557;102,78444784232562
7226;1346,1794463965075;102,78443979934951
7227;1346,179396170745;102,78443174464158
7228;1346,1793464022728;102,78442367835373
7229;1346,1792970919726;102,7844156006376
7230;1346,1792482407016;102,78440751164463
7231;1346,1791998492922;102,78439941152595
7232;1346,1791519185533;102,78439130043255
7233;1346,17910444927;102,7843831785151
7234;1346,179057442202;102,78437504592408
7235;1346,1790108980863;102,78436690280965
7236;1346,1789648176346;102,78435874932181
7237;1346,1789192015353;102,78435058561023
7238;1346,1788740504537;102,78434241182443
7239;1346,1788292891656;102,78433422811358
7240;1346,1787850699186;102,7843260346266
7241;1346,1787413175434;102,78431783151225
7242;1346,1786980326085;102,78430961891897
7243;1346,1786552156602;102,78430139699492
7244;1346,17861286722;102,78429316588802
7245;1346,1785709877859;102,78428492574595
7246;1346,1785295778332;102,7842766767161
7247;1346,1784886378127;102,7842684189456
7248;1346,1784481681348;102,78426015258135
7249;1346,1784081692392;102,78425187776993
7250;1346,1783686414892;102,78424359465771
7251;1346,1783295852433;102,7842353033907
7252;1346,1782910008353;102,78422700411474
7253;1346,1782528885774;102,78421869697533
7254;1346,1782152487576;102,78421038211773
7255;1346,1781780816414;102,7842020596869
7256;1346,1781413874712;102,78419372982755
7257;1346,1781051664664;102,78418539268408
7258;1346,1780694188233;102,78417704840062
7259;1346,178034144716;102,78416869712105
7260;1346,1779993442956;102,78416033898893
7261;1346,1779650176904;102,78415197414752
7262;1346,1779311650066;102,78414360273985
7263;1346,1778977863269;102,78413522490862
7264;1346,1778648045524;102,78412684079629
7265;1346,1778323740205;102,78411845054494
7266;1346,1778004176297;102,78411005429646
7267;1346,1777689353569;102,7841016521924
7268;1346,1777379271728;102,784093244374
7269;1346,1777073930277;102,78408483098222
7270;1346,1776773328488;102,78407641215777
7271;1346,1776477465414;102,78406798804097
7272;1346,1776186339896;102,78405955877193
7273;1346,177589995055;102,78405112449038
7274;1346,1775618295776;102,78404268533582
7275;1346,177534060374;102,78403424144742
7276;1346,177506841281;102,78402579296403
7277;1346,17748009504;102,78401734002422
7278;1346,1774538214042;102,78400888276622
7279;1346,1774280201068;102,784000421328
7280;1346,1774026908588;102,78399195584718
7281;1346,1773778333504;102,78398348646108
7282;1346,177353447232;102,78397501330674
7283;1346,1773295321884;102,78396653652084
7284;1346,1773060878281;102,78395805623974
7285;1346,1772831137578;102,78394957259955
7286;1346,1772606095622;102,78394108573603
7287;1346,1772385748063;102,78393259578459
7288;1346,1772170090344;102,78392410288036
7289;1346,1771959117702;102,78391560715814
7290;1346,1771752064108;102,78390710875242
7291;1346,1771550447377;102,78389860779733
7292;1346,1771353500235;102,78389010442675
7293;1346,1771161217112;102,78388159877412
7294;1346,1770972834825;102,78387309097269
7295;1346,1770789863206;102,7838645811553
7296;1346,1770611537709;102,78385606945446
7297;1346,1770437851953;102,78384755600239
7298;1346,1770268799376;102,78383904093094
7299;1346,1770104373209;102,7838305243717
7300;1346,1769944566488;102,78382200645581
7301;1346,1769788622305;102,78381348731419
7302;1346,1769638034039;102,78380496707737
7303;1346,1769492043024;102,78379644587558
7304;1346,1769350641882;102,78378792383864
7305;1346,1769213822508;102,78377940109614
7306;1346,17690815768;102,78377087777723
7307;1346,1768953896271;102,78376235401079
7308;1346,1768830772785;102,78375382992532
7309;1346,1768712197495;102,783745305649
7310;1346,1768598161536;102,78373678130967
7311;1346,1768488655687;102,78372825703481
7312;1346,176838367107;102,78371973295158
7313;1346,1768283198094;102,78371120918675
7314;1346,1768187227171;102,7837026858668
7315;1346,1768095748523;102,78369416311781
7316;1346,1768008752204;102,78368564106556
7317;1346,176792622808;102,78367711983545
7318;1346,1767848165841;102,78366859955256
7319;1346,1767774554999;102,78366008034155
7320;1346,1767704663498;102,78365156232681
7321;1346,1767639925085;102,78364304563236
7322;1346,17675796056;102,7836345303818
7323;1346,1767523693863;102,78362601669848
7324;1346,1767472178524;102,78361750470529
7325;1346,1767425048056;102,78360899452485
7326;1346,176738229061;102,78360048627937
7327;1346,1767343894664;102,78359198009072
7328;1346,1767309848021;102,78358347608042
7329;1346,176728013833;102,78357497436961
7330;1346,176725475357;102,7835664750791
7331;1346,1767233680887;102,78355797832927
7332;1346,176721690794;102,78354948424023
7333;1346,1767204421717;102,78354099293166
7334;1346,1767196209219;102,78353250452292
7335;1346,1767192257291;102,78352401913298
7336;1346,1767192552609;102,78351553688044
7337;1346,1767197081706;102,78350705788355
7338;1346,1767205830947;102,78349858226017
7339;1346,1767218786547;102,78349011012781
7340;1346,1767235934572;102,78348164160366
7341;1346,1767257260933;102,7834731768044
7342;1346,1767282751389;102,78346471584649
7343;1346,1767312391544;102,78345625884599
7344;1346,1767346166873;102,78344780591847
7345;1346,176738406268;102,78343935717929
7346;1346,1767425397784;102,78343091274333
7347;1346,176747149236;102,78342247272512
7348;1346,1767521662507;102,78341403723884
7349;1346,1767575892957;102,78340560639829
7350;1346,1767634168305;102,78339718031688
7351;1346,1767696473;102,78338875910762
7352;1346,1767762791362;102,7833803428832
7353;1346,176783310756;102,78337193175591
7354;1346,1767907405626;102,78336352583763
7355;1346,1767985669474;102,78335512523988
7356;1346,1768067882867;102,78334673007382
7357;1346,1768154029435;102,78333834045023
7358;1346,1768244092682;102,78332995647945
7359;1346,1768338055977;102,78332157827153
7360;1346,1768435902557;102,78331320593607
7361;1346,1768537615542;102,78330483958227
7362;1346,1768642553536;102,78329647931905
7363;1346,1768751950804;102,78328812525484
7364;1346,1768865163212;102,78327977749774
7365;1346,1768982173223;102,78327143615545
7366;1346,1769102963326;102,78326310133524
7367;1346,176922751588;102,78325477314411
7368;1346,1769355813135;102,78324645168856
7369;1346,1769487837205;102,78323813707475
7370;1346,1769623570106;102,78322982940841
7371;1346,176976239531;102,78322152879498
7372;1346,1769905494407;102,78321323533943
7373;1346,1770052247673;102,78320494914632
7374;1346,1770202047242;102,78319667031988
7375;1346,177035605642;102,78318839896396
7376;1346,1770513664096;102,78318013518194
7377;1346,1770674271222;102,78317187907686
7378;1346,1770838445343;102,78316363075139
7379;1346,177100674159;102,78315539030775
7380;1346,1771178560452;102,78314715784782
7381;1346,1771353882991;102,78313893347307
7382;1346,1771532689756;102,78313071728454
7383;1346,1771714961337;102,7831225093829
7384;1346,1771900678216;102,78311430986845
7385;1346,177208982078;102,78310611884109
7386;1346,1772282369307;102,78309793640028
7387;1346,1772478303994;102,78308976264513
7388;1346,1772677604938;102,78308159767435
7389;1346,177288025213;102,78307344158621
7390;1346,177308622548;102,78306529447863
7391;1346,1773295504804;102,7830571564491
7392;1346,1773508069823;102,78304902759474
7393;1346,1773723900171;102,78304090801224
7394;1346,1773942975387;102,78303279779794
7395;1346,1774165274935;102,78302469704774
7396;1346,177439077819;102,78301660585711
7397;1346,1774618948973;102,7830085243212
7398;1346,1774850800805;102,78300045253472
7399;1346,1775085793968;102,78299239059199
7400;1346,1775323907502;102,78298433858687
7401;1346,1775565120363;102,78297629661292
7402;1346,1775808913083;102,78296826476321
7403;1346,1776056264634;102,78296024313046
7404;1346,1776306651832;102,78295223180696
7405;1346,1776560053563;102,78294423088462
7406;1346,1776816448175;102,78293624045494
7407;1346,1777075814405;102,78292826060903
7408;1346,1777338130578;102,7829202914375
7409;1346,1777603375062;102,78291233303074
7410;1346,1777871526156;102,78290438547857
7411;1346,1778142562086;102,78289644887047
7412;1346,1778416461027;102,78288852329554
7413;1346,177869320107;102,78288060884243
7414;1346,1778972760258;102,7828727055994
7415;1346,1779255116567;102,78286481365434
7416;1346,1779540247906;102,78285693309468
7417;1346,1779828132135;102,78284906400745
7418;1346,1780118747045;102,78284120647933
7419;1346,1780412070368;102,78283336059654
7420;1346,1780707645403;102,78282552644491
7421;1346,1781006322103;102,78281770410986
7422;1346,178130764021;102,78280989367641
7423;1346,1781611577144;102,7828020952292
7424;1346,1781918110373;102,78279430885239
7425;1346,1782227217318;102,78278653462978
7426;1346,1782538875343;102,78277877264479
7427;1346,178285306177;102,7827710229804
7428;1346,1783169753876;102,78276328571916
7429;1346,1783488928886;102,78275556094326
7430;1346,1783810563988;102,78274784873445
7431;1346,1784134636328;102,78274014917407
7432;1346,1784461122998;102,78273246234309
7433;1346,1784790001063;102,78272478832204
7434;1346,1785120864938;102,78271712719102
7435;1346,1785454460571;102,78270947902979
7436;1346,1785790378556;102,78270184391764
7437;1346,1786128595795;102,78269422193348
7438;1346,1786469089175;102,78268661315579
7439;1346,178681183553;102,78267901766267
7440;1346,1787156811677;102,78267143553181
7441;1346,1787503994394;102,78266386684044
7442;1346,1787853007972;102,78265631166543
7443;1346,1788204537834;102,78264877008327
7444;1346,1788558204435;102,78264124216996
7445;1346,1788913984435;102,78263372800116
7446;1346,1789271854484;102,78262622765207
7447;1346,1789631457748;102,78261874119752
7448;1346,1789993441453;102,7826112687119
7449;1346,1790357444995;102,78260381026925
7450;1346,1790723445008;102,7825963659431
7451;1346,179109141795;102,78258893580667
7452;1346,1791461340324;102,78258151993273
7453;1346,1791833188643;102,7825741183936
7454;1346,1792206939385;102,7825667312613
7455;1346,179258256902;102,7825593586073
7456;1346,1792960054004;102,78255200050278
7457;1346,1793339370784;102,78254465701846
7458;1346,1793720495787;102,78253732822465
7459;1346,1794103405437;102,78253001419127
7460;1346,1794488076152;102,78252271498779
7461;1346,1794874484335;102,78251543068333
7462;1346,179526260638;102,78250816134658
7463;1346,1795652418689;102,78250090704577
7464;1346,1796043897646;102,7824936678488
7465;1346,1796437019634;102,78248644382313
7466;1346,1796831761044;102,7824792350358
7467;1346,1797228098255;102,78247204155343
7468;1346,1797626007653;102,7824648634423
7469;1346,179802546562;102,78245770076819
7470;1346,179842644855;102,78245055359655
7471;1346,1798828932824;102,78244342199234
7472;1346,1799232894846;102,7824363060202
7473;1346,1799638311006;102,78242920574436
7474;1346,1800045157718;102,78242212122854
7475;1346,1800453411395;102,78241505253615
7476;1346,1800863048454;102,78240799973017
7477;1346,180127404534;102,78240096287314
7478;1346,1801686378487;102,78239394202724
7479;1346,1802100024365;102,78238693725422
7480;1346,1802514959434;102,78237994861543
7481;1346,180293116018;102,7823729761718
7482;1346,1803348603103;102,78236601998387
7483;1346,1803767264714;102,78235908011177
7484;1346,1804187121554;102,78235215661522
7485;1346,180460796236;102,78234524955354
7486;1346,180503014313;102,78233835898565
7487;1346,1805453448835;102,78233148497006
7488;1346,1805877856089;102,78232462756485
7489;1346,1806303341525;102,78231778682773
7490;1346,1806729881796;102,782310962816
7491;1346,1807157453595;102,78230415558654
7492;1346,1807586033626;102,78229736519584
7493;1346,180801559863;102,7822905917
7494;1346,180844612536;102,78228383515467
7495;1346,1808877440744;102,78227709561516
7496;1346,1809309825112;102,78227037313629
7497;1346,180974310167;102,78226366777258
7498;1346,18101772473;102,78225697957808
7499;1346,1810612238921;102,78225030860645
7500;1346,181104805348;102,78224365491097
7501;1346,181148466796;102,7822370185445
7502;1346,1811922059387;102,78223039955951
7503;1346,1812360204813;102,78222379800803
7504;1346,1812799081326;102,78221721394176
7505;1346,1813238666061;102,7822106474119
7506;1346,1813678936185;102,78220409846939
7507;1346,1814119868916;102,78219756716464
7508;1346,1814561441502;102,78219105354773
7509;1346,181500363124;102,7821845576683
7510;1346,181544641547;102,78217807957563
7511;1346,1815889771544;102,78217161931859
7512;1346,1816333590343;102,78216517694564
7513;1346,181677794323;102,78215875250487
7514;1346,1817222886987;102,78215234604392
7515;1346,1817668312567;102,78214595761008
7516;1346,181811412561;102,78213958725024
7517;1346,1818560451406;102,78213323501087
7518;1346,181900719201;102,78212690093807
7519;1346,1819454325216;102,7821205850775
7520;1346,181990182883;102,78211428747449
7521;1346,1820349680722;102,78210800817395
7522;1346,1820797858811;102,78210174722034
7523;1346,182124634108;102,78209550465783
7524;1346,1821695105564;102,7820892805301
7525;1346,1822144130354;102,7820830748805
7526;1346,1822593393597;102,78207688775194
7527;1346,1823042873493;102,782070719187
7528;1346,1823492548322;102,78206456922781
7529;1346,1823942396397;102,78205843791612
7530;1346,182439239611;102,78205232529331
7531;1346,1824842525912;102,78204623140037
7532;1346,1825292764302;102,78204015627786
7533;1346,1825743089853;102,78203409996598
7534;1346,1826193481206;102,78202806250458
7535;1346,1826643917059;102,78202204393305
7536;1346,1827094376176;102,78201604429042
7537;1346,1827544837395;102,78201006361533
7538;1346,1827995279612;102,78200410194606
7539;1346,182844568179;102,78199815932045
7540;1346,1828896022967;102,781992235776
7541;1346,182934628225;102,78198633134981
7542;1346,182979643881;102,78198044607859
7543;1346,1830246471898;102,78197457999866
7544;1346,1830696360832;102,78196873314599
7545;1346,1831146084996;102,78196290555611
7546;1346,1831595623858;102,7819570972642
7547;1346,1832044956943;102,78195130830505
7548;1346,1832494063874;102,78194553871309
7549;1346,1832942924332;102,78193978852232
7550;1346,183339151808;102,78193405776642
7551;1346,183383982495;102,78192834647862
7552;1346,1834287824863;102,78192265469184
7553;1346,1834735497828;102,78191698243856
7554;1346,183518282389;102,78191132975093
7555;1346,1835629783227;102,78190569666066
7556;1346,1836076356049;102,78190008319915
7557;1346,183652252269;102,78189448939739
7558;1346,183696833524;102,78188891528599
7559;1346,1837413633912;102,78188336089518
7560;1346,18378584678;102,78187782625483
7561;1346,1838302817557;102,78187231139444
7562;1346,1838746663902;102,78186681634311
7563;1346,1839189987654;102,78186134112956
7564;1346,18396327697;102,78185588578219
7565;1346,1840074991023;102,78185045032896
7566;1346,1840516632694;102,78184503479751
7567;1346,1840957675868;102,78183963921508
7568;1346,1841398101792;102,78183426360854
7569;1346,1841837891795;102,78182890800441
7570;1346,1842277027297;102,78182357242879
7571;1346,184271548981;102,78181825690748
7572;1346,184315326096;102,78181296146586
7573;1346,1843590322385;102,78180768612897
7574;1346,1844026655892;102,78180243092146
7575;1346,1844462243357;102,78179719586761
7576;1346,184489706675;102,78179198099139
7577;1346,1845331108127;102,78178678631632
7578;1346,1845764349634;102,78178161186561
7579;1346,1846196773558;102,7817764576621
7580;1346,1846628500305;102,78177132372822
7581;1346,1847059238935;102,78176621008612
7582;1346,1847489107274;102,78176111675752
7583;1346,1847918234557;102,7817560437638
7584;1346,184834631304;102,781750991126
7585;1346,1848773469326;102,78174595886475
7586;1346,184919968637;102,78174094700034
7587;1346,1849624947179;102,78173595555273
7588;1346,1850049395346;102,78173098454151
7589;1346,1850472695874;102,78172603398588
7590;1346,1850895155696;102,78172110390472
7591;1346,1851316429136;102,78171619431652
7592;1346,1851736662888;102,78171130523943
7593;1346,1852155840577;102,78170643669127
7594;1346,1852573945919;102,78170158868946
7595;1346,185299096273;102,78169676125111
7596;1346,1853406874927;102,78169195439294
7597;1346,1853821666543;102,78168716813134
7598;1346,1854235321744;102,78168240248235
7599;1346,1854647824723;102,78167765746161
7600;1346,1855059159766;102,7816729330845
7601;1346,1855469311354;102,78166822936598
7602;1346,185587826408;102,78166354632067
7603;1346,1856286002499;102,78165888396285
7604;1346,1856692511412;102,7816542423065
7605;1346,1857097775678;102,78164962136515
7606;1346,185750178027;102,78164502115209
7607;1346,1857904510252;102,78164044168018
7608;1346,1858305950861;102,781635882962
7609;1346,1858706087282;102,78163134500974
7610;1346,1859104904959;102,7816268278353
7611;1346,1859502389395;102,78162233145015
7612;1346,1859898747307;102,78161785586553
7613;1346,1860293524514;102,78161340109223
7614;1346,186068692563;102,7816089671408
7615;1346,1861078936583;102,78160455402137
7616;1346,1861469543426;102,78160016174378
7617;1346,18618589648;102,78159579031751
7618;1346,1862246958938;102,78159143975171
7619;1346,1862633275252;102,78158711005518
7620;1346,186301813277;102,78158280123641
7621;1346,1863401759244;102,78157851330354
7622;1346,1863783904482;102,7815742462644
7623;1346,1864164309707;102,78157000012644
7624;1346,1864543203114;102,78156577489682
7625;1346,1864920571757;102,78156157058231
7626;1346,1865296654626;102,78155738718945
7627;1346,186567093739;102,78155322472436
7628;1346,1866043657194;102,78154908319289
7629;1346,186641480153;102,78154496260049
7630;1346,1866784358012;102,78154086295235
7631;1346,186715231437;102,78153678425332
7632;1346,186751865844;102,78153272650789
7633;1346,186788337818;102,78152868972028
7634;1346,1868246461654;102,78152467389431
7635;1346,1868607897052;102,78152067903356
7636;1346,1868967672665;102,78151670514126
7637;1346,1869325776902;102,78151275222024
7638;1346,1869682198299;102,78150882027313
7639;1346,1870036925493;102,78150490930219
7640;1346,1870390226193;102,78150101930932
7641;1346,1870741533166;102,78149715029616
7642;1346,187109111254;102,78149330226401
7643;1346,1871438953417;102,78148947521383
7644;1346,187178504502;102,78148566914633
7645;1346,1872129664432;102,78148188406182
7646;1346,1872472227312;102,78147811996035
7647;1346,1872813009256;102,78147437684166
7648;1346,187315199995;102,78147065470513
7649;1346,187348918919;102,7814669535499
7650;1346,18738245669;102,7814632733747
7651;1346,1874158123117;102,78145961417808
7652;1346,1874489847992;102,78145597595815
7653;1346,1874819731793;102,7814523587128
7654;1346,187514776491;102,78144876243957
7655;1346,1875473937919;102,78144518713572
7656;1346,1875798241292;102,78144163279816
7657;1346,187612066584;102,78143809942357
7658;1346,1876441202426;102,78143458700826
7659;1346,1876759842087;102,78143109554826
7660;1346,187707657577;102,78142762503927
7661;1346,187739139476;102,78142417547677
7662;1346,1877704290373;102,78142074685583
7663;1346,187801525406;102,7814173391713
7664;1346,187832459421;102,78141395241771
7665;1346,1878631670177;102,78141058658927
7666;1346,1878936789228;102,78140724167996
7667;1346,1879239943278;102,78140391768332
7668;1346,1879541124354;102,78140061459278
7669;1346,1879840324614;102,78139733240135
7670;1346,1880137536316;102,78139407110179
7671;1346,1880433077663;102,78139083068653
7672;1346,1880726290728;102,78138761114778
7673;1346,1881017492726;102,7813844124774
7674;1346,1881306676385;102,78138123466697
7675;1346,1881593834567;102,78137807770777
7676;1346,1881878960241;102,78137494159085
7677;1346,1882162046497;102,78137182630694
7678;1346,188244308654;102,78136873184641
7679;1346,1882722073772;102,78136565819949
7680;1346,1882999001477;102,781362605356
7681;1346,188327386329;102,78135957330552
7682;1346,1883546652894;102,78135656203739
7683;1346,1883817364073;102,7813535715406
7684;1346,1884085990744;102,78135060180391
7685;1346,188435252693;102,78134765281575
7686;1346,1884616966852;102,7813447245643
7687;1346,1884879304696;102,78134181703751
7688;1346,188513953475;102,78133893022297
7689;1346,1885397651592;102,78133606410803
7690;1346,1885653649829;102,78133321867976
7691;1346,1885907524193;102,78133039392497
7692;1346,1886159269523;102,7813275898302
7693;1346,1886409228719;102,78132480638168
7694;1346,1886656701756;102,7813220435654
7695;1346,188690203096;102,78131930136709
7696;1346,1887145211642;102,78131657977218
7697;1346,188738623922;102,78131387876583
7698;1346,1887625109225;102,78131119833299
7699;1346,1887861817318;102,78130853845823
7700;1346,1888096359255;102,78130589912601
7701;1346,1888328730922;102,78130328032039
7702;1346,1888558928317;102,78130068202522
7703;1346,1888786947545;102,78129810422409
7704;1346,1889013140415;102,78129554690034
7705;1346,1889236792772;102,78129301003699
7706;1346,188945825589;102,78129049361686
7707;1346,1889677526403;102,78128799762251
7708;1346,1889894600995;102,7812855220362
7709;1346,1890109476462;102,78128306683996
7710;1346,1890322149795;102,78128063201558
7711;1346,1890532617851;102,78127821754455
7712;1346,189074087784;102,78127582340817
7713;1346,1890946927094;102,78127344958739
7714;1346,1891150762794;102,781271096063
7715;1346,18913523825;102,7812687628155
7716;1346,1891551783795;102,78126644982515
7717;1346,1891748964367;102,78126415707194
7718;1346,1891943922024;102,78126188453564
7719;1346,189213665468;102,78125963219576
7720;1346,189232716036;102,78125740003154
7721;1346,189251543729;102,78125518802202
7722;1346,1892701483534;102,78125299614595
7723;1346,1892885297545;102,7812508243819
7724;1346,1893066877783;102,7812486727081
7725;1346,189324622282;102,78124654110262
7726;1346,1893423331348;102,78124442954328
7727;1346,1893598202164;102,78124233800763
7728;1346,1893770834165;102,78124026647298
7729;1346,189394122636;102,78123821491644
7730;1346,1894109377874;102,78123618331486
7731;1346,1894275287927;102,78123417164484
7732;1346,189443895586;102,78123217988279
7733;1346,1894600381104;102,7812302080048
7734;1346,1894759563213;102,78122825598683
7735;1346,1894916501842;102,78122632380457
7736;1346,1895071196752;102,78122441143346
7737;1346,1895223647807;102,78122251884868
7738;1346,189537385498;102,78122064602528
7739;1346,1895521818346;102,78121879293799
7740;1346,1895667538085;102,78121695956138
7741;1346,1895811014485;102,78121514586974
7742;1346,189595224794;102,78121335183714
7743;1346,1896091238946;102,78121157743749
7744;1346,1896227988088;102,78120982264439
7745;1346,189636249608;102,78120808743128
7746;1346,1896494763714;102,78120637177136
7747;1346,1896624791993;102,78120467563758
7748;1346,189675258175;102,78120299900273
7749;1346,1896878134178;102,78120134183933
7750;1346,1897001450484;102,78119970411974
7751;1346,1897122531989;102,78119808581604
7752;1346,1897241380095;102,78119648690011
7753;1346,1897357996318;102,78119490734366
7754;1346,1897472745043;102,78119334711815
7755;1346,1897584902144;102,78119180619483
7756;1346,1897694832483;102,78119028454473
7757;1346,189780253797;102,7811887821387
7758;1346,1897908020692;102,78118729894737
7759;1346,1898011282578;102,78118583494114
7760;1346,1898112325923;102,78118439009023
7761;1346,1898211153025;102,78118296436466
7762;1346,1898307766278;102,78118155773421
7763;1346,1898402168258;102,78118017016847
7764;1346,1898494361385;102,78117880163687
7765;1346,189858470713;102,78117745210854
7766;1346,1898672490397;102,78117612155253
7767;1346,189875807321;102,78117480993758
7768;1346,1898841458615;102,78117351723233
7769;1346,1898922649511;102,78117224340515
7770;1346,1899001649126;102,78117098842424
7771;1346,1899078460792;102,78116975225758
7772;1346,1899153087681;102,78116853487302
7773;1346,18992255333;102,78116733623811
7774;1346,1899295801175;102,78116615632032
7775;1346,189936389491;102,78116499508688
7776;1346,1899430170986;102,78116385250479
7777;1346,1899493927017;102,78116272854093
7778;1346,1899555520347;102,78116162316194
7779;1346,189961495479;102,7811605363343
7780;1346,1899672234565;102,78115946802426
7781;1346,1899727363655;102,78115841819796
7782;1346,1899780346369;102,78115738682132
7783;1346,1899831535113;102,78115637386003
7784;1346,1899880237406;102,78115537927965
7785;1346,1899926806625;102,78115440304555
7786;1346,189997124717;102,78115344512291
7787;1346,1900013563798;102,78115250547674
7788;1346,1900053761256;102,78115158407185
7789;1346,1900091844375;102,78115068087291
7790;1346,1900127818078;102,78114979584437
7791;1346,1900161687363;102,78114892895054
7792;1346,1900193457307;102,78114808015555
7793;1346,1900223133082;102,7811472494233
7794;1346,190025071993;102,7811464367176
7795;1346,1900276223182;102,78114564200207
7796;1346,1900299648246;102,7811448652401
7797;1346,1900321000608;102,78114410639499
7798;1346,190034028584;102,78114336542978
7799;1346,1900357509587;102,78114264230744
7800;1346,190037267758;102,78114193699074
7801;1346,190038579562;102,78114124944223
7802;1346,1900396869592;102,78114057962436
7803;1346,1900405905449;102,78113992749938
7804;1346,1900412909306;102,78113929302943
7805;1346,1900417887125;102,78113867617641
7806;1346,1900420845166;102,78113807690212
7807;1346,1900421789692;102,78113749516817
7808;1346,1900420727038;102,78113693093603
7809;1346,1900417663621;102,781136384167
7810;1346,1900412605921;102,78113585482225
7811;1346,190040556049;102,78113534286271
7812;1346,1900396533965;102,7811348482493
7813;1346,1900385533042;102,78113437094262
7814;1346,1900372564496;102,78113391090326
7815;1346,1900357635166;102,78113346809158
7816;1346,1900340751968;102,7811330424678
7817;1346,1900321921883;102,781132633992
7818;1346,1900301152036;102,78113224262412
7819;1346,1900278449398;102,78113186832397
7820;1346,1900253821236;102,78113151105111
7821;1346,1900227274805;102,78113117076511
7822;1346,190019881742;102,78113084742526
7823;1346,1900168456477;102,78113054099077
7824;1346,1900136199424;102,78113025142073
7825;1346,1900102053785;102,78112997867403
7826;1346,190006602714;102,78112972270947
7827;1346,1900028127136;102,78112948348567
7828;1346,189998836149;102,78112926096114
7829;1346,1899946737979;102,78112905509421
7830;1346,189990326443;102,78112886584313
7831;1346,189985794875;102,781128693166
7832;1346,1899810798895;102,78112853702076
7833;1346,1899761822888;102,78112839736524
7834;1346,1899711028802;102,78112827415708
7835;1346,1899658424788;102,78112816735391
7836;1346,1899604019036;102,78112807691309
7837;1346,189954781981;102,78112800279196
7838;1346,1899489835423;102,78112794494767
7839;1346,1899430074243;102,78112790333725
7840;1346,1899368544703;102,78112787791763
7841;1346,1899305255295;102,78112786864557
7842;1346,189924021455;102,78112787547775
7843;1346,1899173431063;102,78112789837071
7844;1346,1899104913493;102,78112793728086
7845;1346,189903467054;102,7811279921645
7846;1346,1898962710957;102,78112806297777
7847;1346,189888904356;102,78112814967677
7848;1346,1898813677208;102,7811282522174
7849;1346,1898736620815;102,78112837055548
7850;1346,1898657883341;102,78112850464672
7851;1346,189857747381;102,78112865444668
7852;1346,1898495401276;102,78112881991085
7853;1346,189841167486;102,78112900099457
7854;1346,189832630372;102,78112919765307
7855;1346,1898239297068;102,7811294098415
7856;1346,1898150927684;102,78112963751488
7857;1346,1898060676301;102,78112988062809
7858;1346,1897968817311;102,78113013913594
7859;1346,1897875619047;102,78113041299311
7860;1346,1897780571533;102,78113070215421
7861;1346,1897683944724;102,7811310065737
7862;1346,1897585748152;102,78113132620594
7863;1346,1897485991392;102,78113166100519
7864;1346,1897384684053;102,78113201092563
7865;1346,1897281835804;102,78113237592133
7866;1346,1897177456399;102,78113275594622
7867;1346,1897071555459;102,78113315095418
7868;1346,1896964142818;102,78113356089894
7869;1346,1896855228306;102,78113398573419
7870;1346,1896744821781;102,78113442541348
7871;1346,1896632933137;102,78113487989027
7872;1346,1896519572308;102,78113534911795
7873;1346,1896404749275;102,78113583304977
7874;1346,189628847405;102,78113633163893
7875;1346,1896170756675;102,78113684483853
7876;1346,1896051607232;102,78113737260152
7877;1346,1895931035845;102,78113791488083
7878;1346,189580905266;102,78113847162929
7879;1346,1895685667864;102,78113904279962
7880;1346,1895560891674;102,78113962834443
7881;1346,1895434734354;102,78114022821632
7882;1346,189530720618;102,7811408423677
7883;1346,1895178317468;102,78114147075102
7884;1346,1895048078568;102,7811421133185
7885;1346,1894916499857;102,7811427700224
7886;1346,1894783591742;102,78114344081482
7887;1346,189464936466;102,78114412564784
7888;1346,1894513829077;102,78114482447339
7889;1346,189437699553;102,78114553724339
7890;1346,1894238874452;102,78114626390963
7891;1346,189409947648;102,78114700442387
7892;1346,1893958812097;102,78114775873773
7893;1346,1893816892;102,78114852680277
7894;1346,1893673928041;102,78114930857055
7895;1346,1893529526533;102,78115010399246
7896;1346,1893383901252;102,78115091301989
7897;1346,1893237062802;102,78115173560408
7898;1346,1893089021996;102,78115257169627
7899;1346,1892939789489;102,7811534212476
7900;1346,1892789376093;102,78115428420912
7901;1346,1892637792635;102,78115516053187
7902;1346,1892485049875;102,78115605016674
7903;1346,1892331158597;102,78115695306467
7904;1346,1892176129693;102,7811578691764
7905;1346,1892019974025;102,7811587984527
7906;1346,1891862702478;102,78115974084422
7907;1346,189170450444;102,7811606963016
7908;1346,1891545032076;102,78116166477537
7909;1346,1891384476628;102,78116264621602
7910;1346,189122284896;102,781163640574
7911;1346,1891060160083;102,78116464779964
7912;1346,1890896420982;102,78116566784328
7913;1346,1890731642643;102,78116670065516
7914;1346,1890565836084;102,78116774618549
7915;1346,1890399012327;102,7811688043844
7916;1346,1890231182404;102,78116987520195
7917;1346,1890062357363;102,78117095858823
7918;1346,1889892548265;102,78117205449317
7919;1346,1889721766183;102,7811731628667
7920;1346,188955002219;102,7811742836587
7921;1346,1889377327384;102,78117541681898
7922;1346,1889203692904;102,78117656229736
7923;1346,188902912978;102,78117772004352
7924;1346,188885364917;102,78117889000715
7925;1346,1888677262198;102,78118007213789
7926;1346,1888499979991;102,7811812663853
7927;1346,1888321813697;102,78118247269893
7928;1346,188814277445;102,78118369102828
7929;1346,188796287344;102,7811849213228
7930;1346,1887782258814;102,7811861635319
7931;1346,1887600665832;102,78118741760493
7932;1346,1887418244535;102,78118868349124
7933;1346,1887235006116;102,7811899611401
7934;1346,1887050961689;102,78119125050075
7935;1346,1886866122452;102,78119255152242
7936;1346,188668049958;102,78119386415428
7937;1346,188649410429;102,78119518834542
7938;1346,1886306947679;102,781196524045
7939;1346,1886119040967;102,78119787120207
7940;1346,188593039533;102,7811992297656
7941;1346,1885741021943;102,78120059968468
7942;1346,1885550931975;102,7812019809082
7943;1346,1885360136607;102,78120337338511
7944;1346,1885168647002;102,78120477706435
7945;1346,1884976474357;102,78120619189475
7946;1346,1884783629785;102,78120761782516
7947;1346,1884590124469;102,78120905480442
7948;1346,1884395969585;102,78121050278129
7949;1346,188420117624;102,78121196170454
7950;1346,1884005755608;102,78121343152294
7951;1346,1883809718815;102,78121491218515
7952;1346,1883613077002;102,78121640363987
7953;1346,18834158413;102,7812179058358
7954;1346,1883218022822;102,78121941872155
7955;1346,1883019632673;102,78122094224575
7956;1346,1882820681983;102,781222476357
7957;1346,1882621269851;102,78122402100388
7958;1346,1882421229477;102,78122557613496
7959;1346,1882220661792;102,78122714169876
7960;1346,1882019577859;102,78122871764384
7961;1346,1881817988747;102,7812303039187
7962;1346,1881615905459;102,78123190047182
7963;1346,1881413339045;102,78123350725168
7964;1346,1881210300521;102,78123512420677
7965;1346,188100680089;102,78123675128553
7966;1346,1880802851163;102,78123838843638
7967;1346,1880598462299;102,78124003560778
7968;1346,1880393645242;102,78124169274814
7969;1346,188018841096;102,78124335980584
7970;1346,1879982770386;102,78124503672933
7971;1346,1879776734436;102,78124672346695
7972;1346,1879570314006;102,78124841996711
7973;1346,1879363519986;102,78125012617816
7974;1346,1879156363245;102,7812518420485
7975;1346,1878948854642;102,78125356752649
7976;1346,187874100499;102,78125530256048
7977;1346,1878532825112;102,78125704709883
7978;1346,1878324325805;102,78125880108988
7979;1346,187811551784;102,78126056448201
7980;1346,187790641198;102,78126233722354
7981;1346,187769701896;102,78126411926283
7982;1346,1877487349502;102,78126591054823
7983;1346,1877277414283;102,78126771102811
7984;1346,1877067223984;102,78126952065078
7985;1346,1876856789258;102,78127133936464
7986;1346,187664612073;102,781273167118
7987;1346,1876435229012;102,78127500385926
7988;1346,187622412468;102,78127684953678
7989;1346,1876012818302;102,78127870409892
7990;1346,187580132041;102,78128056749408
7991;1346,1875589641515;102,78128243967062
7992;1346,18753777921;102,78128432057693
7993;1346,1875165782628;102,78128621016145
7994;1346,1874953623535;102,78128810837256
7995;1346,1874741325232;102,78129001515869
7996;1346,18745288981;102,78129193046827
7997;1346,187431635249;102,78129385424975
7998;1346,1874103698738;102,78129578645158
7999;1346,1873890947145;102,78129772702222
8000;1346,1873678107977;102,78129967591018
8001;1346,1873465191484;102,78130163306393
8002;1346,187325220788;102,781303598432
8003;1346,1873039167353;102,78130557196289
8004;1346,1872826080057;102,78130755360519
8005;1346,1872612956117;102,78130954330743
8006;1346,1872399805632;102,78131154101821
8007;1346,187218663867;102,78131354668609
8008;1346,1871973465265;102,78131556025974
8009;1346,1871760295412;102,78131758168777
8010;1346,1871547139087;102,78131961091887
8011;1346,1871334006232;102,78132164790166
8012;1346,187112090675;102,78132369258492
8013;1346,187090785052;102,78132574491732
8014;1346,1870694847373;102,78132780484763
8015;1346,1870481907122;102,78132987232463
8016;1346,1870269039534;102,78133194729713
8017;1346,1870056254354;102,78133402971395
8018;1346,186984356128;102,7813361195239
8019;1346,1869630969986;102,78133821667593
8020;1346,1869418490098;102,78134032111892
8021;1346,1869206131219;102,7813424328018
8022;1346,18689939029;102,78134455167353
8023;1346,1868781814671;102,78134667768313
8024;1346,1868569876015;102,78134881077962
8025;1346,186835809639;102,78135095091206
8026;1346,1868146485215;102,78135309802951
8027;1346,1867935051857;102,78135525208114
8028;1346,1867723805653;102,78135741301607
8029;1346,1867512755898;102,78135958078353
8030;1346,1867301911861;102,78136175533271
8031;1346,1867091282766;102,78136393661286
8032;1346,1866880877787;102,78136612457335
8033;1346,186667070607;102,78136831916343
8034;1346,1866460776716;102,78137052033253
8035;1346,186625109879;102,78137272803004
8036;1346,1866041681317;102,7813749422054
8037;1346,1865832533272;102,78137716280808
8038;1346,18656236636;102,78137938978765
8039;1346,1865415081193;102,78138162309367
8040;1346,186520679491;102,78138386267572
8041;1346,1864998813571;102,78138610848349
8042;1346,1864791145947;102,78138836046662
8043;1346,1864583800764;102,78139061857492
8044;1346,1864376786716;102,7813928827581
8045;1346,1864170112444;102,78139515296604
8046;1346,1863963786557;102,7813974291486
8047;1346,1863757817605;102,78139971125566
8048;1346,1863552214102;102,78140199923722
8049;1346,1863346922619;102,78140429304328
8050;1346,1863142074017;102,7814065926239
8051;1346,1862937551498;102,78140889792915
8052;1346,186273349135;102,78141120890925
8053;1346,1862529838556;102,78141352551437
8054;1346,1862326601374;102,78141584769475
8055;1346,186212378802;102,7814181754007
8056;1346,1861921406642;102,78142050858261
8057;1346,1861719465337;102,78142284719085
8058;1346,1861517972172;102,78142519117588
8059;1346,1861316935162;102,78142754048824
8060;1346,186111636228;102,78142989507849
8061;1346,1860916261442;102,78143225489724
8062;1346,1860716640522;102,78143461989517
8063;1346,1860517507346;102,78143699002301
8064;1346,1860318869674;102,78143936523155
8065;1346,1860120735278;102,78144174547164
8066;1346,1859923111822;102,78144413069415
8067;1346,1859726006858;102,7814465208501
8068;1346,185952942814;102,78144891589045
8069;1346,1859333383127;102,78145131576632
8070;1346,1859137879298;102,78145372042881
8071;1346,18589429241;102,78145612982914
8072;1346,1858748524924;102,78145854391855
8073;1346,1858554689088;102,78146096264837
8074;1346,1858361423924;102,78146338596997
8075;1346,1858168736653;102,78146581383481
8076;1346,1857976634471;102,78146824619436
8077;1346,1857785124514;102,78147068300024
8078;1346,1857594213882;102,78147312420404
8079;1346,1857403909605;102,78147556975749
8080;1346,185721421868;102,78147801961231
8081;1346,1857025148042;102,78148047372035
8082;1346,1856836704583;102,7814829320335
8083;1346,1856648895139;102,78148539450373
8084;1346,1856461726495;102,78148786108308
8085;1346,1856275205384;102,78149033172362
8086;1346,1856089338487;102,78149280637753
8087;1346,1855904132442;102,781495284997
8088;1346,185571959382;102,7814977675344
8089;1346,1855535729148;102,78150025394207
8090;1346,1855352544908;102,78150274417244
8091;1346,1855170047513;102,78150523817804
8092;1346,185498824333;102,78150773591145
8093;1346,1854807138684;102,78151023732532
8094;1346,185462673981;102,78151274237239
8095;1346,1854447052972;102,78151525100546
8096;1346,18542680843;102,7815177631774
8097;1346,1854089839903;102,78152027884117
8098;1346,1853912325826;102,7815227979498
8099;1346,1853735548075;102,78152532045637
8100;1346,1853559512583;102,78152784631405
8101;1346,185338422525;102,78153037547611
8102;1346,185320956848;102,7815329078959
8103;1346,1853035793986;102,78153544352676
8104;1346,1852862785006;102,78153798232223
8105;1346,185269054722;102,78154052423585
8106;1346,1852519086247;102,78154306922124
8107;1346,1852348407658;102,78154561723215
8108;1346,1852178516963;102,78154816822236
8109;1346,1852009419617;102,78155072214575
8110;1346,1851841121031;102,78155327895628
8111;1346,1851673626554;102,78155583860797
8112;1346,1851506941482;102,78155840105498
8113;1346,1851341071051;102,78156096625148
8114;1346,185117602045;102,78156353415174
8115;1346,1851011794804;102,78156610471014
8116;1346,1850848399197;102,78156867788115
8117;1346,1850685838613;102,78157125361929
8118;1346,1850524118056;102,78157383187916
8119;1346,185036324243;102,78157641261548
8120;1346,1850203216625;102,78157899578304
8121;1346,1850044045411;102,78158158133671
8122;1346,1849885733532;102,78158416923141
8123;1346,184972828568;102,78158675942224
8124;1346,184957170649;102,78158935186431
8125;1346,184941600054;102,78159194651282
8126;1346,1849261172351;102,7815945433231
8127;1346,1849107226365;102,78159714225052
8128;1346,184895416702;102,7815997432506
8129;1346,1848801998713;102,78160234627886
8130;1346,1848650725715;102,78160495129102
8131;1346,1848500352266;102,78160755824275
8132;1346,1848350882562;102,78161016708997
8133;1346,1848202320734;102,78161277778857
8134;1346,1848054670866;102,78161539029459
8135;1346,1847907936976;102,78161800456412
8136;1346,184776212304;102,7816206205534
8137;1346,1847617232936;102,78162323821869
8138;1346,1847473270584;102,7816258575164
8139;1346,1847330239752;102,781628478403
8140;1346,1847188144188;102,7816311008351
8141;1346,1847046987587;102,78163372476932
8142;1346,1846906773576;102,78163635016247
8143;1346,1846767505738;102,78163897697138
8144;1346,1846629187594;102,78164160515301
8145;1346,184649182261;102,78164423466444
8146;1346,1846355414198;102,78164686546278
8147;1346,1846219965719;102,78164949750526
8148;1346,184608548047;102,78165213074925
8149;1346,1845951961695;102,78165476515218
8150;1346,1845819412588;102,78165740067158
8151;1346,184568783628;102,78166003726504
8152;1346,1845557235813;102,78166267489038
8153;1346,1845427614248;102,78166531350534
8154;1346,1845298974588;102,78166795306788
8155;1346,184517131971;102,78167059353603
8156;1346,1845044652466;102,7816732348679
8157;1346,1844918975626;102,7816758770217
8158;1346,1844794292012;102,7816785199558
8159;1346,1844670604278;102,78168116362859
8160;1346,1844547915057;102,78168380799858
8161;1346,1844426226924;102,78168645302443
8162;1346,184430554242;102,78168909866486
8163;1346,1844185864002;102,7816917448787
8164;1346,1844067194093;102,78169439162487
8165;1346,1843949535014;102,78169703886243
8166;1346,1843832889151;102,78169968655048
8167;1346,1843717258712;102,7817023346483
8168;1346,1843602645895;102,78170498311522
8169;1346,1843489052844;102,78170763191069
8170;1346,1843376481645;102,78171028099423
8171;1346,1843264934332;102,78171293032557
8172;1346,1843154412884;102,7817155798644
8173;1346,1843044919226;102,78171822957063
8174;1346,1842936455223;102,78172087940423
8175;1346,1842829022696;102,78172352932526
8176;1346,1842722623405;102,78172617929391
8177;1346,184261725906;102,78172882927049
8178;1346,1842512931314;102,7817314792154
8179;1346,184240964177;102,78173412908912
8180;1346,1842307391928;102,78173677885226
8181;1346,1842206013723;102,78173942846558
8182;1346,1842105847616;102,78174207788989
8183;1346,1842006725585;102,78174472708612
8184;1346,1841908648962;102,78174737601533
8185;1346,1841811619024;102,78175002463865
8186;1346,1841715637;102,78175267291736
8187;1346,1841620704058;102,78175532081283
8188;1346,184152682133;102,78175796828657
8189;1346,1841433989837;102,78176061530013
8190;1346,184134221068;102,78176326181523
8191;1346,1841251484773;102,78176590779368
8192;1346,1841161812995;102,78176855319742
8193;1346,1841073196279;102,78177119798849
8194;1346,1840985635392;102,781773842129
8195;1346,1840898959044;102,78177648558125
8196;1346,1840813511749;102,78177912830759
8197;1346,184072912257;102,7817817702705
8198;1346,1840645791904;102,78178441143258
8199;1346,184056352033;102,78178705175652
8200;1346,1840482308378;102,7817896912052
8201;1346,1840402156463;102,7817923297415
8202;1346,184032306498;102,7817949673285
8203;1346,1840245034227;102,7817976039293
8204;1346,1840168064575;102,78180023950726
8205;1346,1840092156233;102,7818028740257
8206;1346,1840017309382;102,78180550744817
8207;1346,1839943524171;102,78180813973826
8208;1346,183987080069;102,78181077085972
8209;1346,1839799138982;102,78181340077639
8210;1346,1839728539028;102,78181602945223
8211;1346,183965900078;102,78181865685133
8212;1346,1839590524125;102,78182128293788
8213;1346,1839523108902;102,78182390767618
8214;1346,1839456754908;102,78182653103069
8215;1346,1839391461885;102,7818291529659
8216;1346,1839327229536;102,78183177344651
8217;1346,1839264057498;102,7818343924373
8218;1346,1839201945374;102,78183700990316
8219;1346,1839140892712;102,78183962580908
8220;1346,1839080899013;102,78184224012021
8221;1346,1839021963733;102,78184485280178
8222;1346,1838964086276;102,78184746381918
8223;1346,1838907265956;102,78185007313787
8224;1346,183885150217;102,78185268072346
8225;1346,18387967941;102,78185528654166
8226;1346,183874314104;102,78185789055834
8227;1346,1838690542115;102,78186049273941
8228;1346,1838638996458;102,78186309305097
8229;1346,1838588503133;102,78186569145923
8230;1346,183853906114;102,7818682879305
8231;1346,183849066954;102,78187088243119
8232;1346,1838443327229;102,78187347492788
8233;1346,1838397033093;102,78187606538722
8234;1346,1838351785946;102,78187865377605
8235;1346,1838307584667;102,78188124006122
8236;1346,1838264427972;102,78188382420981
8237;1346,1838222314568;102,78188640618897
8238;1346,1838181243122;102,78188898596598
8239;1346,1838141212256;102,78189156350822
8240;1346,1838102220547;102,78189413878323
8241;1346,183806426653;102,78189671175863
8242;1346,183802734869;102,7818992824022
8243;1346,1837991465475;102,7819018506818
8244;1346,1837956615243;102,78190441656547
8245;1346,1837922796435;102,7819069800213
8246;1346,1837890007325;102,78190954101758
8247;1346,1837858246188;102,78191209952266
8248;1346,1837827511208;102,781914655505
8249;1346,1837797800656;102,78191720893327
8250;1346,183776911264;102,78191975977619
8251;1346,1837741445258;102,78192230800262
8252;1346,1837714796573;102,78192485358153
8253;1346,1837689164563;102,78192739648206
8254;1346,1837664547288;102,78192993667342
8255;1346,183764094264;102,78193247412496
8256;1346,1837618348525;102,78193500880617
8257;1346,1837596762628;102,78193754068666
8258;1346,1837576183095;102,78194006973611
8259;1346,1837556607538;102,78194259592443
8260;1346,1837538033687;102,78194511922155
8261;1346,1837520459244;102,7819476395976
8262;1346,183750371988;102,78195015702275
8263;1346,183748813756;102,7819526714674
8264;1346,1837473547466;102,781955182902
8265;1346,1837459947205;102,78195769129711
8266;1346,1837447334083;102,7819601966235
8267;1346,1837435705881;102,78196269885197
8268;1346,1837425059866;102,78196519795354
8269;1346,1837415393386;102,78196769389926
8270;1346,183740670386;102,78197018666035
8271;1346,1837398988564;102,78197267620817
8272;1346,1837392244774;102,78197516251419
8273;1346,1837386469724;102,78197764554997
8274;1346,1837381660614;102,78198012528726
8275;1346,1837377814606;102,7819826016979
8276;1346,183737492884;102,78198507475388
8277;1346,1837373000392;102,78198754442724
8278;1346,1837372026325;102,78199001069024
8279;1346,183737200366;102,78199247351522
8280;1346,1837372929388;102,78199493287464
8281;1346,1837374800418;102,78199738874113
8282;1346,1837377613738;102,78199984108738
8283;1346,1837381366201;102,78200228988625
8284;1346,1837386054647;102,78200473511073
8285;1346,183739167589;102,78200717673391
8286;1346,1837398226717;102,78200961472902
8287;1346,1837405703875;102,78201204906941
8288;1346,1837414104075;102,78201447972856
8289;1346,1837423424004;102,7820169066801
8290;1346,18374336603;102,78201932989772
8291;1346,1837444809587;102,78202174935532
8292;1346,183745686845;102,7820241650269
8293;1346,1837469833442;102,78202657688654
8294;1346,1837483701079;102,78202898490846
8295;1346,1837498467855;102,78203138906709
8296;1346,183751413023;102,78203378933686
8297;1346,1837530684634;102,78203618569243
8298;1346,1837548127462;102,78203857810855
8299;1346,1837566455079;102,78204096656007
8300;1346,1837585663827;102,78204335102201
8301;1346,183760574998;102,78204573146948
8302;1346,183762670988;102,78204810787774
8303;1346,1837648539713;102,7820504802222
8304;1346,1837671235735;102,78205284847832
8305;1346,183769479414;102,78205521262176
8306;1346,1837719211117;102,7820575726283
8307;1346,1837744482773;102,78205992847381
8308;1346,1837770605189;102,7820622801343
8309;1346,1837797574499;102,78206462758594
8310;1346,183782538673;102,78206697080496
8311;1346,183785403791;102,7820693097678
8312;1346,183788352403;102,78207164445097
8313;1346,1837913841075;102,7820739748311
8314;1346,183794498496;102,78207630088501
8315;1346,1837976951658;102,78207862258958
8316;1346,1838009737046;102,78208093992185
8317;1346,1838043336984;102,78208325285898
8318;1346,183807774732;102,78208556137827
8319;1346,1838112963876;102,7820878654571
8320;1346,1838148982413;102,78209016507306
8321;1346,1838185798772;102,78209246020378
8322;1346,183822340867;102,78209475082707
8323;1346,1838261807795;102,78209703692086
8324;1346,1838300991906;102,78209931846321
8325;1346,1838340956656;102,78210159543228
8326;1346,1838381697694;102,78210386780637
8327;1346,1838423210627;102,78210613556392
8328;1346,1838465491126;102,7821083986835
8329;1346,1838508534715;102,78211065714378
8330;1346,1838552337022;102,78211291092357
8331;1346,183859689356;102,78211516000184
8332;1346,1838642199855;102,78211740435762
8333;1346,1838688251376;102,78211964397012
8334;1346,1838735043668;102,78212187881867
8335;1346,183878257216;102,7821241088827
8336;1346,1838830832294;102,7821263341418
8337;1346,1838879819495;102,78212855457565
8338;1346,1838929529156;102,7821307701641
8339;1346,1838979956663;102,78213298088707
8340;1346,1839031097384;102,7821351867247
8341;1346,183908294666;102,78213738765713
8342;1346,183913549982;102,78213958366476
8343;1346,1839188752142;102,782141774728
8344;1346,1839242698977;102,78214396082745
8345;1346,1839297335566;102,78214614194384
8346;1346,1839352657166;102,78214831805799
8347;1346,1839408659011;102,78215048915088
8348;1346,183946533633;102,7821526552036
8349;1346,183952268432;102,78215481619736
8350;1346,1839580698177;102,78215697211351
8351;1346,1839639373047;102,78215912293354
8352;1346,183969870414;102,782161268639
8353;1346,1839758686572;102,78216340921168
8354;1346,1839819315464;102,78216554463334
8355;1346,183988058594;102,78216767488603
8356;1346,1839942493086;102,78216979995182
8357;1346,184000503199;102,78217191981295
8358;1346,1840068197698;102,78217403445174
8359;1346,1840131985314;102,7821761438507
8360;1346,184019638983;102,78217824799243
8361;1346,1840261406328;102,78218034685963
8362;1346,1840327029795;102,7821824404352
8363;1346,1840393255234;102,78218452870207
8364;1346,1840460077617;102,78218661164335
8365;1346,1840527491968;102,7821886892423
8366;1346,1840595493222;102,78219076148227
8367;1346,1840664076349;102,7821928283467
8368;1346,1840733236288;102,78219488981921
8369;1346,184080296797;102,78219694588356
8370;1346,184087326632;102,78219899652356
8371;1346,184094412625;102,78220104172321
8372;1346,1841015542639;102,78220308146659
8373;1346,1841087510422;102,78220511573795
8374;1346,1841160024464;102,78220714452165
8375;1346,1841233079635;102,78220916780211
8376;1346,18413066708;102,78221118556397
8377;1346,184138079281;102,78221319779195
8378;1346,184145544052;102,78221520447089
8379;1346,1841530608758;102,78221720558574
8380;1346,1841606292367;102,78221920112163
8381;1346,1841682486163;102,78222119106374
8382;1346,184175918496;102,78222317539745
8383;1346,1841836383567;102,78222515410818
8384;1346,184191407678;102,78222712718153
8385;1346,1841992259403;102,78222909460322
8386;1346,1842070926223;102,78223105635908
8387;1346,1842150072;102,78223301243506
8388;1346,1842229691545;102,78223496281723
8389;1346,1842309779609;102,7822369074918
8390;1346,1842390330962;102,78223884644508
8391;1346,184247134036;102,78224077966355
8392;1346,1842552802557;102,78224270713372
8393;1346,184263471229;102,78224462884232
8394;1346,184271706434;102,78224654477614
8395;1346,1842799853423;102,78224845492214
8396;1346,1842883074291;102,78225035926735
8397;1346,1842966721667;102,78225225779894
8398;1346,184305079029;102,78225415050422
8399;1346,1843135274878;102,7822560373706
8400;1346,184322017015;102,78225791838564
8401;1346,1843305470854;102,78225979353698
8402;1346,1843391171703;102,7822616628124
8403;1346,1843477267412;102,78226352619981
8404;1346,1843563752698;102,78226538368725
8405;1346,1843650622259;102,78226723526281
8406;1346,1843737870843;102,7822690809148
8407;1346,1843825493143;102,78227092063157
8408;1346,184391348388;102,78227275440166
8409;1346,184400177929;102,78227458221365
8410;1346,1844090491886;102,78227640405632
8411;1346,184417955705;102,78227821991851
8412;1346,1844268969473;102,7822800297892
8413;1346,1844358723906;102,7822818336575
8414;1346,1844448815045;102,78228363151264
8415;1346,1844539237588;102,78228542334392
8416;1346,1844629986279;102,78228720914085
8417;1346,1844721055822;102,78228898889294
8418;1346,1844812440934;102,78229076258992
8419;1346,1844904136335;102,78229253022162
8420;1346,1844996136756;102,78229429177794
8421;1346,184508843691;102,78229604724895
8422;1346,1845181031522;102,78229779662479
8423;1346,1845273915342;102,78229953989575
8424;1346,184536708309;102,78230127705223
8425;1346,1845460529507;102,78230300808474
8426;1346,184555424933;102,78230473298395
8427;1346,1845648237318;102,78230645174058
8428;1346,1845742488206;102,78230816434551
8429;1346,184583699675;102,7823098707897
8430;1346,1845931757705;102,78231157106427
8431;1346,1846026765838;102,78231326516045
8432;1346,1846122015913;102,78231495306956
8433;1346,1846217502707;102,78231663478302
8434;1346,1846313220994;102,78231831029244
8435;1346,1846409165562;102,78231997958947
8436;1346,1846505331202;102,7823216426659
8437;1346,1846601712705;102,78232329951366
8438;1346,1846698304882;102,78232495012477
8439;1346,1846795102538;102,78232659449138
8440;1346,184689210048;102,78232823260569
8441;1346,1846989293545;102,78232986446015
8442;1346,1847086676557;102,78233149004717
8443;1346,184718424434;102,78233310935937
8444;1346,1847281991766;102,78233472238946
8445;1346,1847379913677;102,78233632913029
8446;1346,1847478004902;102,78233792957474
8447;1346,1847576260348;102,7823395237159
8448;1346,1847674674912;102,78234111154693
8449;1346,1847773243458;102,78234269306107
8450;1346,1847871960877;102,78234426825173
8451;1346,1847970822084;102,78234583711244
8452;1346,1848069821988;102,78234739963675
8453;1346,1848168955512;102,78234895581843
8454;1346,1848268217593;102,7823505056513
8455;1346,1848367603177;102,78235204912929
8456;1346,1848467107209;102,78235358624649
8457;1346,184856672467;102,78235511699702
8458;1346,1848666450524;102,78235664137522
8459;1346,1848766279763;102,78235815937542
8460;1346,1848866207374;102,78235967099216
8461;1346,1848966228379;102,78236117622005
8462;1346,184906633779;102,78236267505378
8463;1346,1849166530642;102,7823641674882
8464;1346,184926680198;102,78236565351826
8465;1346,184936714686;102,78236713313898
8466;1346,184946756035;102,78236860634554
8467;1346,1849568037526;102,78237007313318
8468;1346,1849668573482;102,78237153349733
8469;1346,184976916332;102,7823729874334
8470;1346,1849869802174;102,78237443493705
8471;1346,1849970485164;102,78237587600393
8472;1346,1850071207439;102,78237731062988
8473;1346,1850171964159;102,78237873881079
8474;1346,185027275049;102,78238016054269
8475;1346,1850373561626;102,78238157582172
8476;1346,1850474392766;102,7823829846441
8477;1346,1850575239123;102,78238438700619
8478;1346,1850676095924;102,78238578290441
8479;1346,185077695841;102,78238717233536
8480;1346,185087782185;102,78238855529565
8481;1346,1850978681516;102,78238993178209
8482;1346,1851079532692;102,78239130179152
8483;1346,1851180370684;102,78239266532093
8484;1346,1851281190814;102,78239402236741
8485;1346,1851381988413;102,78239537292814
8486;1346,1851482758839;102,7823967170004
8487;1346,1851583497453;102,78239805458158
8488;1346,1851684199637;102,78239938566921
8489;1346,1851784860794;102,78240071026087
8490;1346,1851885476342;102,78240202835427
8491;1346,1851986041713;102,78240333994724
8492;1346,1852086552353;102,78240464503764
8493;1346,1852187003728;102,78240594362356
8494;1346,185228739133;102,78240723570306
8495;1346,185238771066;102,78240852127436
8496;1346,1852487957226;102,78240980033583
8497;1346,1852588126574;102,78241107288584
8498;1346,185268821425;102,78241233892294
8499;1346,1852788215833;102,78241359844577
8500;1346,185288812691;102,78241485145303
8501;1346,1852987943087;102,78241609794355
8502;1346,1853087659993;102,78241733791629
8503;1346,1853187273273;102,78241857137024
8504;1346,1853286778592;102,78241979830457
8505;1346,185338617163;102,78242101871848
8506;1346,185348544809;102,7824222326113
8507;1346,1853584603691;102,78242343998245
8508;1346,1853683634174;102,78242464083148
8509;1346,1853782535297;102,78242583515801
8510;1346,1853881302845;102,78242702296176
8511;1346,1853979932607;102,78242820424254
8512;1346,185407842041;102,78242937900025
8513;1346,1854176762083;102,78243054723498
8514;1346,1854274953487;102,78243170894677
8515;1346,1854372990495;102,78243286413587
8516;1346,1854470869011;102,78243401280258
8517;1346,1854568584959;102,78243515494731
8518;1346,1854666134273;102,78243629057053
8519;1346,1854763512908;102,78243741967289
8520;1346,1854860716853;102,78243854225505
8521;1346,1854957742107;102,78243965831781
8522;1346,1855054584692;102,78244076786206
8523;1346,1855151240657;102,78244187088873
8524;1346,1855247706058;102,78244296739896
8525;1346,1855343976983;102,78244405739389
8526;1346,1855440049546;102,78244514087477
8527;1346,1855535919885;102,782446217843
8528;1346,1855631584135;102,78244728829996
8529;1346,1855727038474;102,78244835224726
8530;1346,1855822279092;102,78244940968649
8531;1346,1855917302214;102,7824504606194
8532;1346,1856012104076;102,78245150504783
8533;1346,1856106680946;102,78245254297366
8534;1346,1856201029107;102,7824535743989
8535;1346,1856295144867;102,78245459932566
8536;1346,1856389024542;102,78245561775614
8537;1346,1856482664498;102,78245662969258
8538;1346,1856576061095;102,78245763513738
8539;1346,1856669210742;102,78245863409302
8540;1346,1856762109862;102,782459626562
8541;1346,185685475489;102,78246061254701
8542;1346,1856947142298;102,78246159205075
8543;1346,1857039268573;102,78246256507606
8544;1346,185713113023;102,78246353162585
8545;1346,1857222723806;102,7824644917031
8546;1346,1857314045862;102,78246544531092
8547;1346,1857405092983;102,78246639245246
8548;1346,1857495861777;102,78246733313102
8549;1346,1857586348874;102,78246826734991
8550;1346,1857676550933;102,78246919511263
8551;1346,1857766464636;102,78247011642263
8552;1346,1857856086667;102,78247103128356
8553;1346,1857945413774;102,78247193969915
8554;1346,1858034442694;102,78247284167313
8555;1346,1858123170211;102,7824737372094
8556;1346,1858211593126;102,78247462631192
8557;1346,1858299708258;102,78247550898473
8558;1346,185838751246;102,78247638523194
8559;1346,1858475002618;102,78247725505783
8560;1346,185856217561;102,7824781184666
8561;1346,1858649028366;102,78247897546271
8562;1346,1858735557842;102,78247982605056
8563;1346,1858821760998;102,78248067023479
8564;1346,1858907634833;102,78248150801994
8565;1346,1858993176368;102,78248233941078
8566;1346,1859078382656;102,7824831644121
8567;1346,185916325077;102,78248398302875
8568;1346,1859247777807;102,78248479526576
8569;1346,1859331960884;102,78248560112812
8570;1346,185941579716;102,78248640062095
8571;1346,1859499283798;102,7824871937495
8572;1346,1859582475704;102,78248798051906
8573;1346,1859665255138;102,78248876093498
8574;1346,185974767661;102,7824895350027
8575;1346,185982973739;102,78249030272777
8576;1346,1859911434776;102,78249106411577
8577;1346,1859992766108;102,78249181917246
8578;1346,186007372871;102,78249256790355
8579;1346,186015431998;102,78249331031488
8580;1346,1860234537326;102,78249404641242
8581;1346,1860314378152;102,78249477620216
8582;1346,1860393839943;102,7824954996902
8583;1346,1860472920148;102,78249621688265
8584;1346,1860551616287;102,7824969277858
8585;1346,1860629925905;102,78249763240592
8586;1346,186070784653;102,78249833074946
8587;1346,1860785375768;102,78249902282285
8588;1346,186086251122;102,78249970863264
8589;1346,186093925053;102,78250038818545
8590;1346,1861015591355;102,782501061488
8591;1346,1861091531382;102,78250172854703
8592;1346,1861167068325;102,78250238936943
8593;1346,1861242199927;102,78250304396207
8594;1346,1861316923953;102,78250369233197
8595;1346,1861391238194;102,7825043344862
8596;1346,1861465140487;102,78250497043193
8597;1346,186153862864;102,78250560017634
8598;1346,186161170055;102,78250622372674
8599;1346,1861684354117;102,78250684109047
8600;1346,1861756587243;102,78250745227501
8601;1346,1861828397894;102,78250805728784
8602;1346,1861899784055;102,78250865613654
8603;1346,1861970743716;102,78250924882879
8604;1346,1862041274892;102,78250983537227
8605;1346,1862111375647;102,78251041577481
8606;1346,1862181044085;102,78251099004427
8607;1346,1862250278277;102,78251155818856
8608;1346,1862319076376;102,78251212021571
8609;1346,1862387436547;102,7825126761338
8610;1346,1862455356984;102,78251322595096
8611;1346,1862522835868;102,78251376967542
8612;1346,186258987148;102,78251430731547
8613;1346,186265646204;102,78251483887941
8614;1346,1862722605865;102,78251536437573
8615;1346,1862788301294;102,78251588381286
8616;1346,1862853546627;102,7825163971994
8617;1346,1862918340257;102,78251690454395
8618;1346,1862982680582;102,7825174058552
8619;1346,1863046566025;102,78251790114193
8620;1346,1863109995038;102,78251839041293
8621;1346,1863172966098;102,7825188736771
8622;1346,1863235477704;102,78251935094342
8623;1346,1863297528378;102,78251982222088
8624;1346,1863359192114;102,7825202875186
8625;1346,1863420316877;102,78252074684568
8626;1346,186348097644;102,78252120021138
8627;1346,1863541169453;102,78252164762495
8628;1346,1863600894574;102,78252208909576
8629;1346,1863660150502;102,78252252463321
8630;1346,1863718935922;102,78252295424676
8631;1346,1863777249584;102,78252337794595
8632;1346,1863835090257;102,78252379574036
8633;1346,186389245673;102,78252420763968
8634;1346,1863949347817;102,78252461365359
8635;1346,1864005762363;102,78252501379193
8636;1346,1864061699234;102,78252540806449
8637;1346,1864117157327;102,78252579648118
8638;1346,1864172135556;102,782526179052
8639;1346,1864226632874;102,78252655578693
8640;1346,1864280648256;102,7825269266961
8641;1346,186433418069;102,78252729178963
8642;1346,1864387229211;102,78252765107776
8643;1346,1864439792862;102,7825280045707
8644;1346,1864491870715;102,7825283522788
8645;1346,1864543461872;102,78252869421246
8646;1346,1864594565463;102,78252903038208
8647;1346,1864645180635;102,7825293607982
8648;1346,1864695306572;102,78252968547136
8649;1346,1864744942477;102,78253000441217
8650;1346,186479408759;102,78253031763128
8651;1346,1864842741131;102,78253062513947
8652;1346,1864890902405;102,7825309269475
8653;1346,1864938570707;102,78253122306619
8654;1346,186498574539;102,78253151350646
8655;1346,186503242577;102,78253179827922
8656;1346,1865078611247;102,78253207739554
8657;1346,186512430123;102,78253235086645
8658;1346,1865169495143;102,78253261870304
8659;1346,1865214192444;102,78253288091652
8660;1346,1865258392618;102,78253313751809
8661;1346,1865302095164;102,78253338851904
8662;1346,186534529962;102,7825336339307
8663;1346,1865388005535;102,78253387376445
8664;1346,186543021249;102,78253410803173
8665;1346,1865471920091;102,782534336744
8666;1346,186551312799;102,78253455991285
8667;1346,1865553835803;102,78253477754984
8668;1346,1865594043222;102,78253498966662
8669;1346,186563374995;102,78253519627489
8670;1346,1865672955735;102,7825353973864
8671;1346,1865711660287;102,78253559301294
8672;1346,1865749863407;102,78253578316634
8673;1346,1865787564893;102,78253596785852
8674;1346,186582476457;102,78253614710141
8675;1346,1865861462288;102,78253632090703
8676;1346,1865897657915;102,7825364892874
8677;1346,1865933351348;102,7825366522546
8678;1346,1865968542509;102,7825368098208
8679;1346,1866003231362;102,78253696199819
8680;1346,1866037417915;102,78253710879898
8681;1346,1866071102015;102,78253725023548
8682;1346,1866104283756;102,78253738632002
8683;1346,1866136963188;102,78253751706494
8684;1346,1866169140358;102,78253764248271
8685;1346,1866200815355;102,78253776258576
8686;1346,1866231988286;102,78253787738664
8687;1346,1866262659305;102,7825379868979
8688;1346,1866292828524;102,78253809113214
8689;1346,186632249615;102,78253819010202
8690;1346,186635166237;102,78253828382024
8691;1346,1866380327417;102,78253837229953
8692;1346,1866408491526;102,78253845555267
8693;1346,1866436154994;102,7825385335925
8694;1346,1866463318074;102,7825386064319
8695;1346,186648998112;102,78253867408374
8696;1346,1866516144423;102,78253873656104
8697;1346,1866541808363;102,78253879387675
8698;1346,186656697332;102,78253884604392
8699;1346,1866591639696;102,78253889307565
8700;1346,1866615807917;102,78253893498508
8701;1346,1866639478446;102,78253897178533
8702;1346,186666265172;102,78253900348963
8703;1346,186668532825;102,78253903011122
8704;1346,186670750854;102,7825390516634
8705;1346,1866729193146;102,7825390681595
8706;1346,1866750382592;102,78253907961286
8707;1346,1866771077468;102,78253908603692
8708;1346,1866791278371;102,78253908744512
8709;1346,1866810985925;102,78253908385092
8710;1346,1866830200768;102,78253907526785
8711;1346,1866848923557;102,7825390617095
8712;1346,186686715498;102,78253904318943
8713;1346,186688489574;102,7825390197213
8714;1346,186690214656;102,78253899131877
8715;1346,1866918908186;102,78253895799556
8716;1346,186693518138;102,78253891976541
8717;1346,1866950966948;102,7825388766421
8718;1346,1866966265663;102,78253882863946
8719;1346,186698107837;102,78253877577133
8720;1346,1866995405926;102,78253871805161
8721;1346,1867009249186;102,78253865549422
8722;1346,1867022609013;102,78253858811316
8723;1346,1867035486357;102,78253851592235
8724;1346,1867047882104;102,78253843893586
8725;1346,1867059797216;102,78253835716775
8726;1346,1867071232664;102,78253827063212
8727;1346,1867082189424;102,78253817934308
8728;1346,1867092668506;102,78253808331482
8729;1346,1867102670933;102,78253798256151
8730;1346,1867112197742;102,7825378770974
8731;1346,1867121250002;102,78253776693671
8732;1346,1867129828806;102,78253765209377
8733;1346,1867137935217;102,7825375325829
8734;1346,1867145570388;102,78253740841843
8735;1346,1867152735422;102,78253727961474
8736;1346,1867159431486;102,78253714618629
8737;1346,1867165659753;102,78253700814749
8738;1346,186717142142;102,78253686551281
8739;1346,186717671769;102,78253671829678
8740;1346,1867181549792;102,78253656651391
8741;1346,1867185918973;102,78253641017876
8742;1346,1867189826494;102,78253624930596
8743;1346,186719327363;102,78253608391009
8744;1346,1867196261685;102,78253591400582
8745;1346,1867198791995;102,78253573960781
8746;1346,186720086585;102,78253556073079
8747;1346,1867202484614;102,78253537738948
8748;1346,1867203649658;102,78253518959862
8749;1346,1867204362363;102,78253499737302
8750;1346,1867204624134;102,78253480072748
8751;1346,1867204436383;102,78253459967684
8752;1346,1867203800548;102,78253439423595
8753;1346,1867202718076;102,78253418441972
8754;1346,1867201190432;102,78253397024305
8755;1346,1867199219116;102,78253375172089
8756;1346,1867196805663;102,78253352886821
8757;1346,1867193951466;102,78253330169998
8758;1346,1867190658122;102,78253307023122
8759;1346,1867186927175;102,78253283447698
8760;1346,1867182760188;102,78253259445232
8761;1346,1867178158745;102,78253235017227
8762;1346,1867173124435;102,782532101652
8763;1346,186716765886;102,78253184890661
8764;1346,1867161763648;102,78253159195125
8765;1346,1867155440432;102,7825313308011
8766;1346,1867148690867;102,78253106547136
8767;1346,1867141516623;102,78253079597725
8768;1346,1867133919384;102,78253052233399
8769;1346,1867125900833;102,78253024455684
8770;1346,186711746271;102,7825299626611
8771;1346,1867108606698;102,78252967666204
8772;1346,1867099334559;102,78252938657499
8773;1346,1867089648044;102,78252909241532
8774;1346,1867079548917;102,78252879419836
8775;1346,1867069038963;102,78252849193949
8776;1346,1867058119979;102,7825281856541
8777;1346,186704679376;102,78252787535763
8778;1346,186703506215;102,78252756106548
8779;1346,1867022926956;102,78252724279314
8780;1346,1867010390035;102,78252692055605
8781;1346,1866997453265;102,78252659436973
8782;1346,1866984118487;102,78252626424967
8783;1346,1866970387603;102,78252593021136
8784;1346,186695626253;102,7825255922704
8785;1346,1866941745143;102,78252525044229
8786;1346,186692683738;102,78252490474263
8787;1346,1866911541192;102,782524555187
8788;1346,18668958585;102,78252420179102
8789;1346,186687979127;102,78252384457029
8790;1346,1866863341486;102,78252348354046
8791;1346,1866846511123;102,78252311871714
8792;1346,1866829302173;102,78252275011603
8793;1346,1866811716643;102,7825223777528
8794;1346,186679375657;102,78252200164313
8795;1346,1866775423944;102,78252162180273
8796;1346,1866756720824;102,7825212382473
8797;1346,1866737649273;102,78252085099263
8798;1346,1866718211322;102,78252046005441
8799;1346,1866698409067;102,78252006544841
8800;1346,1866678244573;102,7825196671904
8801;1346,1866657719945;102,78251926529617
8802;1346,1866636837278;102,7825188597815
8803;1346,1866615598701;102,78251845066221
8804;1346,1866594006303;102,78251803795412
8805;1346,1866572062243;102,78251762167301
8806;1346,1866549768658;102,78251720183479
8807;1346,1866527127693;102,78251677845523
8808;1346,1866504141515;102,78251635155026
8809;1346,186648081229;102,7825159211357
8810;1346,18664571422;102,78251548722746
8811;1346,186643313344;102,78251504984141
8812;1346,1866408788196;102,78251460899344
8813;1346,1866384108682;102,78251416469946
8814;1346,1866359097112;102,7825137169754
8815;1346,186633375571;102,78251326583717
8816;1346,1866308086708;102,7825128113007
8817;1346,1866282092344;102,78251235338195
8818;1346,1866255774867;102,78251189209684
8819;1346,1866229136533;102,78251142746132
8820;1346,186620217962;102,78251095949136
8821;1346,1866174906374;102,78251048820294
8822;1346,1866147319088;102,78251001361203
8823;1346,1866119420044;102,7825095357346
8824;1346,1866091211548;102,78250905458663
8825;1346,1866062695892;102,78250857018413
8826;1346,186603387539;102,78250808254309
8827;1346,186600475235;102,78250759167952
8828;1346,1865975329117;102,78250709760944
8829;1346,186594560799;102,78250660034882
8830;1346,1865915591313;102,7825060999137
8831;1346,1865885281436;102,7825055963201
8832;1346,1865854680705;102,78250508958406
8833;1346,1865823791475;102,78250457972162
8834;1346,1865792616104;102,78250406674877
8835;1346,1865761156973;102,78250355068157
8836;1346,1865729416431;102,78250303153607
8837;1346,1865697396868;102,7825025093283
8838;1346,1865665100663;102,78250198407429
8839;1346,1865632530223;102,78250145579013
8840;1346,1865599687922;102,78250092449181
8841;1346,1865566576173;102,78250039019544
8842;1346,1865533197367;102,78249985291703
8843;1346,186549955391;102,78249931267266
8844;1346,1865465648227;102,78249876947835
8845;1346,1865431482736;102,7824982233502
8846;1346,1865397059855;102,78249767430425
8847;1346,1865362382032;102,78249712235656
8848;1346,186532745168;102,78249656752317
8849;1346,186529227123;102,78249600982014
8850;1346,1865256843137;102,78249544926355
8851;1346,186522116983;102,78249488586941
8852;1346,1865185253766;102,78249431965382
8853;1346,1865149097396;102,78249375063284
8854;1346,1865112703172;102,78249317882248
8855;1346,1865076073557;102,7824926042388
8856;1346,1865039211002;102,78249202689786
8857;1346,186500211798;102,78249144681573
8858;1346,1864964796957;102,78249086400841
8859;1346,1864927250404;102,78249027849198
8860;1346,1864889480787;102,78248969028243
8861;1346,186485149059;102,78248909939587
8862;1346,1864813282293;102,78248850584828
8863;1346,186477485837;102,78248790965569
8864;1346,186473622131;102,78248731083416
8865;1346,1864697373599;102,78248670939968
8866;1346,1864658317706;102,78248610536826
8867;1346,1864619056134;102,78248549875596
8868;1346,1864579591368;102,78248488957877
8869;1346,1864539925903;102,78248427785266
8870;1346,1864500062234;102,78248366359368
8871;1346,1864460002853;102,7824830468178
8872;1346,186441975026;102,782482427541
8873;1346,1864379306944;102,7824818057793
8874;1346,1864338675412;102,78248118154863
8875;1346,1864297858158;102,78248055486499
8876;1346,1864256857687;102,78247992574431
8877;1346,1864215676494;102,7824792942026
8878;1346,1864174317093;102,78247866025578
8879;1346,1864132781968;102,78247802391982
8880;1346,1864091073626;102,78247738521061
8881;1346,1864049194578;102,78247674414413
8882;1346,1864007147312;102,78247610073626
8883;1346,1863964934337;102,78247545500295
8884;1346,1863922558155;102,78247480696008
8885;1346,1863880021274;102,78247415662355
8886;1346,1863837326184;102,78247350400929
8887;1346,1863794475396;102,78247284913311
8888;1346,1863751471399;102,78247219201093
8889;1346,1863708316698;102,7824715326586
8890;1346,1863665013793;102,78247087109197
8891;1346,1863621565178;102,7824702073269
8892;1346,1863577973356;102,78246954137917
8893;1346,1863534240817;102,78246887326468
8894;1346,1863490370054;102,7824682029992
8895;1346,186344636356;102,78246753059852
8896;1346,1863402223826;102,78246685607847
8897;1346,1863357953346;102,78246617945479
8898;1346,1863313554602;102,78246550074327
8899;1346,186326903008;102,7824648199597
8900;1346,1863224382266;102,78246413711977
8901;1346,1863179613638;102,78246345223926
8902;1346,1863134726677;102,78246276533386
8903;1346,1863089723863;102,78246207641929
8904;1346,186304460767;102,78246138551127
8905;1346,1862999380564;102,78246069262548
8906;1346,1862954045023;102,78245999777756
8907;1346,1862908603505;102,78245930098323
8908;1346,1862863058482;102,7824586022581
8909;1346,186281741241;102,78245790161779
8910;1346,186277166774;102,78245719907795
8911;1346,1862725826938;102,7824564946542
8912;1346,1862679892452;102,7824557883621
8913;1346,186263386673;102,78245508021723
8914;1346,1862587752214;102,78245437023519
8915;1346,1862541551354;102,7824536584315
8916;1346,1862495266573;102,78245294482171
8917;1346,1862448900308;102,78245222942132
8918;1346,1862402454994;102,78245151224587
8919;1346,1862355933056;102,78245079331086
8920;1346,186230933691;102,78245007263169
8921;1346,1862262668978;102,7824493502239
8922;1346,1862215931671;102,78244862610288
8923;1346,1862169127403;102,7824479002841
8924;1346,186212225857;102,78244717278297
8925;1346,1862075327572;102,78244644361484
8926;1346,1862028336802;102,78244571279512
8927;1346,1861981288657;102,78244498033918
8928;1346,1861934185522;102,78244424626237
8929;1346,1861887029775;102,78244351058001
8930;1346,186183982379;102,7824427733074
8931;1346,1861792569935;102,78244203445982
8932;1346,1861745270576;102,78244129405259
8933;1346,186169792807;102,78244055210091
8934;1346,1861650544772;102,78243980862008
8935;1346,1861603123032;102,7824390636253
8936;1346,186155566519;102,78243831713175
8937;1346,1861508173586;102,78243756915465
8938;1346,1861460650548;102,78243681970915
8939;1346,1861413098407;102,7824360688104
8940;1346,1861365519471;102,78243531647352
8941;1346,1861317916064;102,78243456271363
8942;1346,1861270290487;102,7824338075458
8943;1346,186122264504;102,78243305098513
8944;1346,1861174982023;102,78243229304665
8945;1346,1861127303714;102,7824315337454
8946;1346,1861079612404;102,78243077309638
8947;1346,1861031910357;102,78243001111458
8948;1346,1860984199852;102,78242924781499
8949;1346,1860936483145;102,78242848321256
8950;1346,1860888762487;102,78242771732216
8951;1346,186084104013;102,78242695015875
8952;1346,186079331831;102,78242618173722
8953;1346,1860745599263;102,78242541207241
8954;1346,1860697885215;102,78242464117916
8955;1346,1860650178382;102,7824238690723
8956;1346,1860602480979;102,78242309576667
8957;1346,1860554795207;102,78242232127698
8958;1346,186050712326;102,78242154561802
8959;1346,1860459467334;102,78242076880456
8960;1346,1860411829603;102,78241999085121
8961;1346,1860364212243;102,78241921177275
8962;1346,186031661742;102,7824184315838
8963;1346,1860269047284;102,78241765029905
8964;1346,186022150399;102,78241686793307
8965;1346,186017398968;102,78241608450048
8966;1346,1860126506485;102,78241530001584
8967;1346,186007905653;102,7824145144937
8968;1346,1860031641938;102,78241372794861
8969;1346,1859984264813;102,78241294039505
8970;1346,1859936927253;102,7824121518475
8971;1346,1859889631353;102,7824113623204
8972;1346,185984237919;102,78241057182822
8973;1346,1859795172845;102,78240978038535
8974;1346,1859748014376;102,78240898800615
8975;1346,1859700905848;102,78240819470498
8976;1346,1859653849303;102,78240740049621
8977;1346,1859606846779;102,78240660539409
8978;1346,185955990031;102,78240580941294
8979;1346,1859513011912;102,78240501256698
8980;1346,18594661836;102,78240421487048
8981;1346,1859419417383;102,78240341633763
8982;1346,185937271524;102,78240261698261
8983;1346,1859326079161;102,78240181681957
8984;1346,1859279511125;102,78240101586262
8985;1346,1859233013095;102,78240021412589
8986;1346,1859186587028;102,78239941162342
8987;1346,1859140234862;102,7823986083693
8988;1346,1859093958537;102,78239780437752
8989;1346,1859047759983;102,78239699966208
8990;1346,1859001641114;102,78239619423697
8991;1346,1858955603846;102,78239538811609
8992;1346,1858909650064;102,7823945813134
8993;1346,185886378166;102,78239377384273
8994;1346,1858818000512;102,78239296571799
8995;1346,1858772308485;102,782392156953
8996;1346,1858726707435;102,78239134756153
8997;1346,1858681199215;102,78239053755739
8998;1346,1858635785657;102,78238972695432
8999;1346,1858590468587;102,78238891576605
9000;1346,1858545249831;102,78238810400626
9001;1346,1858500131177;102,78238729168861
9002;1346,185845511444;102,78238647882672
9003;1346,1858410201396;102,78238566543422
9004;1346,1858365393819;102,7823848515247
9005;1346,1858320693475;102,78238403711168
9006;1346,185827610212;102,7823832222087
9007;1346,185823162149;102,78238240682923
9008;1346,185818725332;102,78238159098673
9009;1346,185814299933;102,78238077469466
9010;1346,185809886123;102,78237995796641
9011;1346,1858054840718;102,78237914081534
9012;1346,1858010939493;102,7823783232548
9013;1346,1857967159228;102,78237750529811
9014;1346,1857923501584;102,78237668695856
9015;1346,1857879968225;102,78237586824939
9016;1346,1857836560785;102,78237504918381
9017;1346,1857793280908;102,78237422977503
9018;1346,1857750130214;102,78237341003623
9019;1346,1857707110312;102,78237258998051
9020;1346,1857664222805;102,782371769621
9021;1346,1857621469283;102,78237094897077
9022;1346,1857578851316;102,78237012804283
9023;1346,1857536370476;102,78236930685019
9024;1346,1857494028313;102,78236848540587
9025;1346,1857451826374;102,78236766372278
9026;1346,1857409766187;102,78236684181385
9027;1346,185736784928;102,78236601969195
9028;1346,1857326077156;102,78236519736996
9029;1346,1857284451314;102,78236437486068
9030;1346,1857242973242;102,78236355217688
9031;1346,1857201644411;102,78236272933137
9032;1346,1857160466288;102,78236190633683
9033;1346,1857119440317;102,78236108320597
9034;1346,185707856794;102,78236025995146
9035;1346,1857037850555;102,7823594365859
9036;1346,185699728963;102,78235861312194
9037;1346,185695688655;102,78235778957209
9038;1346,1856916642698;102,7823569659489
9039;1346,1856876559457;102,78235614226486
9040;1346,1856836638199;102,78235531853248
9041;1346,1856796880252;102,78235449476414
9042;1346,1856757287012;102,78235367097226
9043;1346,1856717859778;102,78235284716921
9044;1346,1856678599881;102,78235202336732
9045;1346,1856639508624;102,7823511995789
9046;1346,1856600587305;102,78235037581622
9047;1346,18565618372;102,7823495520915
9048;1346,1856523259596;102,78234872841695
9049;1346,185648485574;102,78234790480474
9050;1346,1856446626887;102,78234708126698
9051;1346,185640857427;102,7823462578158
9052;1346,185637069911;102,78234543446325
9053;1346,1856333002622;102,78234461122139
9054;1346,1856295486007;102,78234378810215
9055;1346,1856258150444;102,78234296511758
9056;1346,1856220997115;102,78234214227955
9057;1346,1856184027176;102,78234131959996
9058;1346,1856147241776;102,7823404970907
9059;1346,1856110642063;102,78233967476356
9060;1346,1856074229154;102,78233885263037
9061;1346,1856038004166;102,78233803070289
9062;1346,1856001968201;102,78233720899279
9063;1346,1855966122343;102,78233638751179
9064;1346,1855930467675;102,78233556627154
9065;1346,1855895005253;102,78233474528366
9066;1346,185585973613;102,78233392455975
9067;1346,1855824661345;102,78233310411133
9068;1346,1855789781928;102,78233228394991
9069;1346,1855755098888;102,782331464087
9070;1346,1855720613237;102,78233064453399
9071;1346,185568632595;102,78232982530234
9072;1346,1855652238019;102,78232900640339
9073;1346,18556183504;102,78232818784849
9074;1346,1855584664036;102,78232736964893
9075;1346,1855551179885;102,78232655181598
9076;1346,185551789886;102,78232573436085
9077;1346,1855484821886;102,78232491729476
9078;1346,1855451949862;102,78232410062887
9079;1346,1855419283677;102,78232328437426
9080;1346,1855386824204;102,78232246854203
9081;1346,1855354572308;102,78232165314324
9082;1346,1855322528854;102,7823208381889
9083;1346,1855290694675;102,78232002368999
9084;1346,1855259070592;102,78231920965743
9085;1346,1855227657425;102,78231839610213
9086;1346,185519645598;102,78231758303497
9087;1346,1855165467045;102,78231677046676
9088;1346,18551346914;102,78231595840835
9089;1346,1855104129795;102,78231514687039
9090;1346,1855073783001;102,78231433586369
9091;1346,1855043651751;102,78231352539888
9092;1346,1855013736774;102,78231271548664
9093;1346,1854984038787;102,78231190613756
9094;1346,1854954558485;102,78231109736222
9095;1346,1854925296561;102,78231028917116
9096;1346,185489625371;102,78230948157487
9097;1346,1854867430582;102,78230867458383
9098;1346,1854838827833;102,78230786820842
9099;1346,1854810446107;102,78230706245907
9100;1346,1854782286034;102,7823062573461
9101;1346,1854754348224;102,78230545287981
9102;1346,185472663328;102,78230464907053
9103;1346,1854699141797;102,78230384592845
9104;1346,185467187432;102,78230304346378
9105;1346,1854644831476;102,7823022416867
9106;1346,1854618013801;102,78230144060731
9107;1346,1854591421832;102,78230064023572
9108;1346,1854565056096;102,78229984058194
9109;1346,185453891711;102,78229904165602
9110;1346,1854513005385;102,7822982434679
9111;1346,1854487321411;102,78229744602753
9112;1346,185446186567;102,78229664934483
9113;1346,185443663863;102,78229585342962
9114;1346,1854411640734;102,78229505829177
9115;1346,1854386872435;102,78229426394101
9116;1346,185436233418;102,7822934703871
9117;1346,1854338026378;102,78229267763977
9118;1346,1854313949439;102,78229188570869
9119;1346,1854290103756;102,78229109460345
9120;1346,1854266489713;102,78229030433366
9121;1346,1854243107684;102,78228951490888
9122;1346,1854219958025;102,78228872633865
9123;1346,1854197041075;102,78228793863241
9124;1346,18541743572;102,78228715179961
9125;1346,1854151906693;102,78228636584967
9126;1346,1854129689882;102,78228558079192
9127;1346,1854107707065;102,7822847966357
9128;1346,1854085958516;102,7822840133903
9129;1346,1854064444517;102,78228323106494
9130;1346,1854043165347;102,78228244966887
9131;1346,185402212125;102,7822816692112
9132;1346,1854001312458;102,78228088970114
9133;1346,1853980739213;102,7822801111477
9134;1346,1853960401722;102,78227933355998
9135;1346,18539403002;102,78227855694698
9136;1346,1853920434824;102,7822777813177
9137;1346,1853900805793;102,78227700668104
9138;1346,1853881413267;102,7822762330459
9139;1346,1853862257396;102,78227546042116
9140;1346,1853843338351;102,78227468881562
9141;1346,1853824656262;102,78227391823809
9142;1346,185380621124;102,78227314869729
9143;1346,1853788003407;102,78227238020189
9144;1346,1853770032858;102,78227161276061
9145;1346,1853752299676;102,78227084638206
9146;1346,1853734803956;102,7822700810748
9147;1346,185371754575;102,7822693168474
9148;1346,185370052513;102,78226855370836
9149;1346,1853683742124;102,78226779166614
9150;1346,1853667196779;102,78226703072919
9151;1346,1853650889109;102,78226627090588
9152;1346,1853634819124;102,78226551220456
9153;1346,1853618986825;102,78226475463354
9154;1346,1853603392194;102,7822639982011
9155;1346,185358803522;102,78226324291548
9156;1346,1853572915857;102,78226248878487
9157;1346,1853558034068;102,7822617358174
9158;1346,1853543389796;102,7822609840212
9159;1346,1853528982967;102,78226023340436
9160;1346,1853514813513;102,7822594839749
9161;1346,185350088134;102,78225873574081
9162;1346,1853487186347;102,78225798871007
9163;1346,1853473728427;102,78225724289058
9164;1346,1853460507457;102,78225649829021
9165;1346,1853447523306;102,78225575491682
9166;1346,185343477583;102,7822550127782
9167;1346,185342226488;102,7822542718821
9168;1346,185340999028;102,78225353223627
9169;1346,1853397951877;102,78225279384837
9170;1346,1853386149478;102,78225205672604
9171;1346,1853374582874;102,78225132087687
9172;1346,1853363251876;102,78225058630845
9173;1346,185335215626;102,78224985302828
9174;1346,18533412958;102,78224912104386
9175;1346,1853330670262;102,78224839036265
9176;1346,185332027939;102,78224766099201
9177;1346,1853310122942;102,78224693293933
9178;1346,1853300200644;102,78224620621194
9179;1346,1853290512217;102,78224548081711
9180;1346,1853281057379;102,78224475676211
9181;1346,1853271835816;102,78224403405412
9182;1346,1853262847242;102,78224331270032
9183;1346,1853254091332;102,78224259270783
9184;1346,1853245567759;102,78224187408378
9185;1346,185323727618;102,78224115683517
9186;1346,1853229216254;102,78224044096902
9187;1346,185322138762;102,78223972649229
9188;1346,1853213789914;102,78223901341194
9189;1346,185320642276;102,78223830173485
9190;1346,185319928577;102,78223759146788
9191;1346,1853192378549;102,78223688261781
9192;1346,1853185700697;102,78223617519144
9193;1346,18531792518;102,78223546919548
9194;1346,1853173031432;102,78223476463666
9195;1346,1853167039158;102,78223406152159
9196;1346,185316127454;102,78223335985692
9197;1346,1853155737122;102,7822326596492
9198;1346,185315042644;102,782231960905
9199;1346,1853145342034;102,78223126363076
9200;1346,185314048342;102,78223056783298
9201;1346,1853135850115;102,78222987351806
9202;1346,1853131441615;102,7822291806924
9203;1346,1853127257414;102,78222848936232
9204;1346,1853123297;102,78222779953411
9205;1346,1853119559848;102,78222711121404
9206;1346,1853116045427;102,78222642440834
9207;1346,185311275319;102,78222573912316
9208;1346,1853109682597;102,78222505536469
9209;1346,1853106833082;102,78222437313899
9210;1346,185310420408;102,78222369245212
9211;1346,1853101795018;102,78222301331013
9212;1346,1853099605307;102,78222233571901
9213;1346,185309763435;102,78222165968468
9214;1346,1853095881563;102,78222098521306
9215;1346,1853094346316;102,78222031230999
9216;1346,1853093028005;102,78221964098132
9217;1346,1853091926;102,78221897123285
9218;1346,185309103967;102,78221830307031
9219;1346,1853090368377;102,78221763649941
9220;1346,1853089911465;102,78221697152583
9221;1346,1853089668273;102,78221630815518
9222;1346,185308963814;102,78221564639307
9223;1346,1853089820388;102,78221498624508
9224;1346,1853090214338;102,78221432771666
9225;1346,1853090819304;102,78221367081333
9226;1346,1853091634578;102,78221301554052
9227;1346,1853092659467;102,78221236190362
9228;1346,1853093893258;102,78221170990798
9229;1346,185309533522;102,78221105955895
9230;1346,185309698464;102,78221041086178
9231;1346,185309884077;102,7822097638217
9232;1346,185310090288;102,78220911844394
9233;1346,1853103170222;102,78220847473368
9234;1346,1853105642022;102,782207832696
9235;1346,1853108317532;102,78220719233602
9236;1346,1853111195976;102,78220655365877
9237;1346,1853114276578;102,78220591666927
9238;1346,1853117558553;102,78220528137248
9239;1346,1853121041104;102,78220464777331
9240;1346,1853124723439;102,7822040158767
9241;1346,1853128604748;102,7822033856875
9242;1346,1853132684223;102,78220275721047
9243;1346,1853136961045;102,78220213045041
9244;1346,1853141434378;102,7822015054121
9245;1346,1853146103397;102,7822008821002
9246;1346,1853150967265;102,7822002605194
9247;1346,185315602514;102,78219964067429
9248;1346,1853161276154;102,78219902256947
9249;1346,185316671947;102,78219840620947
9250;1346,185317235421;102,78219779159883
9251;1346,1853178179515;102,78219717874201
9252;1346,1853184194495;102,78219656764344
9253;1346,1853190398276;102,78219595830748
9254;1346,1853196789966;102,78219535073852
9255;1346,1853203368664;102,78219474494088
9256;1346,1853210133474;102,78219414091882
9257;1346,18532170835;102,7821935386766
9258;1346,1853224217816;102,78219293821842
9259;1346,1853231535508;102,78219233954842
9260;1346,185323903566;102,78219174267075
9261;1346,185324671734;102,7821911475895
9262;1346,18532545796;102,7821905543087
9263;1346,1853262621514;102,78218996283239
9264;1346,1853270842128;102,78218937316453
9265;1346,1853279240488;102,78218878530905
9266;1346,1853287815643;102,78218819926988
9267;1346,1853296566635;102,78218761505086
9268;1346,1853305492493;102,78218703265581
9269;1346,1853314592245;102,78218645208854
9270;1346,185332386491;102,78218587335279
9271;1346,1853333309512;102,78218529645227
9272;1346,185334292506;102,78218472139066
9273;1346,1853352710561;102,78218414817158
9274;1346,1853362665024;102,78218357679864
9275;1346,185337278744;102,78218300727542
9276;1346,1853383076807;102,78218243960542
9277;1346,185339353211;102,78218187379217
9278;1346,1853404152334;102,78218130983907
9279;1346,1853414936463;102,78218074774956
9280;1346,185342588347;102,78218018752702
9281;1346,1853436992337;102,78217962917479
9282;1346,185344826202;102,78217907269615
9283;1346,1853459691479;102,78217851809443
9284;1346,1853471279676;102,78217796537278
9285;1346,1853483025568;102,78217741453444
9286;1346,1853494928096;102,78217686558256
9287;1346,185350698622;102,78217631852026
9288;1346,1853519198874;102,78217577335062
9289;1346,1853531564998;102,78217523007666
9290;1346,1853544083529;102,78217468870145
9291;1346,1853556753395;102,78217414922793
9292;1346,185356957352;102,78217361165902
9293;1346,1853582542833;102,78217307599765
9294;1346,1853595660252;102,78217254224666
9295;1346,1853608924687;102,7821720104089
9296;1346,1853622335068;102,78217148048715
9297;1346,185363589029;102,78217095248418
9298;1346,1853649589257;102,78217042640269
9299;1346,1853663430884;102,78216990224539
9300;1346,185367741406;102,78216938001489
9301;1346,1853691537692;102,78216885971382
9302;1346,1853705800668;102,78216834134479
9303;1346,1853720201875;102,78216782491029
9304;1346,185373474011;102,78216731041285
9305;1346,1853749414447;102,78216679785491
9306;1346,185376422367;102,78216628723895
9307;1346,1853779166656;102,78216577856735
9308;1346,1853794242293;102,78216527184246
9309;1346,1853809449447;102,78216476706662
9310;1346,1853824786992;102,78216426424208
9311;1346,1853840253789;102,78216376337119
9312;1346,1853855848713;102,78216326445607
9313;1346,1853871570622;102,78216276749897
9314;1346,1853887418374;102,78216227250202
9315;1346,1853903390838;102,78216177946732
9316;1346,1853919486862;102,78216128839698
9317;1346,1853935705306;102,78216079929301
9318;1346,1853952045024;102,78216031215746
9319;1346,1853968504859;102,78215982699227
9320;1346,1853985083665;102,7821593437994
9321;1346,1854001780289;102,78215886258079
9322;1346,1854018593579;102,78215838333824
9323;1346,185403552237;102,78215790607365
9324;1346,1854052565504;102,78215743078879
9325;1346,185406972183;102,78215695748541
9326;1346,1854086990172;102,7821564861653
9327;1346,1854104369374;102,78215601683011
9328;1346,1854121858278;102,78215554948154
9329;1346,1854139455704;102,78215508412119
9330;1346,1854157160492;102,78215462075069
9331;1346,1854174971468;102,78215415937157
9332;1346,1854192887463;102,78215369998539
9333;1346,1854210907309;102,78215324259364
9334;1346,185422902983;102,78215278719776
9335;1346,185424725385;102,78215233379919
9336;1346,1854265578195;102,78215188239932
9337;1346,1854284001688;102,78215143299953
9338;1346,1854302523159;102,78215098560112
9339;1346,1854321141423;102,7821505402054
9340;1346,1854339855308;102,78215009681362
9341;1346,1854358663634;102,78214965542702
9342;1346,1854377565207;102,7821492160468
9343;1346,185439655886;102,78214877867408
9344;1346,1854415643402;102,78214834331004
9345;1346,1854434817665;102,78214790995574
9346;1346,1854454080458;102,78214747861225
9347;1346,18544734306;102,7821470492806
9348;1346,1854492866912;102,78214662196176
9349;1346,1854512388206;102,78214619665675
9350;1346,1854531993295;102,78214577336645
9351;1346,1854551681004;102,78214535209179
9352;1346,1854571450142;102,78214493283359
9353;1346,185459129953;102,78214451559273
9354;1346,185461122798;102,78214410036999
9355;1346,185463123431;102,78214368716617
9356;1346,1854651317335;102,78214327598194
9357;1346,1854671475876;102,78214286681805
9358;1346,185469170875;102,78214245967517
9359;1346,1854712014767;102,78214205455393
9360;1346,1854732392746;102,78214165145492
9361;1346,185475284151;102,78214125037876
9362;1346,1854773359873;102,78214085132595
9363;1346,1854793946652;102,78214045429702
9364;1346,1854814600676;102,78214005929246
9365;1346,185483532075;102,78213966631272
9366;1346,185485610571;102,78213927535819
9367;1346,1854876954364;102,7821388864293
9368;1346,1854897865542;102,78213849952634
9369;1346,185491883806;102,78213811464971
9370;1346,1854939870748;102,78213773179965
9371;1346,185496096242;102,78213735097646
9372;1346,185498211191;102,78213697218031
9373;1346,1855003318042;102,78213659541144
9374;1346,185502457965;102,78213622067007
9375;1346,1855045895556;102,78213584795624
9376;1346,1855067264594;102,78213547727012
9377;1346,185508868559;102,78213510861175
9378;1346,1855110157376;102,78213474198121
9379;1346,185513167879;102,78213437737851
9380;1346,1855153248669;102,78213401480362
9381;1346,185517486584;102,78213365425651
9382;1346,1855196529148;102,7821332957371
9383;1346,1855218237426;102,78213293924527
9384;1346,1855239989522;102,78213258478092
9385;1346,1855261784272;102,78213223234386
9386;1346,1855283620523;102,78213188193388
9387;1346,1855305497124;102,78213153355078
9388;1346,1855327412918;102,78213118719432
9389;1346,1855349366756;102,78213084286419
9390;1346,1855371357492;102,7821305005601
9391;1346,1855393383978;102,7821301602817
9392;1346,1855415445068;102,78212982202858
9393;1346,1855437539623;102,78212948580038
9394;1346,1855459666497;102,78212915159666
9395;1346,185548182455;102,78212881941698
9396;1346,1855504012656;102,78212848926083
9397;1346,1855526229672;102,78212816112767
9398;1346,1855548474464;102,782127835017
9399;1346,1855570745909;102,78212751092823
9400;1346,1855593042878;102,78212718886074
9401;1346,1855615364243;102,78212686881392
9402;1346,1855637708886;102,7821265507871
9403;1346,1855660075682;102,78212623477957
9404;1346,1855682463517;102,78212592079063
9405;1346,185570487127;102,78212560881957
9406;1346,185572729784;102,78212529886557
9407;1346,1855749742106;102,78212499092784
9408;1346,1855772202966;102,78212468500557
9409;1346,185579467932;102,78212438109787
9410;1346,1855817170053;102,78212407920387
9411;1346,185583967408;102,78212377932266
9412;1346,1855862190298;102,7821234814533
9413;1346,1855884717613;102,78212318559483
9414;1346,185590725494;102,78212289174624
9415;1346,1855929801188;102,78212259990649
9416;1346,1855952355274;102,78212231007457
9417;1346,1855974916116;102,7821220222494
9418;1346,185599748264;102,78212173642984
9419;1346,1856020053767;102,78212145261477
9420;1346,1856042628428;102,78212117080307
9421;1346,185606520556;102,78212089099351
9422;1346,1856087784086;102,7821206131849
9423;1346,1856110362946;102,782120337376
9424;1346,185613294109;102,78212006356554
9425;1346,185615551746;102,78211979175224
9426;1346,1856178091002;102,78211952193475
9427;1346,1856200660666;102,78211925411176
9428;1346,1856223225413;102,7821189882819
9429;1346,1856245784197;102,78211872444375
9430;1346,185626833598;102,7821184625959
9431;1346,1856290879732;102,78211820273692
9432;1346,1856313414423;102,7821179448653
9433;1346,1856335939024;102,78211768897958
9434;1346,1856358452512;102,78211743507819
9435;1346,1856380953873;102,78211718315963
9436;1346,1856403442084;102,78211693322228
9437;1346,1856425916135;102,78211668526458
9438;1346,1856448375027;102,78211643928486
9439;1346,1856470817747;102,7821161952815
9440;1346,1856493243304;102,7821159532528
9441;1346,185651565069;102,78211571319709
9442;1346,185653803892;102,7821154751126
9443;1346,185656040701;102,78211523899762
9444;1346,1856582753971;102,78211500485034
9445;1346,1856605078824;102,782114772669
9446;1346,1856627380594;102,78211454245172
9447;1346,1856649658312;102,7821143141967
9448;1346,1856671911007;102,78211408790204
9449;1346,1856694137725;102,78211386356585
9450;1346,1856716337497;102,78211364118619
9451;1346,1856738509373;102,78211342076114
9452;1346,1856760652404;102,78211320228871
9453;1346,1856782765642;102,78211298576691
9454;1346,1856804848153;102,78211277119374
9455;1346,185682689899;102,78211255856715
9456;1346,1856848917228;102,78211234788505
9457;1346,1856870901938;102,78211213914538
9458;1346,1856892852197;102,782111932346
9459;1346,1856914767086;102,7821117274848
9460;1346,1856936645688;102,78211152455961
9461;1346,1856958487094;102,78211132356826
9462;1346,18569802904;102,78211112450853
9463;1346,1857002054705;102,7821109273782
9464;1346,1857023779112;102,78211073217501
9465;1346,1857045462732;102,78211053889672
9466;1346,1857067104684;102,78211034754098
9467;1346,1857088704078;102,78211015810551
9468;1346,1857110260041;102,78210997058795
9469;1346,1857131771708;102,78210978498596
9470;1346,1857153238204;102,78210960129714
9471;1346,1857174658667;102,78210941951909
9472;1346,1857196032245;102,78210923964934
9473;1346,1857217358076;102,7821090616855
9474;1346,1857238635325;102,78210888562506
9475;1346,1857259863145;102,78210871146553
9476;1346,1857281040693;102,78210853920439
9477;1346,1857302167139;102,78210836883912
9478;1346,1857323241659;102,78210820036713
9479;1346,185734426343;102,78210803378587
9480;1346,1857365231638;102,78210786909273
9481;1346,1857386145464;102,78210770628506
9482;1346,1857407004102;102,78210754536025
9483;1346,1857427806747;102,78210738631562
9484;1346,185744855261;102,78210722914847
9485;1346,1857469240897;102,7821070738561
9486;1346,185748987082;102,78210692043578
9487;1346,1857510441596;102,78210676888479
9488;1346,1857530952452;102,78210661920032
9489;1346,1857551402622;102,7821064713796
9490;1346,1857571791331;102,7821063254198
9491;1346,1857592117833;102,78210618131813
9492;1346,1857612381357;102,78210603907172
9493;1346,1857632581161;102,78210589867767
9494;1346,1857652716503;102,78210576013312
9495;1346,1857672786643;102,78210562343516
9496;1346,1857692790852;102,78210548858085
9497;1346,1857712728395;102,78210535556724
9498;1346,1857732598553;102,78210522439137
9499;1346,1857752400608;102,78210509505026
9500;1346,1857772133849;102,78210496754086
9501;1346,1857791797568;102,78210484186017
9502;1346,1857811391062;102,78210471800516
9503;1346,1857830913643;102,78210459597274
9504;1346,1857850364618;102,78210447575982
9505;1346,185786974331;102,78210435736332
9506;1346,185788904903;102,78210424078011
9507;1346,185790828111;102,78210412600704
9508;1346,1857927438878;102,78210401304096
9509;1346,1857946521682;102,78210390187868
9510;1346,185796552886;102,78210379251702
9511;1346,1857984459762;102,78210368495276
9512;1346,1858003313741;102,78210357918266
9513;1346,1858022090164;102,78210347520347
9514;1346,1858040788393;102,78210337301192
9515;1346,18580594078;102,78210327260474
9516;1346,1858077947766;102,78210317397858
9517;1346,1858096407668;102,78210307713019
9518;1346,18581147869;102,78210298205617
9519;1346,1858133084859;102,78210288875319
9520;1346,1858151300944;102,78210279721786
9521;1346,1858169434556;102,7821027074468
9522;1346,1858187485118;102,78210261943659
9523;1346,1858205452036;102,7821025331838
9524;1346,1858223334743;102,78210244868502
9525;1346,1858241132663;102,78210236593675
9526;1346,1858258845239;102,78210228493553
9527;1346,1858276471903;102,78210220567787
9528;1346,1858294012104;102,78210212816025
9529;1346,1858311465296;102,78210205237914
9530;1346,185832883094;102,782101978331
9531;1346,18583461085;102,78210190601227
9532;1346,185836329744;102,78210183541938
9533;1346,185838039724;102,78210176654873
9534;1346,1858397407384;102,78210169939672
9535;1346,1858414327357;102,78210163395973
9536;1346,1858431156652;102,78210157023409
9537;1346,1858447894767;102,78210150821619
9538;1346,1858464541208;102,7821014479023
9539;1346,185848109549;102,7821013892888
9540;1346,1858497557123;102,78210133237191
9541;1346,1858513925636;102,78210127714797
9542;1346,185853020056;102,78210122361325
9543;1346,1858546381418;102,78210117176397
9544;1346,1858562467758;102,78210112159636
9545;1346,1858578459126;102,78210107310667
9546;1346,1858594355072;102,78210102629112
9547;1346,1858610155155;102,78210098114586
9548;1346,185862585894;102,78210093766708
9549;1346,1858641465994;102,78210089585096
9550;1346,1858656975896;102,78210085569363
9551;1346,1858672388228;102,78210081719124
9552;1346,1858687702575;102,78210078033986
9553;1346,1858702918532;102,78210074513565
9554;1346,1858718035694;102,7821007115747
9555;1346,1858733053668;102,78210067965307
9556;1346,185874797207;102,78210064936681
9557;1346,1858762790507;102,78210062071199
9558;1346,1858777508608;102,78210059368462
9559;1346,1858792126006;102,78210056828075
9560;1346,1858806642335;102,78210054449639
9561;1346,1858821057228;102,78210052232751
9562;1346,1858835370342;102,78210050177012
9563;1346,185884958132;102,78210048282014
9564;1346,1858863689818;102,78210046547359
9565;1346,1858877695508;102,78210044972636
9566;1346,1858891598056;102,7821004355744
9567;1346,1858905397144;102,78210042301365
9568;1346,1858919092444;102,78210041203994
9569;1346,1858932683654;102,78210040264925
9570;1346,185894617046;102,78210039483739
9571;1346,185895955256;102,78210038860027
9572;1346,1858972829664;102,78210038393371
9573;1346,185898600148;102,78210038083358
9574;1346,1858999067722;102,78210037929568
9575;1346,1859012028121;102,78210037931586
9576;1346,1859024882406;102,78210038088989
9577;1346,1859037630306;102,78210038401357
9578;1346,185905027156;102,78210038868271
9579;1346,1859062805913;102,78210039489306
9580;1346,1859075233122;102,78210040264037
9581;1346,1859087552943;102,7821004119204
9582;1346,1859099765134;102,78210042272886
9583;1346,1859111869471;102,7821004350615
9584;1346,1859123865725;102,78210044891402
9585;1346,185913575368;102,78210046428211
9586;1346,1859147533119;102,78210048116149
9587;1346,1859159203834;102,78210049954781
9588;1346,185917076563;102,78210051943677
9589;1346,185918221831;102,78210054082399
9590;1346,1859193561675;102,78210056370513
9591;1346,1859204795546;102,78210058807585
9592;1346,1859215919749;102,78210061393173
9593;1346,1859226934093;102,78210064126841
9594;1346,1859237838426;102,78210067008152
9595;1346,185924863258;102,78210070036661
9596;1346,1859259316404;102,78210073211929
9597;1346,1859269889742;102,78210076533512
9598;1346,1859280352453;102,78210080000967
9599;1346,185929070439;102,7821008361385
9600;1346,1859300945425;102,78210087371714
9601;1346,1859311075432;102,78210091274116
9602;1346,1859321094284;102,78210095320605
9603;1346,1859331001867;102,78210099510733
9604;1346,185934079807;102,78210103844052
9605;1346,1859350482787;102,78210108320111
9606;1346,1859360055912;102,78210112938459
9607;1346,1859369517358;102,78210117698643
9608;1346,1859378867036;102,78210122600213
9609;1346,1859388104856;102,7821012764271
9610;1346,1859397230744;102,78210132825684
9611;1346,1859406244628;102,78210138148677
9612;1346,1859415146437;102,78210143611234
9613;1346,1859423936114;102,78210149212894
9614;1346,1859432613599;102,78210154953206
9615;1346,185944117885;102,78210160831703
9616;1346,1859449631804;102,7821016684793
9617;1346,1859457972437;102,78210173001423
9618;1346,1859466200708;102,78210179291725
9619;1346,1859474316586;102,7821018571837
9620;1346,185948232005;102,78210192280896
9621;1346,1859490211082;102,7821019897884
9622;1346,1859497989665;102,78210205811735
9623;1346,1859505655796;102,78210212779118
9624;1346,185951320947;102,78210219880522
9625;1346,1859520650685;102,78210227115478
9626;1346,1859527979461;102,78210234483521
9627;1346,1859535195804;102,78210241984185
9628;1346,185954229973;102,78210249616995
9629;1346,1859549291266;102,78210257381484
9630;1346,1859556170443;102,78210265277183
9631;1346,1859562937286;102,78210273303617
9632;1346,1859569591843;102,78210281460319
9633;1346,1859576134157;102,78210289746812
9634;1346,1859582564273;102,78210298162627
9635;1346,1859588882246;102,78210306707284
9636;1346,1859595088144;102,78210315380315
9637;1346,185960118202;102,7821032418124
9638;1346,1859607163947;102,78210333109587
9639;1346,1859613034;102,78210342164876
9640;1346,1859618792262;102,78210351346632
9641;1346,1859624438816;102,78210360654379
9642;1346,185962997375;102,78210370087635
9643;1346,1859635397166;102,78210379645925
9644;1346,1859640709151;102,78210389328764
9645;1346,1859645909817;102,78210399135679
9646;1346,1859650999274;102,78210409066186
9647;1346,1859655977632;102,78210419119802
9648;1346,1859660845018;102,78210429296047
9649;1346,1859665601544;102,7821043959444
9650;1346,1859670247343;102,78210450014498
9651;1346,185967478255;102,78210460555738
9652;1346,18596792073;102,78210471217673
9653;1346,1859683521748;102,78210481999824
9654;1346,1859687726023;102,78210492901701
9655;1346,185969182029;102,78210503922824
9656;1346,1859695804699;102,78210515062703
9657;1346,1859699679414;102,78210526320854
9658;1346,1859703444602;102,7821053769679
9659;1346,1859707100434;102,78210549190024
9660;1346,1859710647088;102,78210560800068
9661;1346,185971408474;102,78210572526434
9662;1346,1859717413572;102,78210584368637
9663;1346,1859720633777;102,78210596326184
9664;1346,1859723745547;102,78210608398585
9665;1346,185972674908;102,78210620585354
9666;1346,1859729644582;102,78210632886
9667;1346,1859732432256;102,78210645300032
9668;1346,1859735112316;102,78210657826962
9669;1346,1859737684974;102,78210670466295
9670;1346,185974015045;102,7821068321754
9671;1346,1859742508966;102,78210696080208
9672;1346,185974476076;102,78210709053805
9673;1346,1859746906057;102,78210722137838
9674;1346,1859748945096;102,78210735331817
9675;1346,1859750878118;102,78210748635246
9676;1346,1859752705366;102,78210762047631
9677;1346,1859754427094;102,78210775568482
9678;1346,1859756043557;102,78210789197301
9679;1346,1859757555007;102,78210802933597
9680;1346,1859758961712;102,78210816776875
9681;1346,1859760263928;102,78210830726638
9682;1346,1859761461935;102,78210844782393
9683;1346,1859762556005;102,78210858943643
9684;1346,1859763546415;102,78210873209893
9685;1346,1859764433448;102,78210887580649
9686;1346,185976521739;102,78210902055413
9687;1346,185976589853;102,7821091663369
9688;1346,185976647716;102,7821093131498
9689;1346,1859766953582;102,78210946098794
9690;1346,1859767328094;102,78210960984624
9691;1346,1859767601006;102,78210975971986
9692;1346,1859767772628;102,78210991060372
9693;1346,1859767843264;102,7821100624929
9694;1346,1859767813241;102,7821102153824
9695;1346,185976768287;102,78211036926727
9696;1346,1859767452484;102,78211052414251
9697;1346,18597671224;102,78211068000317
9698;1346,185976669296;102,78211083684423
9699;1346,1859766164494;102,78211099466071
9700;1346,185976553734;102,78211115344764
9701;1346,1859764811843;102,78211131320005
9702;1346,1859763988346;102,78211147391295
9703;1346,1859763067198;102,78211163558133
9704;1346,1859762048755;102,78211179820022
9705;1346,1859760933369;102,78211196176461
9706;1346,18597597214;102,78211212626957
9707;1346,1859758413216;102,78211229171002
9708;1346,185975700918;102,78211245808106
9709;1346,1859755509656;102,78211262537762
9710;1346,1859753915023;102,78211279359479
9711;1346,185975222566;102,78211296272751
9712;1346,1859750441943;102,78211313277085
9713;1346,185974856425;102,78211330371974
9714;1346,1859746592966;102,78211347556926
9715;1346,1859744528485;102,78211364831438
9716;1346,18597423712;102,78211382195015
9717;1346,1859740121508;102,78211399647151
9718;1346,1859737779803;102,78211417187352
9719;1346,1859735346484;102,78211434815118
9720;1346,1859732821958;102,7821145252995
9721;1346,1859730206636;102,78211470331348
9722;1346,1859727500919;102,78211488218814
9723;1346,185972470523;102,7821150619185
9724;1346,1859721819978;102,78211524249953
9725;1346,1859718845585;102,78211542392629
9726;1346,1859715782473;102,78211560619377
9727;1346,185971263107;102,78211578929698
9728;1346,1859709391795;102,78211597323096
9729;1346,1859706065077;102,7821161579907
9730;1346,1859702651361;102,78211634357123
9731;1346,1859699151075;102,78211652996757
9732;1346,1859695564658;102,78211671717473
9733;1346,1859691892557;102,78211690518772
9734;1346,1859688135203;102,7821170940016
9735;1346,1859684293056;102,78211728361136
9736;1346,1859680366554;102,78211747401204
9737;1346,1859676356148;102,78211766519865
9738;1346,1859672262296;102,78211785716623
9739;1346,1859668085451;102,78211804990983
9740;1346,1859663826076;102,78211824342445
9741;1346,185965948463;102,78211843770514
9742;1346,1859655061578;102,78211863274693
9743;1346,1859650557385;102,78211882854485
9744;1346,1859645972518;102,78211902509396
9745;1346,1859641307449;102,7821192223893
9746;1346,185963656265;102,78211942042589
9747;1346,1859631738591;102,7821196191988
9748;1346,1859626835753;102,78211981870307
9749;1346,1859621854628;102,78212001893374
9750;1346,1859616795678;102,78212021988587
9751;1346,1859611659393;102,78212042155454
9752;1346,185960644626;102,78212062393477
9753;1346,1859601156762;102,78212082702166
9754;1346,1859595791393;102,78212103081023
9755;1346,1859590350637;102,78212123529559
9756;1346,1859584835;102,78212144047279
9757;1346,1859579244967;102,78212164633692
9758;1346,1859573581044;102,78212185288301
9759;1346,1859567843726;102,78212206010618
9760;1346,185956203352;102,78212226800149
9761;1346,1859556150928;102,78212247656406
9762;1346,185955019645;102,78212268578892
9763;1346,1859544170593;102,78212289567122
9764;1346,1859538073859;102,78212310620603
9765;1346,1859531906769;102,78212331738844
9766;1346,1859525669825;102,78212352921355
9767;1346,1859519363554;102,78212374167651
9768;1346,185951298846;102,78212395477237
9769;1346,1859506545068;102,78212416849628
9770;1346,1859500033888;102,78212438284334
9771;1346,185949345544;102,78212459780868
9772;1346,1859486810251;102,78212481338743
9773;1346,1859480098847;102,7821250295747
9774;1346,1859473321738;102,78212524636562
9775;1346,1859466479464;102,78212546375538
9776;1346,1859459572545;102,78212568173905
9777;1346,1859452601554;102,78212590031181
9778;1346,1859445566936;102,78212611946878
9779;1346,1859438469257;102,78212633920516
9780;1346,1859431309056;102,7821265595161
9781;1346,1859424086867;102,78212678039674
9782;1346,1859416803218;102,78212700184226
9783;1346,1859409458655;102,78212722384781
9784;1346,1859402053706;102,78212744640861
9785;1346,1859394588914;102,78212766951978
9786;1346,185938706482;102,78212789317656
9787;1346,1859379481962;102,78212811737413
9788;1346,185937184088;102,78212834210767
9789;1346,1859364142113;102,78212856737237
9790;1346,1859356386212;102,78212879316347
9791;1346,1859348573714;102,78212901947614
9792;1346,185934070517;102,78212924630564
9793;1346,1859332781125;102,78212947364716
9794;1346,1859324802122;102,78212970149592
9795;1346,1859316768714;102,78212992984717
9796;1346,1859308681449;102,78213015869616
9797;1346,185930054087;102,7821303880381
9798;1346,1859292347535;102,78213061786825
9799;1346,185928410199;102,78213084818186
9800;1346,185927580479;102,78213107897419
9801;1346,185926745648;102,78213131024052
9802;1346,1859259057624;102,78213154197609
9803;1346,185925060877;102,78213177417621
9804;1346,1859242110465;102,78213200683612
9805;1346,185923356328;102,78213223995114
9806;1346,185922496776;102,78213247351654
9807;1346,1859216324458;102,78213270752764
9808;1346,1859207633936;102,78213294197973
9809;1346,1859198896748;102,78213317686813
9810;1346,1859190113448;102,78213341218814
9811;1346,1859181284597;102,78213364793511
9812;1346,1859172410755;102,78213388410435
9813;1346,185916349248;102,78213412069121
9814;1346,1859154530323;102,78213435769102
9815;1346,1859145524852;102,78213459509911
9816;1346,185913647662;102,78213483291087
9817;1346,1859127386185;102,78213507112166
9818;1346,185911825411;102,78213530972683
9819;1346,1859109080958;102,78213554872174
9820;1346,1859099867286;102,7821357881018
9821;1346,185909061365;102,78213602786239
9822;1346,185908132061;102,7821362679989
9823;1346,185907198873;102,78213650850672
9824;1346,185906261857;102,7821367493813
9825;1346,1859053210687;102,782136990618
9826;1346,1859043765648;102,78213723221229
9827;1346,185903428401;102,78213747415955
9828;1346,1859024766327;102,78213771645527
9829;1346,185901521316;102,78213795909485
9830;1346,1859005625074;102,78213820207377
9831;1346,1858996002622;102,78213844538745
9832;1346,1858986346374;102,7821386890314
9833;1346,185897665688;102,78213893300105
9834;1346,1858966934703;102,78213917729191
9835;1346,18589571804;102,78213942189944
9836;1346,1858947394533;102,78213966681916
9837;1346,1858937577656;102,78213991204656
9838;1346,185892773033;102,78214015757716
9839;1346,185891785311;102,78214040340646
9840;1346,1858907946557;102,78214064952998
9841;1346,185889801123;102,78214089594326
9842;1346,1858888047675;102,78214114264183
9843;1346,185887805646;102,78214138962127
9844;1346,1858868038132;102,7821416368771
9845;1346,1858857993248;102,78214188440491
9846;1346,1858847922363;102,78214213220022
9847;1346,185883782603;102,78214238025868
9848;1346,1858827704805;102,78214262857583
9849;1346,1858817559241;102,78214287714727
9850;1346,1858807389885;102,78214312596863
9851;1346,1858797197294;102,78214337503549
9852;1346,1858786982018;102,78214362434346
9853;1346,1858776744605;102,7821438738882
9854;1346,185876648561;102,78214412366532
9855;1346,1858756205572;102,78214437367048
9856;1346,1858745905051;102,78214462389933
9857;1346,1858735584588;102,78214487434752
9858;1346,1858725244726;102,78214512501074
9859;1346,1858714886018;102,78214537588464
9860;1346,1858704509002;102,78214562696492
9861;1346,1858694114228;102,78214587824728
9862;1346,1858683702237;102,7821461297274
9863;1346,1858673273566;102,782146381401
9864;1346,185866282876;102,78214663326382
9865;1346,1858652368367;102,78214688531159
9866;1346,1858641892916;102,78214713754002
9867;1346,1858631402947;102,78214738994487
9868;1346,1858620898997;102,78214764252188
9869;1346,1858610381605;102,78214789526685
9870;1346,1858599851305;102,78214814817551
9871;1346,1858589308636;102,78214840124369
9872;1346,1858578754118;102,78214865446712
9873;1346,1858568188293;102,78214890784164
9874;1346,1858557611688;102,78214916136308
9875;1346,185854702484;102,7821494150272
9876;1346,185853642827;102,78214966882989
9877;1346,1858525822504;102,78214992276693
9878;1346,1858515208066;102,78215017683418
9879;1346,1858504585487;102,78215043102752
9880;1346,1858493955287;102,7821506853428
9881;1346,1858483317992;102,78215093977587
9882;1346,1858472674119;102,78215119432264
9883;1346,1858462024184;102,78215144897901
9884;1346,1858451368707;102,78215170374084
9885;1346,185844070821;102,78215195860409
9886;1346,1858430043205;102,78215221356466
9887;1346,1858419374205;102,78215246861848
9888;1346,1858408701717;102,78215272376146
9889;1346,1858398026259;102,7821529789896
9890;1346,1858387348339;102,78215323429883
9891;1346,1858376668458;102,78215348968511
9892;1346,1858365987134;102,78215374514444
9893;1346,1858355304862;102,7821540006728
9894;1346,185834462215;102,78215425626618
9895;1346,1858333939501;102,78215451192062
9896;1346,1858323257413;102,7821547676321
9897;1346,1858312576385;102,78215502339663
9898;1346,185830189691;102,7821552792103
9899;1346,1858291219487;102,78215553506915
9900;1346,1858280544607;102,78215579096918
9901;1346,1858269872769;102,78215604690652
9902;1346,1858259204457;102,78215630287721
9903;1346,185824854016;102,78215655887736
9904;1346,1858237880363;102,78215681490306
9905;1346,185822722555;102,7821570709504
9906;1346,1858216576213;102,78215732701553
9907;1346,1858205932822;102,78215758309453
9908;1346,1858195295868;102,7821578391836
9909;1346,1858184665816;102,78215809527885
9910;1346,1858174043155;102,78215835137642
9911;1346,1858163428346;102,78215860747254
9912;1346,1858152821874;102,78215886356331
9913;1346,1858142224198;102,78215911964499
9914;1346,185813163579;102,78215937571375
9915;1346,185812105712;102,78215963176578
9916;1346,1858110488652;102,78215988779735
9917;1346,1858099930841;102,78216014380463
9918;1346,1858089384157;102,7821603997839
9919;1346,1858078849054;102,78216065573143
9920;1346,1858068325992;102,78216091164343
9921;1346,1858057815418;102,78216116751622
9922;1346,1858047317796;102,78216142334607
9923;1346,1858036833569;102,78216167912926
9924;1346,1858026363186;102,7821619348621
9925;1346,1858015907096;102,78216219054092
9926;1346,1858005465745;102,78216244616205
9927;1346,1857995039566;102,78216270172179
9928;1346,1857984629007;102,78216295721654
9929;1346,1857974234506;102,78216321264262
9930;1346,18579638565;102,7821634679964
9931;1346,1857953495414;102,78216372327431
9932;1346,1857943151688;102,78216397847267
9933;1346,1857932825747;102,78216423358792
9934;1346,185792251802;102,78216448861649
9935;1346,1857912228934;102,78216474355477
9936;1346,185790195891;102,78216499839921
9937;1346,1857891708366;102,78216525314627
9938;1346,1857881477724;102,78216550779239
9939;1346,1857871267403;102,78216576233403
9940;1346,1857861077808;102,78216601676769
9941;1346,1857850909357;102,78216627108985
9942;1346,1857840762452;102,78216652529703
9943;1346,185783063751;102,78216677938572
9944;1346,1857820534926;102,78216703335244
9945;1346,1857810455106;102,78216728719374
9946;1346,185780039845;102,78216754090616
9947;1346,1857790365355;102,78216779448628
9948;1346,185778035622;102,78216804793064
9949;1346,1857770371437;102,78216830123581
9950;1346,1857760411388;102,78216855439842
9951;1346,185775047647;102,78216880741503
9952;1346,1857740567068;102,7821690602823
9953;1346,1857730683564;102,78216931299683
9954;1346,1857720826333;102,78216956555525
9955;1346,185771099576;102,78216981795423
9956;1346,1857701192216;102,78217007019042
9957;1346,185769141608;102,78217032226047
9958;1346,1857681667723;102,78217057416107
9959;1346,1857671947507;102,78217082588894
9960;1346,1857662255802;102,78217107744078
9961;1346,1857652592976;102,78217132881329
9962;1346,185764295938;102,78217158000321
9963;1346,1857633355373;102,78217183100725
9964;1346,1857623781325;102,7821720818222
9965;1346,1857614237576;102,7821723324448
9966;1346,1857604724485;102,78217258287185
9967;1346,1857595242393;102,7821728331001
9968;1346,1857585791652;102,7821730831264
9969;1346,1857576372595;102,7821733329475
9970;1346,1857566985573;102,78217358256025
9971;1346,185755763092;102,78217383196149
9972;1346,1857548308974;102,78217408114804
9973;1346,1857539020068;102,78217433011679
9974;1346,185752976453;102,78217457886457
9975;1346,1857520542687;102,7821748273883
9976;1346,1857511354867;102,78217507568482
9977;1346,185750220139;102,7821753237511
9978;1346,1857493082575;102,78217557158399
9979;1346,1857483998745;102,78217581918045
9980;1346,185747495021;102,78217606653743
9981;1346,1857465937278;102,78217631365186
9982;1346,1857456960263;102,7821765605207
9983;1346,1857448019473;102,78217680714093
9984;1346,1857439115208;102,78217705350954
9985;1346,1857430247776;102,78217729962351
9986;1346,1857421417471;102,78217754547987
9987;1346,1857412624584;102,78217779107565
9988;1346,185740386941;102,78217803640784
9989;1346,185739515225;102,78217828147353
9990;1346,1857386473382;102,78217852626977
9991;1346,1857377833092;102,78217877079362
9992;1346,1857369231664;102,78217901504215
9993;1346,1857360669376;102,78217925901247
9994;1346,18573521465;102,78217950270168
9995;1346,185734366332;102,7821797461069
9996;1346,1857335220107;102,78217998922526
9997;1346,1857326817124;102,78218023205386
9998;1346,185731845464;102,78218047458994
9999;1346,1857310132914;102,78218071683058
10000;1346,185730185221;102,78218095877301
10001;1346,185729361279;102,7821812004144
10002;1346,18572854149;102,78218144175196
10003;1346,1857277258803;102,78218168278288
10004;1346,1857269144737;102,78218192350441
10005;1346,185726107296;102,78218216391379
10006;1346,1857253043709;102,78218240400825
10007;1346,1857245057224;102,78218264378506
10008;1346,185723711375;102,78218288324152
10009;1346,185722921352;102,78218312237486
10010;1346,185722135676;102,78218336118243
10011;1346,1857213543708;102,78218359966151
10012;1346,1857205774586;102,78218383780946
10013;1346,1857198049624;102,78218407562356
10014;1346,185719036904;102,7821843131012
10015;1346,1857182733058;102,7821845502397
10016;1346,1857175141893;102,78218478703648
10017;1346,1857167595751;102,78218502348889
10018;1346,1857160094848;102,78218525959431
10019;1346,1857152639393;102,7821854953502
10020;1346,1857145229587;102,78218573075397
10021;1346,1857137865636;102,78218596580301
10022;1346,1857130547737;102,78218620049479
10023;1346,185712327609;102,78218643482676
10024;1346,1857116050894;102,78218666879638
10025;1346,185710887233;102,7821869024012
10026;1346,185710174059;102,7821871356386
10027;1346,185709465586;102,78218736850616
10028;1346,1857087618316;102,7821876010014
10029;1346,1857080628151;102,78218783312181
10030;1346,1857073685537;102,78218806486495
10031;1346,1857066790642;102,78218829622838
10032;1346,1857059943645;102,78218852720968
10033;1346,1857053144713;102,7821887578064
10034;1346,185704639401;102,78218898801616
10035;1346,1857039691697;102,78218921783655
10036;1346,1857033037945;102,78218944726515
10037;1346,1857026432904;102,78218967629965
10038;1346,1857019876727;102,78218990493767
10039;1346,1857013369568;102,78219013317684
10040;1346,1857006911575;102,78219036101483
10041;1346,18570005029;102,78219058844935
10042;1346,1856994143686;102,78219081547806
10043;1346,1856987834074;102,78219104209866
10044;1346,1856981574197;102,78219126830886
10045;1346,185697536419;102,78219149410643
10046;1346,1856969204193;102,78219171948906
10047;1346,1856963094335;102,78219194445454
10048;1346,1856957034738;102,78219216900058
10049;1346,1856951025525;102,782192393125
10050;1346,1856945066827;102,78219261682558
10051;1346,1856939158758;102,78219284010012
10052;1346,1856933301435;102,7821930629464
10053;1346,1856927494969;102,7821932853623
10054;1346,1856921739475;102,78219350734561
10055;1346,1856916035056;102,78219372889421
10056;1346,185691038182;102,78219395000593
10057;1346,185690477987;102,7821941706787
10058;1346,1856899229301;102,78219439091035
10059;1346,1856893730214;102,78219461069878
10060;1346,1856888282703;102,78219483004193
10061;1346,1856882886862;102,78219504893771
10062;1346,185687754278;102,78219526738405
10063;1346,1856872250537;102,7821954853789
10064;1346,1856867010217;102,78219570292026
10065;1346,185686182191;102,78219592000603
10066;1346,1856856685686;102,78219613663424
10067;1346,1856851601624;102,78219635280287
10068;1346,18568465698;102,78219656850993
10069;1346,1856841590277;102,78219678375345
10070;1346,1856836663128;102,78219699853146
10071;1346,185683178841;102,782197212842
10072;1346,185682696619;102,78219742668314
10073;1346,1856822196535;102,78219764005294
10074;1346,185681747949;102,78219785294948
10075;1346,185681281511;102,78219806537085
10076;1346,1856808203447;102,78219827731517
10077;1346,185680364456;102,78219848878055
10078;1346,1856799138486;102,78219869976513
10079;1346,1856794685273;102,78219891026706
10080;1346,185679028496;102,78219912028447
10081;1346,1856785937587;102,78219932981554
10082;1346,1856781643187;102,78219953885846
10083;1346,185677740179;102,7821997474114
10084;1346,1856773213437;102,78219995547259
10085;1346,185676907815;102,78220016304023
10086;1346,1856764995948;102,78220037011256
10087;1346,1856760966868;102,78220057668781
10088;1346,1856756990921;102,78220078276422
10089;1346,1856753068128;102,78220098834008
10090;1346,1856749198498;102,78220119341368
10091;1346,185674538204;102,78220139798326
10092;1346,1856741618778;102,78220160204717
10093;1346,185673790872;102,78220180560369
10094;1346,185673425187;102,78220200865115
10095;1346,185673064822;102,78220221118792
10096;1346,185672709778;102,78220241321232
10097;1346,1856723600538;102,78220261472273
10098;1346,1856720156502;102,7822028157175
10099;1346,1856716765653;102,78220301619504
10100;1346,185671342799;102,78220321615373
10101;1346,1856710143493;102,782203415592
10102;1346,1856706912151;102,78220361450825
10103;1346,1856703733956;102,78220381290092
10104;1346,185670060887;102,78220401076845
10105;1346,1856697536882;102,78220420810935
10106;1346,1856694517967;102,78220440492204
10107;1346,1856691552093;102,782204601205
10108;1346,185668863924;102,78220479695673
10109;1346,1856685779371;102,78220499217578
10110;1346,185668297245;102,7822051868606
10111;1346,185668021844;102,78220538100976
10112;1346,1856677517312;102,78220557462181
10113;1346,1856674869016;102,78220576769529
10114;1346,185667227351;102,78220596022877
10115;1346,1856669730746;102,78220615222081
10116;1346,1856667240686;102,78220634367003
10117;1346,1856664803272;102,782206534575
10118;1346,1856662418454;102,78220672493437
10119;1346,185666008617;102,78220691474674
10120;1346,1856657806368;102,78220710401075
10121;1346,1856655578988;102,78220729272508
10122;1346,1856653403966;102,78220748088833
10123;1346,1856651281244;102,78220766849924
10124;1346,1856649210745;102,78220785555646
10125;1346,185664719241;102,78220804205868
10126;1346,185664522617;102,78220822800463
10127;1346,1856643311946;102,78220841339301
10128;1346,1856641449663;102,78220859822258
10129;1346,1856639639245;102,78220878249206
10130;1346,1856637880614;102,78220896620022
10131;1346,1856636173686;102,78220914934582
10132;1346,1856634518379;102,78220933192763
10133;1346,1856632914603;102,78220951394447
10134;1346,185663136227;102,7822096953951
10135;1346,1856629861295;102,78220987627837
10136;1346,1856628411579;102,78221005659309
10137;1346,1856627013035;102,7822102363381
10138;1346,1856625665566;102,78221041551225
10139;1346,1856624369063;102,78221059411442
10140;1346,1856623123433;102,78221077214346
10141;1346,1856621928575;102,78221094959824
10142;1346,185662078438;102,78221112647768
10143;1346,1856619690739;102,78221130278068
10144;1346,1856618647553;102,78221147850616
10145;1346,1856617654698;102,78221165365305
10146;1346,185661671207;102,7822118282203
10147;1346,1856615819547;102,78221200220685
10148;1346,1856614977014;102,78221217561169
10149;1346,1856614184358;102,78221234843375
10150;1346,1856613441457;102,78221252067206
10151;1346,1856612748181;102,7822126923256
10152;1346,1856612104407;102,78221286339338
10153;1346,1856611510009;102,78221303387444
10154;1346,1856610964862;102,7822132037678
10155;1346,1856610468838;102,7822133730725
10156;1346,1856610021794;102,7822135417876
10157;1346,1856609623603;102,78221370991217
10158;1346,1856609274128;102,78221387744527
10159;1346,1856608973233;102,78221404438604
10160;1346,1856608720777;102,78221421073353
10161;1346,1856608516612;102,78221437648688
10162;1346,1856608360602;102,7822145416452
10163;1346,1856608252597;102,78221470620763
10164;1346,1856608192456;102,78221487017333
10165;1346,1856608180024;102,78221503354143
10166;1346,185660821515;102,78221519631114
10167;1346,185660829769;102,7822153584816
10168;1346,185660842748;102,78221552005202
10169;1346,1856608604367;102,78221568102158
10170;1346,1856608828198;102,78221584138952
10171;1346,185660909881;102,78221600115508
10172;1346,185660941604;102,78221616031746
10173;1346,1856609779727;102,78221631887591
10174;1346,1856610189711;102,7822164768297
10175;1346,1856610645818;102,78221663417811
10176;1346,1856611147887;102,78221679092039
10177;1346,185661169575;102,78221694705584
10178;1346,1856612289234;102,7822171025838
10179;1346,185661292817;102,78221725750352
10180;1346,1856613612376;102,78221741181437
10181;1346,1856614341677;102,78221756551565
10182;1346,1856615115896;102,78221771860676
10183;1346,185661593486;102,78221787108701
10184;1346,1856616798389;102,78221802295577
10185;1346,1856617706294;102,78221817421243
10186;1346,1856618658403;102,78221832485637
10187;1346,1856619654525;102,78221847488702
10188;1346,1856620694473;102,78221862430374
10189;1346,185662177806;102,78221877310598
10190;1346,18566229051;102,78221892129316
10191;1346,1856624075397;102,78221906886478
10192;1346,1856625288758;102,7822192158202
10193;1346,1856626545002;102,78221936215894
10194;1346,1856627843924;102,78221950788047
10195;1346,1856629185331;102,78221965298427
10196;1346,1856630569023;102,78221979746985
10197;1346,1856631994806;102,78221994133668
10198;1346,1856633462473;102,7822200845843
10199;1346,1856634971825;102,78222022721225
10200;1346,1856636522664;102,78222036922004
10201;1346,185663811478;102,78222051060725
10202;1346,1856639747966;102,78222065137342
10203;1346,185664142202;102,78222079151813
10204;1346,1856643136734;102,78222093104094
10205;1346,18566448919;102,78222106994144
10206;1346,1856646687306;102,78222120821927
10207;1346,1856648522746;102,78222134587402
10208;1346,1856650397992;102,78222148290529
10209;1346,1856652312842;102,78222161931272
10210;1346,1856654267078;102,78222175509597
10211;1346,1856656260486;102,7822218902547
10212;1346,185665829285;102,78222202478855
10213;1346,1856660363944;102,78222215869721
10214;1346,1856662473554;102,78222229198035
10215;1346,185666462146;102,78222242463765
10216;1346,1856666807432;102,78222255666884
10217;1346,185666903125;102,78222268807363
10218;1346,1856671292694;102,78222281885174
10219;1346,1856673591537;102,78222294900289
10220;1346,1856675927559;102,78222307852684
10221;1346,1856678300521;102,78222320742333
10222;1346,1856680710196;102,78222333569215
10223;1346,1856683156361;102,78222346333307
10224;1346,1856685638786;102,78222359034585
10225;1346,1856688157236;102,78222371673029
10226;1346,1856690711484;102,78222384248622
10227;1346,1856693301295;102,78222396761343
10228;1346,185669592643;102,78222409211173
10229;1346,1856698586664;102,78222421598099
10230;1346,185670128175;102,78222433922105
10231;1346,1856704011454;102,78222446183175
10232;1346,1856706775545;102,78222458381293
10233;1346,1856709573783;102,78222470516451
10234;1346,1856712405927;102,78222482588632
10235;1346,1856715271736;102,7822249459783
10236;1346,1856718170961;102,78222506544033
10237;1346,1856721103375;102,78222518427233
10238;1346,185672406873;102,78222530247423
10239;1346,185672706678;102,78222542004593
10240;1346,1856730097281;102,78222553698741
10241;1346,185673315999;102,78222565329857
10242;1346,1856736254665;102,78222576897942
10243;1346,1856739381058;102,7822258840299
10244;1346,1856742538914;102,78222599845002
10245;1346,1856745727998;102,78222611223971
10246;1346,1856748948053;102,78222622539904
10247;1346,1856752198835;102,78222633792795
10248;1346,1856755480087;102,78222644982651
10249;1346,1856758791569;102,7822265610947
10250;1346,1856762133025;102,7822266717326
10251;1346,1856765504199;102,78222678174025
10252;1346,1856768904843;102,78222689111766
10253;1346,1856772334706;102,78222699986492
10254;1346,1856775793538;102,78222710798211
10255;1346,1856779281075;102,7822272154693
10256;1346,1856782797072;102,7822273223266
10257;1346,1856786341273;102,78222742855408
10258;1346,185678991342;102,78222753415187
10259;1346,1856793513255;102,7822276391201
10260;1346,1856797140524;102,78222774345886
10261;1346,1856800794972;102,7822278471683
10262;1346,1856804476338;102,78222795024858
10263;1346,185680818437;102,78222805269985
10264;1346,1856811918806;102,78222815452227
10265;1346,1856815679387;102,782228255716
10266;1346,1856819465852;102,78222835628125
10267;1346,1856823277947;102,78222845621819
10268;1346,1856827115407;102,78222855552703
10269;1346,1856830977972;102,78222865420796
10270;1346,1856834865387;102,78222875226122
10271;1346,1856838777387;102,782228849687
10272;1346,1856842713717;102,78222894648557
10273;1346,1856846674111;102,78222904265716
10274;1346,1856850658305;102,78222913820204
10275;1346,1856854666044;102,78222923312042
10276;1346,1856858697058;102,78222932741262
10277;1346,1856862751085;102,7822294210789
10278;1346,1856866827866;102,78222951411955
10279;1346,1856870927136;102,78222960653484
10280;1346,1856875048634;102,7822296983251
10281;1346,1856879192096;102,78222978949064
10282;1346,1856883357257;102,78222988003179
10283;1346,1856887543852;102,78222996994884
10284;1346,1856891751618;102,78223005924217
10285;1346,185689598029;102,78223014791212
10286;1346,1856900229611;102,78223023595899
10287;1346,185690449931;102,78223032338323
10288;1346,1856908789123;102,78223041018514
10289;1346,1856913098784;102,78223049636513
10290;1346,1856917428029;102,78223058192357
10291;1346,1856921776591;102,7822306668609
10292;1346,185692614421;102,78223075117747
10293;1346,1856930530623;102,78223083487372
10294;1346,1856934935558;102,78223091795005
10295;1346,1856939358752;102,78223100040691
10296;1346,1856943799942;102,78223108224472
10297;1346,1856948258862;102,78223116346395
10298;1346,185695273525;102,78223124406502
10299;1346,1856957228833;102,78223132404841
10300;1346,1856961739356;102,78223140341458
10301;1346,1856966266553;102,78223148216402
10302;1346,1856970810152;102,7822315602972
10303;1346,1856975369892;102,78223163781462
10304;1346,1856979945512;102,78223171471677
10305;1346,1856984536741;102,78223179100418
10306;1346,1856989143316;102,78223186667735
10307;1346,1856993764973;102,78223194173678
10308;1346,1856998401452;102,78223201618304
10309;1346,1857003052476;102,78223209001666
10310;1346,1857007717795;102,78223216323819
10311;1346,1857012397143;102,78223223584816
10312;1346,1857017090251;102,78223230784717
10313;1346,1857021796861;102,78223237923574
10314;1346,1857026516711;102,78223245001449
10315;1346,1857031249535;102,78223252018398
10316;1346,1857035995067;102,78223258974481
10317;1346,1857040753043;102,78223265869761
10318;1346,1857045523209;102,78223272704294
10319;1346,18570503053;102,78223279478144
10320;1346,1857055099053;102,7822328619137
10321;1346,1857059904207;102,78223292844041
10322;1346,1857064720502;102,78223299436215
10323;1346,185706954768;102,78223305967961
10324;1346,185707438547;102,78223312439341
10325;1346,185707923362;102,78223318850421
10326;1346,1857084091869;102,78223325201269
10327;1346,185708895996;102,78223331491951
10328;1346,1857093837627;102,78223337722537
10329;1346,185709872462;102,78223343893094
10330;1346,1857103620675;102,78223350003691
10331;1346,1857108525535;102,78223356054399
10332;1346,1857113438937;102,78223362045291
10333;1346,1857118360629;102,78223367976435
10334;1346,185712329036;102,78223373847905
10335;1346,1857128227864;102,78223379659774
10336;1346,185713317289;102,78223385412116
10337;1346,1857138125183;102,78223391105004
10338;1346,1857143084483;102,78223396738514
10339;1346,1857148050542;102,78223402312722
10340;1346,1857153023102;102,78223407827703
10341;1346,1857158001912;102,78223413283536
10342;1346,1857162986719;102,78223418680297
10343;1346,1857167977266;102,78223424018067
10344;1346,1857172973305;102,78223429296924
10345;1346,1857177974582;102,78223434516944
10346;1346,1857182980852;102,78223439678214
10347;1346,1857187991861;102,7822344478081
10348;1346,185719300736;102,78223449824816
10349;1346,1857198027099;102,78223454810313
10350;1346,185720305083;102,78223459737387
10351;1346,1857208078302;102,7822346460612
10352;1346,1857213109274;102,78223469416592
10353;1346,1857218143496;102,78223474168897
10354;1346,185722318072;102,78223478863113
10355;1346,1857228220706;102,78223483499329
10356;1346,1857233263204;102,78223488077633
10357;1346,1857238307973;102,78223492598111
10358;1346,1857243354766;102,78223497060853
10359;1346,1857248403346;102,78223501465945
10360;1346,1857253453466;102,78223505813477
10361;1346,1857258504886;102,78223510103543
10362;1346,1857263557367;102,78223514336229
10363;1346,1857268610663;102,78223518511626
10364;1346,1857273664543;102,78223522629831
10365;1346,1857278718767;102,78223526690932
10366;1346,185728377309;102,78223530695023
10367;1346,185728882728;102,78223534642197
10368;1346,1857293881103;102,78223538532552
10369;1346,185729893432;102,78223542366179
10370;1346,1857303986696;102,78223546143174
10371;1346,1857309037998;102,78223549863634
10372;1346,1857314087993;102,78223553527657
10373;1346,185731913645;102,78223557135335
10374;1346,1857324183138;102,78223560686774
10375;1346,1857329227826;102,78223564182065
10376;1346,185733427028;102,7822356762131
10377;1346,1857339310272;102,78223571004611
10378;1346,1857344347577;102,78223574332064
10379;1346,185734938197;102,78223577603771
10380;1346,1857354413219;102,78223580819832
10381;1346,1857359441099;102,78223583980352
10382;1346,1857364465386;102,7822358708543
10383;1346,1857369485856;102,78223590135173
10384;1346,1857374502285;102,7822359312968
10385;1346,1857379514456;102,78223596069054
10386;1346,1857384522145;102,78223598953407
10387;1346,1857389525132;102,78223601782838
10388;1346,1857394523195;102,78223604557452
10389;1346,1857399516118;102,7822360727736
10390;1346,1857404503678;102,78223609942665
10391;1346,185740948567;102,78223612553475
10392;1346,1857414461865;102,78223615109899
10393;1346,1857419432058;102,78223617612042
10394;1346,1857424396035;102,78223620060015
10395;1346,1857429353572;102,78223622453928
10396;1346,1857434304468;102,78223624793891
10397;1346,1857439248508;102,78223627080013
10398;1346,1857444185487;102,78223629312403
10399;1346,1857449115191;102,78223631491174
10400;1346,1857454037417;102,7822363361644
10401;1346,1857458951956;102,78223635688312
10402;1346,1857463858603;102,78223637706901
10403;1346,1857468757153;102,78223639672323
10404;1346,1857473647397;102,78223641584691
10405;1346,1857478529137;102,78223643444117
10406;1346,1857483402173;102,78223645250719
10407;1346,1857488266298;102,7822364700461
10408;1346,185749312132;102,78223648705905
10409;1346,1857497967035;102,78223650354724
10410;1346,1857502803248;102,78223651951181
10411;1346,185750762976;102,78223653495394
10412;1346,1857512446381;102,78223654987478
10413;1346,1857517252915;102,78223656427555
10414;1346,1857522049163;102,78223657815741
10415;1346,185752683494;102,78223659152158
10416;1346,1857531610049;102,78223660436919
10417;1346,1857536374312;102,7822366167015
10418;1346,1857541127526;102,78223662851971
10419;1346,1857545869514;102,78223663982499
10420;1346,1857550600084;102,78223665061857
10421;1346,1857555319054;102,78223666090167
10422;1346,1857560026237;102,78223667067554
10423;1346,185756472145;102,78223667994136
10424;1346,1857569404508;102,78223668870038
10425;1346,1857574075239;102,78223669695382
10426;1346,1857578733452;102,78223670470291
10427;1346,1857583378978;102,78223671194893
10428;1346,1857588011635;102,78223671869311
10429;1346,1857592631254;102,78223672493668
10430;1346,1857597237652;102,78223673068094
10431;1346,1857601830657;102,78223673592709
10432;1346,1857606410097;102,78223674067642
10433;1346,1857610975796;102,78223674493022
10434;1346,185761552759;102,78223674868973
10435;1346,1857620065311;102,78223675195623
10436;1346,185762458879;102,78223675473102
10437;1346,1857629097856;102,78223675701534
10438;1346,185763359235;102,78223675881053
10439;1346,18576380721;102,78223676011783
10440;1346,1857642536945;102,78223676093856
10441;1346,1857646986725;102,78223676127402
10442;1346,1857651421278;102,78223676112552
10443;1346,1857655840447;102,78223676049431
10444;1346,1857660244077;102,78223675938177
10445;1346,1857664631998;102,78223675778918
10446;1346,1857669004062;102,78223675571786
10447;1346,1857673360118;102,78223675316913
10448;1346,1857677700011;102,7822367501443
10449;1346,1857682023588;102,78223674664471
10450;1346,18576863307;102,78223674267171
10451;1346,18576906212;102,7822367382266
10452;1346,1857694894927;102,78223673331073
10453;1346,1857699151747;102,78223672792545
10454;1346,185770339151;102,78223672207208
10455;1346,1857707614072;102,78223671575199
10456;1346,1857711819289;102,78223670896654
10457;1346,1857716007019;102,78223670171705
10458;1346,1857720177118;102,78223669400491
10459;1346,1857724329448;102,78223668583148
10460;1346,185772846388;102,7822366771981
10461;1346,1857732580272;102,78223666810615
10462;1346,1857736678485;102,782236658557
10463;1346,1857740758385;102,78223664855203
10464;1346,1857744819838;102,7822366380926
10465;1346,1857748862715;102,7822366271801
10466;1346,1857752886883;102,78223661581593
10467;1346,1857756892216;102,78223660400145
10468;1346,1857760878586;102,78223659173806
10469;1346,1857764845865;102,78223657902714
10470;1346,185776879393;102,78223656587011
10471;1346,1857772722658;102,78223655226834
10472;1346,185777663192;102,78223653822323
10473;1346,1857780521595;102,78223652373623
10474;1346,185778439157;102,7822365088087
10475;1346,1857788241718;102,78223649344206
10476;1346,185779207193;102,78223647763772
10477;1346,1857795882086;102,7822364613971
10478;1346,1857799672068;102,78223644472162
10479;1346,1857803441767;102,7822364276127
10480;1346,1857807191068;102,78223641007173
10481;1346,1857810919857;102,78223639210019
10482;1346,1857814628033;102,78223637369949
10483;1346,1857818315482;102,78223635487103
10484;1346,1857821982096;102,78223633561628
10485;1346,1857825627771;102,78223631593666
10486;1346,1857829252406;102,78223629583358
10487;1346,1857832855894;102,78223627530855
10488;1346,1857836438132;102,78223625436293
10489;1346,185783999902;102,78223623299822
10490;1346,1857843538464;102,78223621121586
10491;1346,1857847056367;102,7822361890173
10492;1346,1857850552626;102,78223616640396
10493;1346,1857854027148;102,78223614337735
10494;1346,185785747984;102,78223611993889
10495;1346,1857860910607;102,78223609609002
10496;1346,1857864319365;102,78223607183226
10497;1346,1857867706015;102,78223604716702
10498;1346,185787107047;102,78223602209579
10499;1346,1857874412644;102,78223599662005
10500;1346,1857877732455;102,78223597074123
10501;1346,1857881029819;102,78223594446084
10502;1346,185788430465;102,78223591778033
10503;1346,1857887556862;102,78223589070117
10504;1346,1857890786382;102,78223586322487
10505;1346,1857893993126;102,78223583535289
10506;1346,1857897177013;102,7822358070867
10507;1346,1857900337973;102,78223577842783
10508;1346,185790347593;102,7822357493777
10509;1346,18579065908;102,78223571993784
10510;1346,185790968252;102,78223569010974
10511;1346,1857912751013;102,78223565989487
10512;1346,1857915796215;102,78223562929473
10513;1346,185791881806;102,78223559831083
10514;1346,1857921816472;102,78223556694465
10515;1346,1857924791382;102,78223553519767
10516;1346,1857927742738;102,78223550307143
10517;1346,1857930670465;102,7822354705674
10518;1346,1857933574504;102,78223543768709
10519;1346,1857936454799;102,78223540443203
10520;1346,1857939311285;102,7822353708037
10521;1346,1857942143909;102,7822353368036
10522;1346,1857944952606;102,78223530243324
10523;1346,1857947737324;102,78223526769415
10524;1346,1857950498008;102,78223523258782
10525;1346,185795323461;102,7822351971158
10526;1346,1857955947073;102,78223516127957
10527;1346,1857958635346;102,78223512508065
10528;1346,1857961299384;102,78223508852057
10529;1346,1857963939133;102,78223505160082
10530;1346,1857966554553;102,78223501432296
10531;1346,1857969145594;102,7822349766885
10532;1346,1857971712216;102,78223493869893
10533;1346,1857974254367;102,78223490035582
10534;1346,1857976772017;102,78223486166065
10535;1346,1857979265124;102,78223482261498
10536;1346,1857981733663;102,78223478322033
10537;1346,185798417756;102,78223474347823
10538;1346,1857986596794;102,78223470339017
10539;1346,1857988991337;102,78223466295773
10540;1346,1857991361153;102,78223462218241
10541;1346,1857993706208;102,78223458106578
10542;1346,185799602647;102,78223453960935
10543;1346,1857998321912;102,78223449781463
10544;1346,1858000592501;102,7822344556832
10545;1346,185800283821;102,78223441321656
10546;1346,1858005059016;102,78223437041625
10547;1346,1858007254893;102,78223432728383
10548;1346,1858009425816;102,78223428382084
10549;1346,185801157176;102,78223424002879
10550;1346,1858013692706;102,78223419590924
10551;1346,1858015788637;102,78223415146373
10552;1346,1858017859527;102,78223410669379
10553;1346,1858019905367;102,78223406160097
10554;1346,1858021926134;102,78223401618682
10555;1346,185802392182;102,78223397045286
10556;1346,1858025892404;102,78223392440067
10557;1346,1858027837875;102,78223387803179
10558;1346,185802975822;102,78223383134771
10559;1346,1858031653437;102,78223378435004
10560;1346,1858033523508;102,78223373704031
10561;1346,1858035368425;102,78223368942004
10562;1346,1858037188183;102,7822336414908
10563;1346,185803898278;102,78223359325416
10564;1346,185804075221;102,78223354471162
10565;1346,1858042496463;102,78223349586476
10566;1346,1858044215546;102,78223344671513
10567;1346,1858045909457;102,78223339726426
10568;1346,1858047578194;102,7822333475137
10569;1346,1858049221755;102,78223329746501
10570;1346,1858050840149;102,78223324711975
10571;1346,185805243338;102,78223319647945
10572;1346,1858054001457;102,78223314554569
10573;1346,1858055544376;102,78223309431998
10574;1346,1858057062152;102,78223304280391
10575;1346,1858058554787;102,78223299099899
10576;1346,1858060022298;102,78223293890683
10577;1346,1858061464686;102,78223288652893
10578;1346,1858062881975;102,78223283386687
10579;1346,185806427417;102,78223278092217
10580;1346,185806564129;102,78223272769641
10581;1346,185806698335;102,78223267419115
10582;1346,1858068300362;102,78223262040792
10583;1346,185806959235;102,78223256634826
10584;1346,1858070859328;102,78223251201376
10585;1346,1858072101318;102,78223245740594
10586;1346,1858073318342;102,78223240252636
10587;1346,185807451042;102,78223234737656
10588;1346,1858075677571;102,78223229195815
10589;1346,1858076819829;102,7822322362726
10590;1346,185807793721;102,78223218032151
10591;1346,1858079029748;102,7822321241064
10592;1346,1858080097468;102,78223206762885
10593;1346,18580811404;102,78223201089041
10594;1346,1858082158567;102,78223195389262
10595;1346,1858083152008;102,782231896637
10596;1346,1858084120747;102,78223183912516
10597;1346,185808506482;102,78223178135859
10598;1346,1858085984272;102,78223172333887
10599;1346,1858086879122;102,78223166506756
10600;1346,1858087749413;102,78223160654618
10601;1346,1858088595184;102,78223154777628
10602;1346,1858089416464;102,78223148875942
10603;1346,1858090213307;102,78223142949713
10604;1346,1858090985745;102,78223136999098
10605;1346,1858091733814;102,78223131024251
10606;1346,1858092457564;102,78223125025325
10607;1346,1858093157036;102,78223119002476
10608;1346,1858093832273;102,78223112955857
10609;1346,1858094483318;102,78223106885622
10610;1346,1858095110226;102,78223100791925
10611;1346,1858095713037;102,78223094674924
10612;1346,18580962918;102,7822308853477
10613;1346,1858096846563;102,78223082371616
10614;1346,1858097377376;102,7822307618562
10615;1346,1858097884294;102,78223069976931
10616;1346,1858098367363;102,78223063745705
10617;1346,185809882664;102,78223057492097
10618;1346,185809926218;102,7822305121626
10619;1346,1858099674039;102,78223044918347
10620;1346,1858100062273;102,78223038598512
10621;1346,1858100426934;102,78223032256905
10622;1346,1858100768081;102,78223025893686
10623;1346,1858101085775;102,78223019509002
10624;1346,185810138007;102,78223013103012
10625;1346,185810165103;102,78223006675864
10626;1346,185810189872;102,78223000227712
10627;1346,1858102123192;102,7822299375871
10628;1346,1858102324516;102,78222987269012
10629;1346,1858102502756;102,78222980758767
10630;1346,1858102657973;102,78222974228133
10631;1346,185810279024;102,78222967677256
10632;1346,1858102899619;102,78222961106293
10633;1346,1858102986173;102,78222954515394
10634;1346,1858103049979;102,78222947904712
10635;1346,18581030911;102,78222941274399
10636;1346,185810310961;102,78222934624606
10637;1346,1858103105576;102,78222927955485
10638;1346,1858103079073;102,7822292126719
10639;1346,185810303017;102,78222914559869
10640;1346,1858102958938;102,78222907833675
10641;1346,1858102865458;102,7822290108876
10642;1346,18581027498;102,78222894325275
10643;1346,1858102612046;102,78222887543369
10644;1346,1858102452265;102,78222880743196
10645;1346,1858102270542;102,78222873924904
10646;1346,185810206695;102,78222867088645
10647;1346,1858101841565;102,7822286023457
10648;1346,1858101594469;102,78222853362828
10649;1346,1858101325745;102,7822284647357
10650;1346,1858101035475;102,78222839566943
10651;1346,1858100723734;102,78222832643102
10652;1346,1858100390616;102,78222825702196
10653;1346,185810003619;102,78222818744372
10654;1346,1858099660553;102,78222811769781
10655;1346,1858099263784;102,78222804778572
10656;1346,1858098845967;102,78222797770893
10657;1346,1858098407188;102,78222790746894
10658;1346,1858097947538;102,78222783706725
10659;1346,1858097467102;102,78222776650533
10660;1346,1858096965968;102,78222769578468
10661;1346,1858096444228;102,78222762490677
10662;1346,1858095901966;102,78222755387308
10663;1346,185809533928;102,78222748268512
10664;1346,1858094756253;102,78222741134431
10665;1346,1858094152988;102,7822273398522
10666;1346,1858093529568;102,7822272682102
10667;1346,1858092886093;102,78222719641984
10668;1346,1858092222649;102,78222712448255
10669;1346,1858091539332;102,78222705239979
10670;1346,185809083624;102,78222698017308
10671;1346,1858090113465;102,78222690780386
10672;1346,1858089371108;102,78222683529359
10673;1346,1858088609263;102,78222676264373
10674;1346,1858087828025;102,78222668985575
10675;1346,1858087027497;102,78222661693111
10676;1346,1858086207774;102,78222654387126
10677;1346,1858085368956;102,78222647067764
10678;1346,185808451114;102,78222639735175
10679;1346,1858083634434;102,782226323895
10680;1346,1858082738934;102,78222625030887
10681;1346,1858081824744;102,78222617659478
10682;1346,1858080891964;102,78222610275418
10683;1346,1858079940698;102,78222602878851
10684;1346,1858078971045;102,78222595469924
10685;1346,1858077983115;102,78222588048779
10686;1346,185807697701;102,78222580615558
10687;1346,185807595283;102,78222573170407
10688;1346,1858074910683;102,78222565713469
10689;1346,1858073850678;102,78222558244887
10690;1346,1858072772914;102,78222550764802
10691;1346,1858071677505;102,78222543273361
10692;1346,1858070564556;102,78222535770703
10693;1346,1858069434172;102,7822252825697
10694;1346,1858068286465;102,78222520732307
10695;1346,1858067121543;102,7822251319685
10696;1346,1858065939512;102,78222505650747
10697;1346,1858064740488;102,78222498094138
10698;1346,1858063524576;102,7822249052716
10699;1346,1858062291888;102,7822248294996
10700;1346,185806104253;102,78222475362674
10701;1346,1858059776619;102,78222467765445
10702;1346,1858058494267;102,78222460158412
10703;1346,1858057195589;102,78222452541715
10704;1346,1858055880684;102,78222444915494
10705;1346,185805454968;102,7822243727989
10706;1346,1858053202682;102,7822242963504
10707;1346,1858051839806;102,78222421981086
10708;1346,1858050461165;102,78222414318164
10709;1346,1858049066877;102,78222406646412
10710;1346,1858047657051;102,7822239896597
10711;1346,1858046231807;102,78222391276978
10712;1346,1858044791263;102,7822238357957
10713;1346,185804333553;102,78222375873887
10714;1346,185804186473;102,78222368160066
10715;1346,185804037897;102,7822236043824
10716;1346,1858038878374;102,7822235270855
10717;1346,185803736306;102,78222344971131
10718;1346,1858035833138;102,78222337226121
10719;1346,1858034288732;102,78222329473655
10720;1346,1858032729963;102,78222321713868
10721;1346,1858031156944;102,78222313946897
10722;1346,1858029569798;102,78222306172877
10723;1346,1858027968638;102,78222298391944
10724;1346,185802635359;102,7822229060423
10725;1346,185802472477;102,78222282809872
10726;1346,18580230823;102,78222275009004
10727;1346,1858021426299;102,7822226720176
10728;1346,1858019756887;102,78222259388272
10729;1346,1858018074188;102,78222251568675
10730;1346,1858016378314;102,78222243743103
10731;1346,1858014669394;102,7822223591169
10732;1346,1858012947546;102,78222228074564
10733;1346,1858011212898;102,78222220231861
10734;1346,1858009465561;102,78222212383713
10735;1346,1858007705662;102,78222204530252
10736;1346,1858005933325;102,78222196671607
10737;1346,1858004148676;102,78222188807912
10738;1346,185800235183;102,78222180939298
10739;1346,1858000542916;102,78222173065895
10740;1346,1857998722055;102,78222165187834
10741;1346,1857996889366;102,78222157305244
10742;1346,1857995044975;102,78222149418256
10743;1346,1857993189005;102,78222141527
10744;1346,1857991321583;102,78222133631604
10745;1346,1857989442829;102,78222125732198
10746;1346,1857987552864;102,7822211782891
10747;1346,1857985651818;102,7822210992187
10748;1346,1857983739817;102,78222102011206
10749;1346,1857981816977;102,78222094097045
10750;1346,1857979883432;102,78222086179514
10751;1346,18579779393;102,7822207825874
10752;1346,1857975984703;102,78222070334851
10753;1346,1857974019774;102,78222062407976
10754;1346,1857972044631;102,78222054478239
10755;1346,1857970059402;102,78222046545767
10756;1346,185796806421;102,78222038610684
10757;1346,185796605918;102,78222030673116
10758;1346,185796404444;102,78222022733193
10759;1346,1857962020113;102,78222014791032
10760;1346,1857959986323;102,78222006846764
10761;1346,1857957943198;102,7822199890051
10762;1346,1857955890862;102,78221990952395
10763;1346,185795382944;102,78221983002544
10764;1346,185795175906;102,78221975051079
10765;1346,185794967984;102,78221967098122
10766;1346,1857947591914;102,78221959143796
10767;1346,1857945495403;102,78221951188229
10768;1346,1857943390435;102,78221943231536
10769;1346,1857941277135;102,78221935273841
10770;1346,185793915562;102,78221927315266
10771;1346,1857937026025;102,78221919355934
10772;1346,185793488847;102,78221911395966
10773;1346,1857932743087;102,78221903435478
10774;1346,1857930589997;102,78221895474594
10775;1346,1857928429329;102,78221887513433
10776;1346,18579262612;102,78221879552115
10777;1346,185792408574;102,78221871590759
10778;1346,1857921903074;102,78221863629486
10779;1346,185791971333;102,7822185566841
10780;1346,185791751663;102,78221847707655
10781;1346,1857915313094;102,78221839747336
10782;1346,1857913102856;102,78221831787572
10783;1346,1857910886035;102,78221823828476
10784;1346,1857908662757;102,7822181587017
10785;1346,1857906433145;102,78221807912769
10786;1346,1857904197323;102,78221799956391
10787;1346,1857901955423;102,7822179200115
10788;1346,1857899707559;102,78221784047162
10789;1346,1857897453863;102,78221776094543
10790;1346,1857895194455;102,78221768143408
10791;1346,185789292946;102,78221760193873
10792;1346,1857890659003;102,7822175224605
10793;1346,1857888383206;102,78221744300055
10794;1346,1857886102189;102,78221736356001
10795;1346,1857883816083;102,78221728414
10796;1346,1857881525007;102,78221720474168
10797;1346,1857879229085;102,78221712536619
10798;1346,1857876928439;102,7822170460146
10799;1346,185787462319;102,78221696668804
10800;1346,185787231346;102,78221688738768
10801;1346,1857869999378;102,78221680811457
10802;1346,185786768106;102,78221672886987
10803;1346,1857865358631;102,78221664965466
10804;1346,1857863032214;102,78221657047006
10805;1346,1857860701923;102,78221649131716
10806;1346,1857858367887;102,78221641219703
10807;1346,1857856030226;102,78221633311081
10808;1346,1857853689057;102,78221625405959
10809;1346,1857851344507;102,78221617504443
10810;1346,185784899669;102,7822160960664
10811;1346,1857846645728;102,78221601712663
10812;1346,1857844291744;102,78221593822616
10813;1346,1857841934857;102,78221585936606
10814;1346,1857839575187;102,7822157805474
10815;1346,1857837212851;102,78221570177126
10816;1346,185783484797;102,78221562303871
10817;1346,1857832480662;102,78221554435078
10818;1346,1857830111041;102,78221546570856
10819;1346,1857827739232;102,78221538711307
10820;1346,1857825365353;102,78221530856537
10821;1346,1857822989518;102,7822152300665
10822;1346,185782061185;102,7822151516175
10823;1346,1857818232456;102,78221507321943
10824;1346,1857815851458;102,78221499487329
10825;1346,185781346898;102,78221491658014
10826;1346,1857811085133;102,78221483834099
10827;1346,1857808700026;102,78221476015688
10828;1346,1857806313783;102,7822146820288
10829;1346,1857803926516;102,78221460395778
10830;1346,1857801538342;102,78221452594484
10831;1346,1857799149377;102,782214447991
10832;1346,1857796759728;102,78221437009722
10833;1346,1857794369516;102,78221429226454
10834;1346,1857791978855;102,78221421449395
10835;1346,1857789587855;102,78221413678644
10836;1346,185778719663;102,78221405914302
10837;1346,185778480529;102,78221398156464
10838;1346,185778241395;102,7822139040523
10839;1346,1857780022722;102,782213826607
10840;1346,185777763172;102,7822137492297
10841;1346,1857775241053;102,78221367192138
10842;1346,1857772850835;102,78221359468299
10843;1346,1857770461174;102,78221351751552
10844;1346,1857768072177;102,7822134404199
10845;1346,1857765683953;102,7822133633971
10846;1346,185776329662;102,7822132864481
10847;1346,185776091028;102,78221320957385
10848;1346,1857758525043;102,78221313277524
10849;1346,1857756141014;102,78221305605328
10850;1346,1857753758309;102,78221297940887
10851;1346,1857751377029;102,78221290284297
10852;1346,1857748997284;102,78221282635648
10853;1346,1857746619178;102,78221274995036
10854;1346,1857744242818;102,78221267362552
10855;1346,1857741868312;102,7822125973829
10856;1346,1857739495765;102,78221252122339
10857;1346,1857737125279;102,78221244514792
10858;1346,1857734756961;102,78221236915738
10859;1346,185773239091;102,7822122932527
10860;1346,1857730027234;102,78221221743478
10861;1346,1857727666038;102,7822121417045
10862;1346,1857725307423;102,78221206606278
10863;1346,1857722951488;102,7822119905105
10864;1346,185772059834;102,78221191504855
10865;1346,1857718248077;102,7822118396778
10866;1346,1857715900805;102,78221176439915
10867;1346,1857713556615;102,78221168921348
10868;1346,185771121561;102,78221161412162
10869;1346,1857708877897;102,78221153912449
10870;1346,1857706543562;102,78221146422293
10871;1346,185770421272;102,78221138941781
10872;1346,1857701885456;102,78221131470998
10873;1346,1857699561874;102,7822112401003
10874;1346,1857697242074;102,78221116558962
10875;1346,1857694926143;102,78221109117877
10876;1346,1857692614178;102,78221101686862
10877;1346,1857690306288;102,78221094265999
10878;1346,1857688002556;102,78221086855372
10879;1346,1857685703078;102,78221079455065
10880;1346,185768340795;102,78221072065158
10881;1346,1857681117267;102,78221064685738
10882;1346,1857678831116;102,78221057316881
10883;1346,1857676549598;102,78221049958674
10884;1346,18576742728;102,78221042611197
10885;1346,1857672000817;102,78221035274528
10886;1346,1857669733738;102,78221027948749
10887;1346,1857667471659;102,78221020633941
10888;1346,1857665214661;102,78221013330185
10889;1346,1857662962836;102,78221006037558
10890;1346,1857660716275;102,78220998756139
10891;1346,1857658475067;102,78220991486006
10892;1346,1857656239297;102,7822098422724
10893;1346,1857654009057;102,78220976979915
10894;1346,1857651784433;102,78220969744112
10895;1346,1857649565507;102,78220962519906
10896;1346,185764735237;102,78220955307376
10897;1346,1857645145108;102,78220948106595
10898;1346,1857642943799;102,7822094091764
10899;1346,185764074853;102,78220933740587
10900;1346,185763855939;102,78220926575514
10901;1346,1857636376456;102,7822091942249
10902;1346,1857634199814;102,78220912281593
10903;1346,1857632029546;102,78220905152897
10904;1346,1857629865726;102,78220898036474
10905;1346,1857627708441;102,782208909324
10906;1346,1857625557775;102,78220883840743
10907;1346,18576234138;102,78220876761581
10908;1346,1857621276602;102,78220869694984
10909;1346,1857619146256;102,78220862641021
10910;1346,1857617022838;102,78220855599768
10911;1346,1857614906432;102,78220848571293
10912;1346,1857612797107;102,78220841555667
10913;1346,1857610694944;102,78220834552958
10914;1346,1857608600021;102,78220827563241
10915;1346,185760651241;102,78220820586583
10916;1346,1857604432187;102,78220813623051
10917;1346,185760235942;102,78220806672715
10918;1346,1857600294195;102,78220799735645
10919;1346,1857598236572;102,78220792811908
10920;1346,1857596186628;102,78220785901568
10921;1346,1857594144437;102,78220779004698
10922;1346,1857592110066;102,78220772121362
10923;1346,185759008359;102,78220765251625
10924;1346,185758806508;102,78220758395554
10925;1346,1857586054596;102,78220751553216
10926;1346,1857584052213;102,78220744724676
10927;1346,1857582058;102,78220737909994
10928;1346,1857580072021;102,78220731109244
10929;1346,1857578094346;102,78220724322479
10930;1346,185757612504;102,78220717549772
10931;1346,185757416417;102,7822071079118
10932;1346,18575722118;102,78220704046771
10933;1346,1857570267994;102,78220697316601
10934;1346,1857568332816;102,7822069060074
10935;1346,185756640633;102,78220683899244
10936;1346,1857564488596;102,78220677212177
10937;1346,185756257968;102,78220670539599
10938;1346,1857560679643;102,78220663881572
10939;1346,1857558788545;102,78220657238154
10940;1346,1857556906443;102,78220650609407
10941;1346,18575550334;102,7822064399539
10942;1346,1857553169477;102,7822063739616
10943;1346,185755131473;102,7822063081178
10944;1346,1857549469216;102,78220624242304
10945;1346,1857547632992;102,78220617687792
10946;1346,1857545806115;102,78220611148302
10947;1346,1857543988642;102,78220604623891
10948;1346,1857542180626;102,78220598114615
10949;1346,185754038212;102,78220591620533
10950;1346,1857538593185;102,78220585141696
10951;1346,1857536813875;102,78220578678165
10952;1346,1857535044237;102,78220572229992
10953;1346,185753328432;102,78220565797236
10954;1346,185753153418;102,78220559379946
10955;1346,185752979387;102,78220552978179
10956;1346,1857528063438;102,7822054659199
10957;1346,1857526342937;102,78220540221429
10958;1346,1857524632417;102,78220533866552
10959;1346,1857522931916;102,78220527527412
10960;1346,1857521241495;102,7822052120406
10961;1346,185751956119;102,78220514896549
10962;1346,1857517891058;102,78220508604929
10963;1346,1857516231134;102,7822050232925
10964;1346,1857514581473;102,78220496069568
10965;1346,1857512942115;102,78220489825928
10966;1346,1857511313106;102,78220483598383
10967;1346,185750969449;102,78220477386981
10968;1346,1857508086307;102,78220471191776
10969;1346,1857506488604;102,7822046501281
10970;1346,1857504901418;102,78220458850134
10971;1346,185750332479;102,78220452703796
10972;1346,185750175876;102,78220446573847
10973;1346,1857500203366;102,78220440460332
10974;1346,1857498658655;102,78220434363298
10975;1346,1857497124658;102,78220428282792
10976;1346,185749560142;102,7822042221886
10977;1346,1857494088974;102,78220416171547
10978;1346,1857492587353;102,78220410140902
10979;1346,1857491096596;102,78220404126967
10980;1346,1857489616743;102,78220398129787
10981;1346,1857488147825;102,78220392149407
10982;1346,1857486689878;102,78220386185872
10983;1346,1857485242929;102,78220380239225
10984;1346,1857483807016;102,7822037430951
10985;1346,1857482382168;102,78220368396768
10986;1346,185748096842;102,78220362501044
10987;1346,1857479565808;102,78220356622377
10988;1346,1857478174354;102,78220350760814
10989;1346,185747679409;102,78220344916392
10990;1346,1857475425045;102,78220339089155
10991;1346,1857474067249;102,7822033327914
10992;1346,185747272073;102,78220327486392
10993;1346,1857471385513;102,78220321710948
10994;1346,1857470061623;102,78220315952849
10995;1346,185746874909;102,78220310212136
10996;1346,1857467447937;102,78220304488842
10997;1346,1857466158194;102,78220298783012
10998;1346,1857464879881;102,7822029309468
10999;1346,1857463613026;102,78220287423886
11000;1346,1857462357646;102,78220281770668
11001;1346,1857461113766;102,78220276135059
11002;1346,1857459881412;102,78220270517102
11003;1346,1857458660595;102,78220264916828
11004;1346,1857457451345;102,78220259334276
11005;1346,185745625368;102,7822025376948
11006;1346,1857455067616;102,78220248222478
11007;1346,1857453893172;102,78220242693301
11008;1346,1857452730367;102,78220237181988
11009;1346,185745157922;102,7822023168857
11010;1346,1857450439747;102,78220226213081
11011;1346,185744931197;102,78220220755557
11012;1346,1857448195894;102,78220215316027
11013;1346,1857447091547;102,78220209894529
11014;1346,185744599893;102,7822020449109
11015;1346,1857444918062;102,78220199105748
11016;1346,185744384896;102,78220193738528
11017;1346,1857442791636;102,78220188389466
11018;1346,18574417461;102,78220183058592
11019;1346,185744071236;102,78220177745936
11020;1346,1857439690434;102,7822017245153
11021;1346,185743868033;102,78220167175402
11022;1346,1857437682058;102,78220161917582
11023;1346,1857436695625;102,782201566781
11024;1346,185743572104;102,78220151456983
11025;1346,1857434758315;102,78220146254264
11026;1346,1857433807454;102,78220141069966
11027;1346,1857432868467;102,78220135904118
11028;1346,1857431941355;102,7822013075675
11029;1346,1857431026126;102,78220125627888
11030;1346,1857430122786;102,78220120517557
11031;1346,1857429231338;102,78220115425786
11032;1346,1857428351793;102,782201103526
11033;1346,1857427484151;102,78220105298024
11034;1346,185742662841;102,78220100262084
11035;1346,1857425784576;102,78220095244805
11036;1346,185742495265;102,78220090246212
11037;1346,1857424132636;102,78220085266328
11038;1346,1857423324534;102,78220080305178
11039;1346,1857422528337;102,78220075362786
11040;1346,1857421744053;102,78220070439174
11041;1346,1857420971673;102,7822006553437
11042;1346,1857420211202;102,7822006064839
11043;1346,1857419462638;102,78220055781259
11044;1346,1857418725976;102,78220050932998
11045;1346,1857418001216;102,7822004610363
11046;1346,1857417288352;102,78220041293176
11047;1346,1857416587372;102,78220036501658
11048;1346,1857415898282;102,78220031729091
11049;1346,1857415221075;102,78220026975504
11050;1346,185741455574;102,78220022240909
11051;1346,1857413902276;102,78220017525331
11052;1346,185741326067;102,78220012828785
11053;1346,1857412630923;102,78220008151294
11054;1346,1857412013019;102,78220003492876
11055;1346,1857411406957;102,78219998853545
11056;1346,1857410812718;102,78219994233325
11057;1346,18574102303;102,78219989632228
11058;1346,185740965969;102,78219985050274
11059;1346,1857409100876;102,7821998048748
11060;1346,1857408553844;102,7821997594386
11061;1346,1857408018593;102,78219971419435
11062;1346,1857407495102;102,78219966914216
11063;1346,1857406983365;102,78219962428221
11064;1346,1857406483364;102,78219957961466
11065;1346,1857405995086;102,78219953513965
11066;1346,1857405518513;102,78219949085731
11067;1346,1857405053634;102,7821994467678
11068;1346,1857404600432;102,78219940287126
11069;1346,1857404158893;102,78219935916783
11070;1346,1857403729002;102,78219931565764
11071;1346,1857403310744;102,78219927234079
11072;1346,1857402904093;102,78219922921745
11073;1346,185740250904;102,78219918628773
11074;1346,1857402125559;102,78219914355172
11075;1346,1857401753632;102,78219910100957
11076;1346,185740139325;102,7821990586614
11077;1346,185740104438;102,7821990165073
11078;1346,1857400707013;102,78219897454737
11079;1346,185740038112;102,78219893278174
11080;1346,1857400066688;102,78219889121048
11081;1346,1857399763687;102,78219884983372
11082;1346,18573994721;102,78219880865153
11083;1346,1857399191906;102,782198767664
11084;1346,1857398923075;102,78219872687124
11085;1346,1857398665593;102,78219868627332
11086;1346,185739841943;102,78219864587034
11087;1346,1857398184559;102,78219860566233
11088;1346,1857397960964;102,78219856564942
11089;1346,1857397748613;102,78219852583166
11090;1346,1857397547485;102,7821984862091
11091;1346,1857397357549;102,78219844678186
11092;1346,1857397178778;102,78219840754993
11093;1346,185739701115;102,78219836851343
11094;1346,1857396854634;102,7821983296724
11095;1346,1857396709202;102,78219829102689
11096;1346,1857396574828;102,78219825257695
11097;1346,1857396451483;102,78219821432263
11098;1346,1857396339135;102,78219817626396
11099;1346,1857396237756;102,782198138401
11100;1346,1857396147316;102,7821981007338
11101;1346,1857396067785;102,78219806326234
11102;1346,1857395999134;102,78219802598674
11103;1346,1857395941327;102,78219798890694
11104;1346,1857395894333;102,78219795202304
11105;1346,1857395858126;102,782197915335
11106;1346,185739583267;102,7821978788429
11107;1346,1857395817929;102,78219784254671
11108;1346,185739581387;102,78219780644648
11109;1346,1857395820464;102,78219777054218
11110;1346,1857395837671;102,78219773483386
11111;1346,1857395865466;102,78219769932151
11112;1346,1857395903808;102,78219766400512
11113;1346,1857395952657;102,78219762888473
11114;1346,1857396011983;102,78219759396028
11115;1346,1857396081755;102,78219755923182
11116;1346,1857396161927;102,78219752469928
11117;1346,185739625247;102,7821974903627
11118;1346,185739635334;102,78219745622206
11119;1346,1857396464507;102,7821974222773
11120;1346,1857396585922;102,78219738852847
11121;1346,185739671756;102,78219735497548
11122;1346,1857396859375;102,78219732161833
11123;1346,185739701133;102,78219728845698
11124;1346,1857397173383;102,78219725549143
11125;1346,1857397345498;102,78219722272162
11126;1346,1857397527629;102,78219719014753
11127;1346,1857397719743;102,78219715776908
11128;1346,1857397921797;102,78219712558625
11129;1346,1857398133748;102,78219709359901
11130;1346,185739835556;102,78219706180731
11131;1346,1857398587183;102,78219703021107
11132;1346,185739882858;102,78219699881025
11133;1346,1857399079709;102,78219696760482
11134;1346,185739934053;102,78219693659466
11135;1346,1857399610992;102,78219690577977
11136;1346,1857399891062;102,78219687516004
11137;1346,1857400180693;102,78219684473541
11138;1346,1857400479837;102,78219681450582
11139;1346,1857400788451;102,78219678447121
11140;1346,185740110649;102,7821967546315
11141;1346,185740143391;102,78219672498658
11142;1346,1857401770671;102,78219669553637
11143;1346,185740211672;102,78219666628083
11144;1346,185740247202;102,78219663721984
11145;1346,1857402836515;102,78219660835332
11146;1346,1857403210172;102,78219657968116
11147;1346,185740359293;102,78219655120328
11148;1346,185740398475;102,78219652291958
11149;1346,1857404385582;102,78219649482995
11150;1346,1857404795383;102,78219646693432
11151;1346,1857405214103;102,78219643923256
11152;1346,1857405641686;102,78219641172456
11153;1346,1857406078093;102,78219638441018
11154;1346,1857406523277;102,78219635728938
11155;1346,1857406977183;102,78219633036198
11156;1346,1857407439768;102,7821963036279
11157;1346,1857407910982;102,782196277087
11158;1346,1857408390774;102,78219625073913
11159;1346,1857408879093;102,78219622458423
11160;1346,185740937589;102,78219619862212
11161;1346,1857409881115;102,78219617285268
11162;1346,1857410394716;102,78219614727577
11163;1346,1857410916646;102,78219612189129
11164;1346,1857411446854;102,78219609669905
11165;1346,1857411985284;102,78219607169892
11166;1346,1857412531892;102,7821960468908
11167;1346,1857413086625;102,78219602227449
11168;1346,1857413649427;102,78219599784988
11169;1346,1857414220244;102,78219597361681
11170;1346,1857414799028;102,78219594957508
11171;1346,1857415385728;102,7821959257246
11172;1346,1857415980287;102,78219590206518
11173;1346,185741658266;102,78219587859665
11174;1346,1857417192787;102,78219585531886
11175;1346,1857417810613;102,78219583223166
11176;1346,1857418436098;102,78219580933485
11177;1346,1857419069172;102,78219578662828
11178;1346,1857419709795;102,78219576411176
11179;1346,18574203579;102,78219574178515
11180;1346,1857421013442;102,78219571964823
11181;1346,1857421676366;102,78219569770084
11182;1346,1857422346613;102,78219567594279
11183;1346,1857423024132;102,78219565437391
11184;1346,1857423708866;102,78219563299399
11185;1346,1857424400762;102,78219561180286
11186;1346,1857425099765;102,78219559080033
11187;1346,185742580582;102,78219556998619
11188;1346,1857426518873;102,78219554936025
11189;1346,1857427238867;102,7821955289223
11190;1346,185742796574;102,78219550867216
11191;1346,1857428699445;102,78219548860963
11192;1346,1857429439922;102,78219546873449
11193;1346,1857430187115;102,78219544904653
11194;1346,1857430940968;102,78219542954555
11195;1346,1857431701426;102,78219541023131
11196;1346,185743246843;102,78219539110364
11197;1346,1857433241926;102,7821953721623
11198;1346,1857434021852;102,78219535340708
11199;1346,185743480816;102,78219533483774
11200;1346,1857435600787;102,78219531645406
11201;1346,1857436399678;102,78219529825584
11202;1346,1857437204771;102,78219528024285
11203;1346,1857438016011;102,78219526241482
11204;1346,1857438833342;102,78219524477156
11205;1346,1857439656706;102,78219522731281
11206;1346,1857440486044;102,78219521003835
11207;1346,1857441321301;102,78219519294795
11208;1346,1857442162413;102,78219517604133
11209;1346,1857443009335;102,78219515931829
11210;1346,1857443861998;102,78219514277856
11211;1346,1857444720345;102,78219512642191
11212;1346,185744558432;102,78219511024808
11213;1346,1857446453864;102,78219509425683
11214;1346,1857447328919;102,78219507844791
11215;1346,1857448209428;102,78219506282105
11216;1346,1857449095328;102,78219504737596
11217;1346,1857449986564;102,78219503211247
11218;1346,1857450883076;102,78219501703026
11219;1346,1857451784804;102,78219500212907
11220;1346,185745269169;102,78219498740864
11221;1346,1857453603682;102,78219497286871
11222;1346,1857454520716;102,782194958509
11223;1346,1857455442728;102,78219494432925
11224;1346,1857456369662;102,7821949303292
11225;1346,1857457301462;102,78219491650853
11226;1346,185745823807;102,782194902867
11227;1346,1857459179425;102,78219488940432
11228;1346,1857460125466;102,78219487612022
11229;1346,1857461076138;102,78219486301441
11230;1346,1857462031378;102,78219485008661
11231;1346,1857462991127;102,7821948373365
11232;1346,1857463955325;102,78219482476385
11233;1346,1857464923917;102,78219481236835
11234;1346,1857465896837;102,78219480014967
11235;1346,1857466874035;102,78219478810757
11236;1346,1857467855439;102,78219477624171
11237;1346,1857468841001;102,78219476455182
11238;1346,1857469830657;102,78219475303761
11239;1346,1857470824345;102,78219474169875
11240;1346,1857471822013;102,78219473053494
11241;1346,1857472823597;102,78219471954591
11242;1346,1857473829036;102,78219470873132
11243;1346,1857474838278;102,78219469809085
11244;1346,1857475851257;102,78219468762424
11245;1346,1857476867913;102,78219467733113
11246;1346,1857477888193;102,78219466721123
11247;1346,1857478912032;102,78219465726424
11248;1346,1857479939376;102,7821946474898
11249;1346,1857480970154;102,78219463788763
11250;1346,185748200432;102,78219462845738
11251;1346,185748304181;102,78219461919873
11252;1346,1857484082566;102,78219461011142
11253;1346,1857485126527;102,78219460119503
11254;1346,1857486173635;102,78219459244929
11255;1346,1857487223829;102,78219458387386
11256;1346,185748827705;102,7821945754684
11257;1346,1857489333247;102,78219456723258
11258;1346,1857490392356;102,78219455916607
11259;1346,1857491454314;102,78219455126856
11260;1346,1857492519064;102,78219454353966
11261;1346,1857493586554;102,78219453597907
11262;1346,1857494656717;102,78219452858646
11263;1346,1857495729498;102,78219452136145
11264;1346,185749680484;102,78219451430371
11265;1346,1857497882681;102,78219450741291
11266;1346,1857498962963;102,78219450068869
11267;1346,185750004563;102,78219449413069
11268;1346,1857501130626;102,7821944877386
11269;1346,1857502217888;102,78219448151202
11270;1346,185750330736;102,78219447545062
11271;1346,185750439898;102,78219446955407
11272;1346,1857505492692;102,78219446382198
11273;1346,1857506588442;102,78219445825401
11274;1346,1857507686173;102,7821944528498
11275;1346,1857508785822;102,78219444760899
11276;1346,1857509887336;102,78219444253119
11277;1346,1857510990656;102,78219443761607
11278;1346,1857512095721;102,78219443286326
11279;1346,1857513202476;102,78219442827239
11280;1346,1857514310864;102,78219442384308
11281;1346,185751542083;102,78219441957499
11282;1346,1857516532314;102,78219441546771
11283;1346,1857517645258;102,78219441152092
11284;1346,185751875961;102,78219440773422
11285;1346,1857519875307;102,78219440410722
11286;1346,18575209923;102,78219440063955
11287;1346,1857522110527;102,78219439733085
11288;1346,1857523229935;102,78219439418073
11289;1346,1857524350467;102,78219439118882
11290;1346,1857525472067;102,78219438835472
11291;1346,1857526594679;102,78219438567808
11292;1346,1857527718248;102,78219438315848
11293;1346,1857528842716;102,78219438079554
11294;1346,1857529968029;102,78219437858891
11295;1346,1857531094126;102,78219437653816
11296;1346,1857532220963;102,7821943746429
11297;1346,185753334848;102,78219437290278
11298;1346,1857534476617;102,78219437131736
11299;1346,1857535605322;102,7821943698863
11300;1346,185753673454;102,78219436860915
11301;1346,1857537864223;102,78219436748554
11302;1346,1857538994313;102,78219436651509
11303;1346,1857540124754;102,78219436569739
11304;1346,1857541255492;102,78219436503204
11305;1346,1857542386474;102,78219436451863
11306;1346,1857543517642;102,78219436415677
11307;1346,185754464895;102,78219436394603
11308;1346,185754578034;102,78219436388606
11309;1346,185754691176;102,78219436397642
11310;1346,1857548043158;102,7821943642167
11311;1346,1857549174479;102,78219436460651
11312;1346,185755030567;102,78219436514543
11313;1346,1857551436676;102,78219436583305
11314;1346,1857552567449;102,78219436666896
11315;1346,1857553697937;102,78219436765276
11316;1346,1857554828084;102,78219436878402
11317;1346,1857555957843;102,78219437006233
11318;1346,1857557087162;102,7821943714873
11319;1346,1857558215988;102,78219437305847
11320;1346,1857559344269;102,78219437477546
11321;1346,1857560471954;102,78219437663785
11322;1346,185756159899;102,78219437864517
11323;1346,1857562725331;102,78219438079708
11324;1346,1857563850924;102,78219438309308
11325;1346,185756497572;102,7821943855328
11326;1346,1857566099663;102,78219438811581
11327;1346,185756722271;102,78219439084167
11328;1346,185756834481;102,78219439370997
11329;1346,1857569465915;102,78219439672027
11330;1346,1857570585971;102,78219439987213
11331;1346,185757170493;102,78219440316515
11332;1346,1857572822746;102,7821944065989
11333;1346,1857573939365;102,78219441017292
11334;1346,1857575054742;102,78219441388681
11335;1346,1857576168827;102,78219441774014
11336;1346,1857577281578;102,78219442173247
11337;1346,1857578392942;102,78219442586332
11338;1346,1857579502876;102,78219443013232
11339;1346,1857580611324;102,78219443453902
11340;1346,1857581718243;102,78219443908297
11341;1346,1857582823588;102,78219444376371
11342;1346,185758392731;102,78219444858085
11343;1346,1857585029359;102,78219445353392
11344;1346,1857586129693;102,78219445862248
11345;1346,1857587228267;102,78219446384612
11346;1346,1857588325036;102,78219446920436
11347;1346,185758941995;102,78219447469678
11348;1346,1857590512964;102,78219448032293
11349;1346,1857591604034;102,78219448608236
11350;1346,1857592693118;102,78219449197464
11351;1346,185759378017;102,78219449799928
11352;1346,1857594865146;102,78219450415591
11353;1346,1857595947997;102,78219451044403
11354;1346,1857597028682;102,78219451686321
11355;1346,185759810716;102,782194523413
11356;1346,1857599183384;102,78219453009292
11357;1346,185760025731;102,78219453690257
11358;1346,1857601328898;102,78219454384144
11359;1346,1857602398104;102,78219455090914
11360;1346,1857603464887;102,78219455810519
11361;1346,18576045292;102,78219456542912
11362;1346,1857605591006;102,78219457288051
11363;1346,185760665026;102,78219458045889
11364;1346,185760770692;102,78219458816379
11365;1346,1857608760945;102,78219459599478
11366;1346,1857609812296;102,78219460395138
11367;1346,1857610860936;102,78219461203317
11368;1346,1857611906821;102,78219462023964
11369;1346,185761294991;102,78219462857037
11370;1346,185761399016;102,78219463702489
11371;1346,1857615027536;102,78219464560274
11372;1346,1857616061995;102,78219465430345
11373;1346,1857617093503;102,78219466312657
11374;1346,1857618122015;102,78219467207165
11375;1346,1857619147497;102,78219468113821
11376;1346,1857620169908;102,7821946903258
11377;1346,1857621189208;102,78219469963395
11378;1346,1857622205366;102,78219470906218
11379;1346,1857623218336;102,78219471861004
11380;1346,1857624228087;102,78219472827708
11381;1346,185762523458;102,78219473806283
11382;1346,1857626237775;102,78219474796681
11383;1346,1857627237641;102,78219475798856
11384;1346,1857628234134;102,78219476812761
11385;1346,1857629227225;102,7821947783835
11386;1346,1857630216875;102,78219478875576
11387;1346,1857631203054;102,78219479924392
11388;1346,185763218572;102,78219480984751
11389;1346,1857633164843;102,78219482056605
11390;1346,1857634140385;102,7821948313991
11391;1346,1857635112312;102,78219484234616
11392;1346,1857636080592;102,78219485340679
11393;1346,1857637045189;102,78219486458048
11394;1346,185763800607;102,7821948758668
11395;1346,1857638963202;102,78219488726525
11396;1346,1857639916552;102,78219489877534
11397;1346,1857640866092;102,78219491039667
11398;1346,185764181178;102,7821949221287
11399;1346,1857642753591;102,78219493397096
11400;1346,1857643691492;102,78219494592301
11401;1346,1857644625454;102,78219495798434
11402;1346,185764555544;102,78219497015452
11403;1346,1857646481417;102,78219498243305
11404;1346,1857647403365;102,78219499481945
11405;1346,185764832124;102,78219500731325
11406;1346,1857649235023;102,78219501991397
11407;1346,185765014468;102,78219503262113
11408;1346,1857651050182;102,78219504543428
11409;1346,18576519515;102,78219505835291
11410;1346,1857652848607;102,78219507137656
11411;1346,1857653741474;102,78219508450475
11412;1346,1857654630066;102,782195097737
11413;1346,1857655514364;102,78219511107285
11414;1346,1857656394332;102,78219512451179
11415;1346,1857657269948;102,78219513805335
11416;1346,1857658141182;102,78219515169708
11417;1346,1857659008012;102,78219516544247
11418;1346,1857659870407;102,78219517928906
11419;1346,1857660728342;102,78219519323636
11420;1346,1857661581791;102,78219520728389
11421;1346,1857662430727;102,78219522143118
11422;1346,1857663275123;102,78219523567773
11423;1346,1857664114957;102,78219525002308
11424;1346,1857664950203;102,78219526446676
11425;1346,185766578084;102,78219527900826
11426;1346,1857666606838;102,7821952936471
11427;1346,1857667428176;102,78219530838282
11428;1346,185766824483;102,78219532321494
11429;1346,185766905677;102,78219533814296
11430;1346,1857669863982;102,78219535316643
11431;1346,1857670666443;102,7821953682848
11432;1346,1857671464124;102,78219538349768
11433;1346,185767225701;102,78219539880453
11434;1346,1857673045076;102,78219541420488
11435;1346,1857673828304;102,78219542969825
11436;1346,185767460666;102,78219544528416
11437;1346,185767538014;102,78219546096211
11438;1346,1857676148707;102,78219547673166
11439;1346,1857676912352;102,78219549259228
11440;1346,1857677671048;102,78219550854354
11441;1346,1857678424783;102,78219552458489
11442;1346,1857679173536;102,78219554071592
11443;1346,185767991728;102,7821955569361
11444;1346,1857680656;102,78219557324495
11445;1346,185768138968;102,78219558964201
11446;1346,18576821183;102,78219560612679
11447;1346,185768284184;102,78219562269881
11448;1346,185768356028;102,78219563935757
11449;1346,1857684273607;102,7821956561026
11450;1346,1857684981806;102,78219567293343
11451;1346,1857685684856;102,78219568984953
11452;1346,185768638274;102,78219570685047
11453;1346,1857687075449;102,78219572393577
11454;1346,185768776296;102,78219574110491
11455;1346,1857688445255;102,78219575835742
11456;1346,1857689122323;102,78219577569284
11457;1346,185768979415;102,78219579311066
11458;1346,1857690460715;102,7821958106104
11459;1346,185769112201;102,78219582819162
11460;1346,1857691778018;102,78219584585378
11461;1346,1857692428728;102,78219586359643
11462;1346,1857693074119;102,78219588141907
11463;1346,1857693714187;102,78219589932125
11464;1346,1857694348912;102,78219591730245
11465;1346,1857694978285;102,78219593536222
11466;1346,185769560229;102,78219595350006
11467;1346,1857696220918;102,78219597171551
11468;1346,1857696834154;102,78219599000803
11469;1346,185769744199;102,78219600837723
11470;1346,1857698044412;102,78219602682258
11471;1346,1857698641409;102,78219604534358
11472;1346,1857699232971;102,78219606393978
11473;1346,185769981909;102,7821960826107
11474;1346,1857700399748;102,78219610135584
11475;1346,1857700974945;102,78219612017472
11476;1346,1857701544664;102,78219613906688
11477;1346,18577021089;102,78219615803184
11478;1346,185770266764;102,78219617706911
11479;1346,1857703220883;102,78219619617822
11480;1346,1857703768612;102,78219621535868
11481;1346,185770431082;102,78219623461003
11482;1346,1857704847505;102,78219625393174
11483;1346,1857705378652;102,78219627332341
11484;1346,185770590426;102,7821962927845
11485;1346,1857706424316;102,78219631231457
11486;1346,185770693882;102,78219633191311
11487;1346,1857707447757;102,78219635157967
11488;1346,185770795113;102,78219637131376
11489;1346,185770844893;102,78219639111491
11490;1346,1857708941147;102,78219641098265
11491;1346,1857709427784;102,78219643091647
11492;1346,1857709908822;102,78219645091593
11493;1346,1857710384268;102,78219647098055
11494;1346,1857710854113;102,78219649110984
11495;1346,1857711318357;102,78219651130334
11496;1346,1857711776988;102,78219653156056
11497;1346,1857712230012;102,78219655188104
11498;1346,1857712677418;102,7821965722643
11499;1346,1857713119207;102,78219659270987
11500;1346,1857713555376;102,78219661321725
11501;1346,185771398592;102,78219663378601
11502;1346,1857714410842;102,78219665441567
11503;1346,185771483013;102,78219667510575
11504;1346,185771524379;102,78219669585576
11505;1346,1857715651818;102,78219671666524
11506;1346,1857716054215;102,78219673753374
11507;1346,1857716450975;102,78219675846076
11508;1346,1857716842105;102,78219677944584
11509;1346,1857717227595;102,7821968004885
11510;1346,1857717607454;102,78219682158831
11511;1346,1857717981675;102,78219684274477
11512;1346,1857718350266;102,7821968639574
11513;1346,185771871322;102,78219688522577
11514;1346,1857719070538;102,78219690654937
11515;1346,1857719422223;102,78219692792777
11516;1346,185771976828;102,78219694936048
11517;1346,1857720108708;102,78219697084702
11518;1346,1857720443506;102,78219699238697
11519;1346,185772077268;102,78219701397984
11520;1346,1857721096235;102,78219703562513
11521;1346,1857721414167;102,78219705732243
11522;1346,1857721726483;102,78219707907125
11523;1346,1857722033187;102,78219710087113
11524;1346,1857722334278;102,78219712272161
11525;1346,1857722629766;102,78219714462224
11526;1346,1857722919647;102,78219716657253
11527;1346,185772320393;102,78219718857203
11528;1346,1857723482617;102,78219721062028
11529;1346,1857723755718;102,78219723271683
11530;1346,1857724023232;102,7821972548612
11531;1346,1857724285167;102,78219727705294
11532;1346,1857724541526;102,78219729929158
11533;1346,1857724792321;102,7821973215767
11534;1346,1857725037548;102,7821973439078
11535;1346,1857725277223;102,78219736628445
11536;1346,1857725511347;102,78219738870617
11537;1346,1857725739928;102,7821974111725
11538;1346,185772596297;102,78219743368301
11539;1346,1857726180488;102,78219745623724
11540;1346,1857726392477;102,78219747883473
11541;1346,1857726598953;102,78219750147503
11542;1346,1857726799929;102,78219752415767
11543;1346,1857726995402;102,7821975468822
11544;1346,1857727185384;102,78219756964819
11545;1346,1857727369888;102,78219759245516
11546;1346,1857727548913;102,78219761530269
11547;1346,1857727722481;102,78219763819031
11548;1346,1857727890592;102,78219766111758
11549;1346,185772805325;102,78219768408403
11550;1346,1857728210475;102,78219770708924
11551;1346,1857728362272;102,78219773013275
11552;1346,1857728508658;102,78219775321409
11553;1346,1857728649638;102,78219777633285
11554;1346,185772878522;102,78219779948857
11555;1346,185772891542;102,78219782268079
11556;1346,1857729040241;102,7821978459091
11557;1346,1857729159701;102,782197869173
11558;1346,1857729273815;102,78219789247211
11559;1346,1857729382589;102,78219791580595
11560;1346,1857729486035;102,78219793917408
11561;1346,1857729584167;102,78219796257608
11562;1346,1857729676994;102,78219798601147
11563;1346,185772976453;102,78219800947984
11564;1346,1857729846788;102,78219803298077
11565;1346,1857729923781;102,78219805651376
11566;1346,185772999552;102,78219808007844
11567;1346,1857730062025;102,78219810367432
11568;1346,1857730123297;102,78219812730099
11569;1346,1857730179363;102,78219815095801
11570;1346,185773023023;102,78219817464493
11571;1346,1857730275915;102,78219819836134
11572;1346,1857730316428;102,78219822210681
11573;1346,1857730351792;102,78219824588086
11574;1346,1857730382012;102,78219826968312
11575;1346,1857730407107;102,78219829351312
11576;1346,1857730427091;102,78219831737043
11577;1346,1857730441982;102,78219834125464
11578;1346,1857730451793;102,78219836516531
11579;1346,185773045654;102,78219838910199
11580;1346,1857730456234;102,78219841306431
11581;1346,1857730450902;102,78219843705178
11582;1346,1857730440554;102,78219846106401
11583;1346,1857730425204;102,78219848510057
11584;1346,1857730404874;102,78219850916102
11585;1346,1857730379577;102,78219853324495
11586;1346,1857730349327;102,78219855735193
11587;1346,1857730314146;102,78219858148155
11588;1346,1857730274053;102,78219860563338
11589;1346,185773022906;102,782198629807
11590;1346,185773017919;102,78219865400199
11591;1346,1857730124455;102,78219867821792
11592;1346,1857730064874;102,7821987024544
11593;1346,185773000047;102,78219872671099
11594;1346,185772993126;102,78219875098728
11595;1346,1857729857263;102,78219877528285
11596;1346,1857729778496;102,78219879959731
11597;1346,1857729694977;102,78219882393019
11598;1346,1857729606725;102,78219884828113
11599;1346,1857729513754;102,7821988726497
11600;1346,1857729416092;102,7821988970355
11601;1346,1857729313756;102,78219892143808
11602;1346,185772920676;102,78219894585708
11603;1346,1857729095132;102,78219897029209
11604;1346,1857728978885;102,78219899474263
11605;1346,1857728858045;102,78219901920838
11606;1346,185772873263;102,78219904368889
11607;1346,1857728602663;102,78219906818374
11608;1346,185772846816;102,78219909269258
11609;1346,1857728329144;102,78219911721496
11610;1346,1857728185632;102,78219914175051
11611;1346,1857728037653;102,78219916629878
11612;1346,185772788522;102,78219919085942
11613;1346,185772772836;102,782199215432
11614;1346,1857727567087;102,78219924001611
11615;1346,1857727401434;102,78219926461139
11616;1346,185772723141;102,78219928921744
11617;1346,1857727057047;102,78219931383383
11618;1346,1857726878366;102,78219933846019
11619;1346,1857726695382;102,78219936309611
11620;1346,185772650812;102,7821993877412
11621;1346,1857726316603;102,78219941239507
11622;1346,1857726120854;102,78219943705734
11623;1346,1857725920897;102,78219946172761
11624;1346,185772571675;102,78219948640547
11625;1346,1857725508441;102,78219951109055
11626;1346,1857725295993;102,78219953578248
11627;1346,1857725079424;102,78219956048085
11628;1346,185772485876;102,78219958518525
11629;1346,1857724634026;102,78219960989534
11630;1346,1857724405245;102,78219963461073
11631;1346,185772417244;102,78219965933101
11632;1346,185772393563;102,78219968405583
11633;1346,1857723694845;102,78219970878476
11634;1346,1857723450112;102,78219973351747
11635;1346,1857723201447;102,78219975825354
11636;1346,1857722948873;102,78219978299263
11637;1346,1857722692419;102,78219980773434
11638;1346,1857722432112;102,7821998324783
11639;1346,1857722167972;102,78219985722413
11640;1346,1857721900021;102,78219988197147
11641;1346,1857721628287;102,78219990671991
11642;1346,1857721352794;102,78219993146911
11643;1346,185772107357;102,78219995621868
11644;1346,1857720790638;102,78219998096827
11645;1346,185772050402;102,7822000057175
11646;1346,1857720213739;102,782200030466
11647;1346,1857719919828;102,78220005521341
11648;1346,1857719622308;102,78220007995934
11649;1346,1857719321206;102,78220010470343
11650;1346,1857719016543;102,78220012944534
11651;1346,185771870835;102,7822001541847
11652;1346,1857718396652;102,78220017892113
11653;1346,1857718081476;102,78220020365428
11654;1346,1857717762844;102,78220022838379
11655;1346,1857717440782;102,7822002531093
11656;1346,185771711532;102,78220027783044
11657;1346,1857716786478;102,78220030254687
11658;1346,1857716454288;102,78220032725822
11659;1346,185771611877;102,78220035196414
11660;1346,1857715779954;102,78220037666426
11661;1346,1857715437866;102,78220040135827
11662;1346,1857715092533;102,78220042604579
11663;1346,1857714743985;102,78220045072645
11664;1346,1857714392238;102,78220047539992
11665;1346,1857714037333;102,78220050006585
11666;1346,185771367928;102,7822005247239
11667;1346,1857713318116;102,7822005493737
11668;1346,185771295387;102,78220057401494
11669;1346,1857712586561;102,78220059864722
11670;1346,1857712216222;102,78220062327026
11671;1346,185771184288;102,78220064788366
11672;1346,1857711466557;102,78220067248711
11673;1346,1857711087282;102,78220069708028
11674;1346,1857710705087;102,7822007216628
11675;1346,1857710319994;102,78220074623435
11676;1346,1857709932028;102,7822007707946
11677;1346,1857709541223;102,78220079534319
11678;1346,1857709147603;102,78220081987979
11679;1346,1857708751193;102,78220084440409
11680;1346,1857708352022;102,78220086891572
11681;1346,1857707950119;102,78220089341437
11682;1346,1857707545512;102,78220091789971
11683;1346,1857707138229;102,78220094237142
11684;1346,1857706728292;102,78220096682915
11685;1346,1857706315732;102,78220099127257
11686;1346,1857705900575;102,78220101570138
11687;1346,1857705482855;102,78220104011523
11688;1346,1857705062596;102,78220106451379
11689;1346,1857704639824;102,78220108889677
11690;1346,185770421457;102,78220111326381
11691;1346,1857703786857;102,78220113761462
11692;1346,1857703356716;102,78220116194888
11693;1346,1857702924174;102,78220118626622
11694;1346,1857702489258;102,78220121056638
11695;1346,1857702051993;102,78220123484904
11696;1346,1857701612416;102,78220125911385
11697;1346,185770117055;102,78220128336052
11698;1346,1857700726416;102,78220130758872
11699;1346,1857700280054;102,78220133179815
11700;1346,1857699831485;102,78220135598852
11701;1346,1857699380741;102,78220138015946
11702;1346,1857698927845;102,78220140431073
11703;1346,1857698472825;102,78220142844198
11704;1346,1857698015717;102,78220145255291
11705;1346,1857697556545;102,78220147664324
11706;1346,1857697095334;102,78220150071262
11707;1346,1857696632117;102,78220152476078
11708;1346,1857696166915;102,78220154878741
11709;1346,185769569976;102,78220157279219
11710;1346,185769523068;102,78220159677487
11711;1346,1857694759708;102,7822016207351
11712;1346,1857694286869;102,78220164467263
11713;1346,1857693812183;102,7822016685871
11714;1346,1857693335685;102,78220169247827
11715;1346,18576928574;102,78220171634582
11716;1346,185769237736;102,78220174018948
11717;1346,185769189559;102,78220176400893
11718;1346,1857691412124;102,78220178780388
11719;1346,1857690926981;102,78220181157407
11720;1346,1857690440197;102,7822018353192
11721;1346,1857689951796;102,78220185903896
11722;1346,1857689461806;102,78220188273309
11723;1346,1857688970254;102,7822019064013
11724;1346,185768847717;102,78220193004329
11725;1346,185768798258;102,78220195365878
11726;1346,1857687486518;102,78220197724752
11727;1346,1857686989001;102,7822020008092
11728;1346,1857686490068;102,78220202434355
11729;1346,185768598974;102,7822020478503
11730;1346,1857685488048;102,78220207132915
11731;1346,1857684985018;102,78220209477985
11732;1346,185768448068;102,78220211820211
11733;1346,1857683975059;102,78220214159565
11734;1346,1857683468181;102,78220216496022
11735;1346,185768296008;102,78220218829554
11736;1346,1857682450777;102,78220221160134
11737;1346,185768194031;102,78220223487735
11738;1346,1857681428694;102,78220225812329
11739;1346,1857680915966;102,78220228133891
11740;1346,1857680402147;102,78220230452393
11741;1346,185767988727;102,78220232767814
11742;1346,1857679371358;102,78220235080119
11743;1346,1857678854442;102,78220237389289
11744;1346,1857678336546;102,78220239695294
11745;1346,18576778177;102,78220241998108
11746;1346,1857677297926;102,7822024429771
11747;1346,1857676777258;102,78220246594067
11748;1346,185767625572;102,78220248887159
11749;1346,185767573334;102,78220251176958
11750;1346,1857675210147;102,7822025346344
11751;1346,1857674686164;102,7822025574658
11752;1346,185767416142;102,7822025802635
11753;1346,1857673635946;102,7822026030273
11754;1346,1857673109762;102,7822026257569
11755;1346,1857672582896;102,78220264845207
11756;1346,1857672055378;102,78220267111259
11757;1346,1857671527234;102,7822026937382
11758;1346,1857670998495;102,78220271632861
11759;1346,1857670469178;102,78220273888364
11760;1346,1857669939316;102,78220276140304
11761;1346,1857669408937;102,78220278388655
11762;1346,185766887806;102,78220280633394
11763;1346,1857668346718;102,78220282874494
11764;1346,1857667814932;102,78220285111937
11765;1346,185766728273;102,78220287345694
11766;1346,1857666750147;102,78220289575746
11767;1346,18576662172;102,78220291802067
11768;1346,1857665683915;102,78220294024635
11769;1346,1857665150321;102,78220296243425
11770;1346,1857664616443;102,78220298458417
11771;1346,1857664082306;102,78220300669588
11772;1346,1857663547937;102,78220302876912
11773;1346,1857663013363;102,78220305080369
11774;1346,185766247861;102,78220307279938
11775;1346,1857661943704;102,7822030947559
11776;1346,185766140867;102,7822031166731
11777;1346,1857660873525;102,78220313855073
11778;1346,1857660338303;102,78220316038855
11779;1346,1857659803031;102,78220318218638
11780;1346,1857659267728;102,78220320394396
11781;1346,1857658732422;102,78220322566112
11782;1346,1857658197137;102,78220324733762
11783;1346,18576576619;102,78220326897323
11784;1346,1857657126734;102,78220329056776
11785;1346,185765659167;102,78220331212101
11786;1346,1857656056725;102,78220333363274
11787;1346,1857655521924;102,78220335510277
11788;1346,1857654987296;102,78220337653083
11789;1346,185765445286;102,78220339791677
11790;1346,1857653918648;102,7822034192604
11791;1346,1857653384675;102,78220344056146
11792;1346,1857652850972;102,78220346181978
11793;1346,185765231756;102,78220348303513
11794;1346,1857651784467;102,78220350420736
11795;1346,1857651251717;102,78220352533621
11796;1346,185765071933;102,78220354642153
11797;1346,1857650187333;102,78220356746309
11798;1346,1857649655744;102,7822035884607
11799;1346,1857649124593;102,7822036094142
11800;1346,1857648593898;102,78220363032334
11801;1346,1857648063685;102,78220365118794
11802;1346,1857647533977;102,78220367200784
11803;1346,1857647004801;102,78220369278284
11804;1346,1857646476176;102,78220371351271
11805;1346,1857645948128;102,78220373419732
11806;1346,1857645420678;102,78220375483644
11807;1346,1857644893846;102,7822037754299
11808;1346,1857644367653;102,78220379597754
11809;1346,1857643842131;102,78220381647913
11810;1346,1857643317298;102,78220383693451
11811;1346,1857642793173;102,78220385734352
11812;1346,1857642269786;102,78220387770592
11813;1346,1857641747151;102,78220389802159
11814;1346,185764122529;102,78220391829035
11815;1346,1857640704231;102,78220393851198
11816;1346,1857640183991;102,78220395868635
11817;1346,1857639664597;102,78220397881326
11818;1346,185763914607;102,78220399889253
11819;1346,1857638628424;102,78220401892402
11820;1346,1857638111685;102,78220403890754
11821;1346,1857637595879;102,78220405884291
11822;1346,1857637081023;102,78220407872998
11823;1346,1857636567138;102,78220409856857
11824;1346,1857636054242;102,78220411835854
11825;1346,185763554236;102,78220413809969
11826;1346,1857635031513;102,78220415779188
11827;1346,1857634521718;102,78220417743495
11828;1346,1857634013002;102,7822041970287
11829;1346,1857633505379;102,78220421657304
11830;1346,1857632998872;102,78220423606774
11831;1346,1857632493502;102,7822042555127
11832;1346,1857631989292;102,78220427490771
11833;1346,185763148625;102,78220429425265
11834;1346,185763098441;102,78220431354737
11835;1346,185763048378;102,7822043327917
11836;1346,1857629984386;102,7822043519855
11837;1346,1857629486249;102,7822043711286
11838;1346,1857628989383;102,78220439022087
11839;1346,1857628493813;102,78220440926215
11840;1346,1857627999552;102,7822044282523
11841;1346,1857627506624;102,78220444719115
11842;1346,1857627015047;102,78220446607861
11843;1346,1857626524836;102,78220448491449
11844;1346,1857626036017;102,78220450369867
11845;1346,18576255486;102,78220452243099
11846;1346,185762506261;102,78220454111133
11847;1346,1857624578058;102,78220455973951
11848;1346,1857624094969;102,78220457831544
11849;1346,1857623613362;102,782204596839
11850;1346,1857623133249;102,78220461530996
11851;1346,185762265465;102,78220463372828
11852;1346,1857622177583;102,7822046520938
11853;1346,1857621702065;102,78220467040636
11854;1346,1857621228116;102,78220468866584
11855;1346,1857620755752;102,78220470687216
11856;1346,1857620284984;102,78220472502512
11857;1346,1857619815835;102,78220474312464
11858;1346,1857619348325;102,78220476117056
11859;1346,1857618882464;102,78220477916278
11860;1346,185761841827;102,78220479710117
11861;1346,185761795576;102,7822048149856
11862;1346,1857617494954;102,78220483281595
11863;1346,1857617035866;102,78220485059211
11864;1346,185761657851;102,78220486831395
11865;1346,1857616122898;102,78220488598134
11866;1346,185761566906;102,7822049035942
11867;1346,1857615217;102,78220492115237
11868;1346,1857614766736;102,78220493865578
11869;1346,185761431828;102,78220495610427
11870;1346,1857613871653;102,78220497349777
11871;1346,1857613426869;102,78220499083612
11872;1346,1857612983943;102,78220500811923
11873;1346,1857612542883;102,78220502534703
11874;1346,185761210371;102,78220504251937
11875;1346,185761166644;102,78220505963614
11876;1346,1857611231087;102,78220507669724
11877;1346,1857610797665;102,7822050937026
11878;1346,1857610366185;102,78220511065207
11879;1346,1857609936662;102,78220512754555
11880;1346,1857609509111;102,78220514438297
11881;1346,1857609083547;102,78220516116421
11882;1346,1857608659984;102,78220517788917
11883;1346,185760823843;102,78220519455776
11884;1346,1857607818906;102,78220521116987
11885;1346,1857607401419;102,7822052277254
11886;1346,1857606985986;102,78220524422427
11887;1346,1857606572619;102,7822052606664
11888;1346,1857606161332;102,78220527705166
11889;1346,1857605752125;102,78220529337999
11890;1346,1857605345028;102,78220530965129
11891;1346,1857604940049;102,78220532586546
11892;1346,1857604537195;102,78220534202242
11893;1346,1857604136483;102,78220535812208
11894;1346,1857603737922;102,78220537416436
11895;1346,1857603341525;102,78220539014917
11896;1346,1857602947305;102,78220540607644
11897;1346,1857602555274;102,78220542194605
11898;1346,1857602165442;102,78220543775797
11899;1346,1857601777822;102,78220545351208
11900;1346,185760139242;102,78220546920828
11901;1346,185760100925;102,78220548484657
11902;1346,1857600628323;102,7822055004268
11903;1346,1857600249652;102,78220551594893
11904;1346,185759987324;102,78220553141284
11905;1346,1857599499103;102,78220554681853
11906;1346,1857599127254;102,78220556216588
11907;1346,1857598757701;102,7822055774548
11908;1346,1857598390452;102,78220559268527
11909;1346,185759802552;102,78220560785718
11910;1346,185759766291;102,78220562297048
11911;1346,185759730264;102,78220563802509
11912;1346,1857596944712;102,78220565302097
11913;1346,1857596589136;102,782205667958
11914;1346,1857596235923;102,78220568283615
11915;1346,1857595885078;102,78220569765539
11916;1346,1857595536617;102,78220571241559
11917;1346,1857595190543;102,78220572711673
11918;1346,1857594846867;102,78220574175874
11919;1346,18575945056;102,78220575634155
11920;1346,1857594166747;102,78220577086513
11921;1346,1857593830316;102,7822057853294
11922;1346,1857593496318;102,78220579973431
11923;1346,1857593164757;102,78220581407982
11924;1346,1857592835645;102,78220582836583
11925;1346,1857592508986;102,78220584259232
11926;1346,1857592184795;102,78220585675925
11927;1346,1857591863068;102,78220587086653
11928;1346,1857591543817;102,78220588491413
11929;1346,1857591227051;102,78220589890202
11930;1346,1857590912773;102,78220591283014
11931;1346,1857590600994;102,78220592669842
11932;1346,185759029172;102,78220594050686
11933;1346,1857589984957;102,78220595425535
11934;1346,185758968071;102,7822059679439
11935;1346,185758937899;102,78220598157246
11936;1346,1857589079798;102,78220599514096
11937;1346,1857588783143;102,78220600864938
11938;1346,1857588489027;102,78220602209767
11939;1346,1857588197458;102,78220603548581
11940;1346,185758790844;102,78220604881375
11941;1346,1857587621978;102,78220606208144
11942;1346,1857587338081;102,78220607528888
11943;1346,1857587056759;102,78220608843598
11944;1346,1857586778005;102,78220610152276
11945;1346,1857586501833;102,78220611454917
11946;1346,1857586228243;102,78220612751515
11947;1346,185758595724;102,78220614042071
11948;1346,185758568883;102,78220615326579
11949;1346,1857585423018;102,7822061660504
11950;1346,1857585159805;102,78220617877446
11951;1346,1857584899199;102,78220619143796
11952;1346,1857584641202;102,78220620404089
11953;1346,1857584385816;102,78220621658322
11954;1346,1857584133047;102,78220622906493
11955;1346,1857583882895;102,78220624148598
11956;1346,185758363537;102,78220625384634
11957;1346,185758339047;102,78220626614605
11958;1346,1857583148203;102,782206278385
11959;1346,1857582908567;102,78220629056324
11960;1346,1857582671566;102,7822063026807
11961;1346,1857582437203;102,78220631473742
11962;1346,1857582205485;102,78220632673334
11963;1346,1857581976406;102,78220633866846
11964;1346,1857581749978;102,78220635054278
11965;1346,1857581526199;102,78220636235625
11966;1346,1857581305069;102,78220637410888
11967;1346,1857581086588;102,78220638580065
11968;1346,185758087076;102,78220639743157
11969;1346,185758065759;102,78220640900162
11970;1346,1857580447079;102,78220642051076
11971;1346,1857580239227;102,78220643195903
11972;1346,1857580034034;102,78220644334638
11973;1346,18575798315;102,78220645467285
11974;1346,185757963163;102,78220646593839
11975;1346,185757943442;102,78220647714302
11976;1346,1857579239877;102,78220648828675
11977;1346,1857579047999;102,78220649936954
11978;1346,1857578858785;102,7822065103914
11979;1346,1857578672239;102,78220652135236
11980;1346,1857578488357;102,78220653225239
11981;1346,1857578307145;102,7822065430915
11982;1346,18575781286;102,78220655386967
11983;1346,185757795272;102,78220656458696
11984;1346,18575777795;102,78220657524332
11985;1346,1857577608946;102,78220658583878
11986;1346,185757744106;102,78220659637331
11987;1346,1857577275841;102,782206606847
11988;1346,1857577113283;102,78220661725976
11989;1346,1857576953387;102,78220662761164
11990;1346,1857576796156;102,78220663790268
11991;1346,185757664158;102,78220664813284
11992;1346,1857576489667;102,78220665830216
11993;1346,1857576340415;102,78220666841064
11994;1346,1857576193822;102,78220667845831
11995;1346,185757604988;102,78220668844516
11996;1346,1857575908589;102,78220669837121
11997;1346,1857575769955;102,78220670823649
11998;1346,185757563397;102,78220671804098
11999;1346,1857575500633;102,78220672778475
12000;1346,1857575369945;102,78220673746779
12001;1346,1857575241897;102,78220674709011
12002;1346,1857575116492;102,78220675665176
12003;1346,1857574993721;102,78220676615271
12004;1346,1857574873588;102,78220677559305
12005;1346,1857574756089;102,78220678497273
12006;1346,185757464122;102,78220679429185
12007;1346,185757452898;102,78220680355035
12008;1346,1857574419364;102,78220681274831
12009;1346,1857574312369;102,78220682188577
12010;1346,1857574207993;102,78220683096269
12011;1346,185757410623;102,78220683997914
12012;1346,1857574007083;102,78220684893518
12013;1346,1857573910538;102,78220685783077
12014;1346,1857573816599;102,78220686666599
12015;1346,185757372526;102,78220687544083
12016;1346,1857573636514;102,78220688415537
12017;1346,185757355036;102,78220689280961
12018;1346,1857573466793;102,7822069014036
12019;1346,1857573385817;102,78220690993736
12020;1346,1857573307416;102,78220691841092
12021;1346,185757323159;102,78220692682432
12022;1346,1857573158327;102,78220693517761
12023;1346,1857573087632;102,78220694347081
12024;1346,18575730195;102,78220695170398
12025;1346,185757295392;102,78220695987714
12026;1346,1857572890897;102,78220696799035
12027;1346,1857572830413;102,7822069760436
12028;1346,1857572772471;102,78220698403699
12029;1346,1857572717067;102,78220699197053
12030;1346,1857572664192;102,78220699984428
12031;1346,1857572613837;102,78220700765826
12032;1346,1857572566003;102,78220701541252
12033;1346,1857572520678;102,78220702310713
12034;1346,1857572477861;102,78220703074211
12035;1346,1857572437548;102,78220703831751
12036;1346,1857572399729;102,78220704583339
12037;1346,1857572364397;102,78220705328981
12038;1346,1857572331548;102,78220706068676
12039;1346,1857572301174;102,78220706802435
12040;1346,1857572273266;102,78220707530262
12041;1346,185757224782;102,7822070825216
12042;1346,1857572224833;102,78220708968135
12043;1346,1857572204294;102,78220709678192
12044;1346,18575721862;102,78220710382337
12045;1346,185757217054;102,78220711080573
12046;1346,1857572157307;102,78220711772911
12047;1346,18575721465;102,78220712459351
12048;1346,1857572138106;102,78220713139903
12049;1346,1857572132117;102,78220713814568
12050;1346,185757212853;102,78220714483356
12051;1346,1857572127337;102,78220715146271
12052;1346,1857572128533;102,78220715803317
12053;1346,1857572132108;102,78220716454506
12054;1346,1857572138051;102,78220717099836
12055;1346,1857572146353;102,78220717739319
12056;1346,185757215701;102,7822071837296
12057;1346,1857572170009;102,78220719000763
12058;1346,1857572185347;102,78220719622736
12059;1346,1857572203014;102,78220720238886
12060;1346,1857572223003;102,7822072084922
12061;1346,1857572245306;102,78220721453741
12062;1346,1857572269914;102,78220722052461
12063;1346,185757229682;102,78220722645382
12064;1346,1857572326012;102,78220723232512
12065;1346,1857572357487;102,78220723813858
12066;1346,1857572391232;102,78220724389428
12067;1346,1857572427236;102,78220724959228
12068;1346,1857572465492;102,78220725523265
12069;1346,1857572505992;102,78220726081547
12070;1346,185757254873;102,78220726634079
12071;1346,1857572593694;102,7822072718087
12072;1346,1857572640874;102,78220727721927
12073;1346,1857572690267;102,78220728257257
12074;1346,1857572741856;102,78220728786869
12075;1346,1857572795632;102,78220729310769
12076;1346,1857572851586;102,78220729828965
12077;1346,1857572909717;102,78220730341462
12078;1346,1857572970002;102,78220730848274
12079;1346,1857573032444;102,78220731349401
12080;1346,1857573097027;102,78220731844857
12081;1346,1857573163738;102,78220732334646
12082;1346,1857573232571;102,78220732818778
12083;1346,1857573303514;102,7822073329726
12084;1346,1857573376558;102,78220733770101
12085;1346,1857573451691;102,78220734237307
12086;1346,1857573528905;102,7822073469889
12087;1346,1857573608193;102,78220735154856
12088;1346,185757368954;102,78220735605213
12089;1346,1857573772936;102,78220736049968
12090;1346,1857573858372;102,78220736489133
12091;1346,1857573945845;102,78220736922715
12092;1346,1857574035332;102,7822073735072
12093;1346,1857574126827;102,78220737773161
12094;1346,1857574220323;102,78220738190043
12095;1346,1857574315802;102,7822073860138
12096;1346,1857574413254;102,78220739007172
12097;1346,1857574512676;102,78220739407435
12098;1346,185757461405;102,78220739802177
12099;1346,1857574717371;102,78220740191404
12100;1346,1857574822625;102,78220740575128
12101;1346,18575749298;102,78220740953356
12102;1346,1857575038882;102,78220741326098
12103;1346,1857575149866;102,78220741693364
12104;1346,1857575262736;102,78220742055163
12105;1346,1857575377485;102,78220742411501
12106;1346,1857575494096;102,78220742762394
12107;1346,1857575612567;102,78220743107846
12108;1346,1857575732877;102,78220743447868
12109;1346,1857575855017;102,7822074378247
12110;1346,1857575978977;102,78220744111661
12111;1346,1857576104749;102,7822074443545
12112;1346,1857576232314;102,78220744753848
12113;1346,185757636166;102,78220745066866
12114;1346,185757649278;102,78220745374512
12115;1346,1857576625666;102,78220745676795
12116;1346,18575767603;102,78220745973726
12117;1346,185757689667;102,78220746265316
12118;1346,1857577034766;102,78220746551574
12119;1346,1857577174578;102,78220746832508
12120;1346,185757731609;102,78220747108132
12121;1346,185757745929;102,78220747378454
12122;1346,1857577604171;102,78220747643486
12123;1346,185757775072;102,78220747903235
12124;1346,1857577898925;102,78220748157713
12125;1346,1857578048764;102,78220748406932
12126;1346,1857578200236;102,782207486509
12127;1346,1857578353324;102,78220748889629
12128;1346,1857578508018;102,7822074912313
12129;1346,18575786643;102,78220749351412
12130;1346,1857578822164;102,78220749574486
12131;1346,1857578981596;102,78220749792364
12132;1346,1857579142581;102,78220750005055
12133;1346,1857579305108;102,7822075021257
12134;1346,185757946917;102,78220750414921
12135;1346,1857579634748;102,7822075061212
12136;1346,1857579801826;102,78220750804175
12137;1346,1857579970406;102,78220750991096
12138;1346,1857580140454;102,782207511729
12139;1346,1857580311973;102,78220751349592
12140;1346,185758048495;102,78220751521185
12141;1346,1857580659366;102,78220751687692
12142;1346,1857580835213;102,78220751849122
12143;1346,1857581012475;102,78220752005488
12144;1346,1857581191139;102,782207521568
12145;1346,1857581371196;102,78220752303069
12146;1346,1857581552629;102,78220752444308
12147;1346,1857581735428;102,78220752580528
12148;1346,185758191958;102,78220752711738
12149;1346,185758210507;102,78220752837952
12150;1346,1857582291889;102,78220752959183
12151;1346,1857582480018;102,78220753075438
12152;1346,1857582669447;102,78220753186733
12153;1346,1857582860164;102,78220753293078
12154;1346,1857583052154;102,78220753394484
12155;1346,1857583245408;102,78220753490965
12156;1346,185758343991;102,7822075358253
12157;1346,1857583635647;102,78220753669193
12158;1346,1857583832607;102,78220753750965
12159;1346,1857584030774;102,78220753827858
12160;1346,1857584230138;102,78220753899883
12161;1346,1857584430684;102,78220753967057
12162;1346,1857584632398;102,78220754029384
12163;1346,185758483527;102,78220754086882
12164;1346,1857585039286;102,78220754139561
12165;1346,1857585244431;102,78220754187434
12166;1346,185758545069;102,78220754230514
12167;1346,1857585658056;102,7822075426881
12168;1346,185758586651;102,78220754302338
12169;1346,1857586076046;102,7822075433111
12170;1346,1857586286642;102,78220754355135
12171;1346,1857586498293;102,78220754374428
12172;1346,1857586710978;102,78220754389001
12173;1346,1857586924689;102,78220754398868
12174;1346,185758713941;102,78220754404038
12175;1346,185758735513;102,78220754404526
12176;1346,1857587571835;102,78220754400344
12177;1346,1857587789507;102,78220754391506
12178;1346,1857588008143;102,78220754378025
12179;1346,1857588227717;102,78220754359909
12180;1346,185758844823;102,78220754337175
12181;1346,1857588669657;102,78220754309835
12182;1346,1857588891992;102,78220754277902
12183;1346,1857589115216;102,78220754241389
12184;1346,1857589339318;102,78220754200306
12185;1346,1857589564288;102,7822075415467
12186;1346,1857589790106;102,78220754104491
12187;1346,1857590016764;102,78220754049784
12188;1346,1857590244251;102,78220753990561
12189;1346,1857590472544;102,78220753926834
12190;1346,1857590701638;102,78220753858618
12191;1346,185759093152;102,78220753785926
12192;1346,1857591162172;102,7822075370877
12193;1346,1857591393582;102,78220753627164
12194;1346,1857591625737;102,78220753541122
12195;1346,1857591858625;102,78220753450654
12196;1346,1857592092235;102,78220753355775
12197;1346,1857592326553;102,782207532565
12198;1346,185759256156;102,78220753152841
12199;1346,1857592797246;102,78220753044812
12200;1346,18575930336;102,78220752932424
12201;1346,1857593270604;102,78220752815693
12202;1346,1857593508248;102,78220752694631
12203;1346,185759374652;102,78220752569253
12204;1346,1857593985408;102,78220752439572
12205;1346,1857594224894;102,78220752305599
12206;1346,1857594464968;102,78220752167351
12207;1346,1857594705616;102,7822075202484
12208;1346,1857594946828;102,7822075187808
12209;1346,1857595188587;102,78220751727083
12210;1346,1857595430884;102,78220751571865
12211;1346,1857595673703;102,7822075141244
12212;1346,1857595917027;102,7822075124882
12213;1346,1857596160849;102,78220751081018
12214;1346,1857596405148;102,7822075090905
12215;1346,1857596649922;102,78220750732929
12216;1346,1857596895156;102,78220750552667
12217;1346,1857597140834;102,7822075036828
12218;1346,185759738694;102,78220750179783
12219;1346,1857597633466;102,78220749987187
12220;1346,1857597880396;102,78220749790506
12221;1346,1857598127724;102,78220749589757
12222;1346,185759837543;102,78220749384951
12223;1346,1857598623499;102,78220749176101
12224;1346,1857598871925;102,78220748963226
12225;1346,185759912069;102,78220748746335
12226;1346,1857599369787;102,78220748525446
12227;1346,1857599619202;102,78220748300569
12228;1346,185759986892;102,78220748071723
12229;1346,1857600118929;102,78220747838917
12230;1346,1857600369215;102,78220747602167
12231;1346,1857600619762;102,78220747361489
12232;1346,1857600870565;102,78220747116896
12233;1346,1857601121608;102,78220746868399
12234;1346,1857601372876;102,78220746616017
12235;1346,185760162437;102,78220746359764
12236;1346,185760187606;102,7822074609965
12237;1346,185760212794;102,78220745835694
12238;1346,185760238;102,78220745567909
12239;1346,1857602632224;102,78220745296305
12240;1346,1857602884604;102,78220745020901
12241;1346,1857603137123;102,78220744741712
12242;1346,1857603389772;102,7822074445875
12243;1346,1857603642536;102,78220744172032
12244;1346,1857603895403;102,78220743881566
12245;1346,1857604148365;102,78220743587373
12246;1346,1857604401405;102,78220743289465
12247;1346,1857604654513;102,78220742987857
12248;1346,1857604907677;102,78220742682564
12249;1346,1857605160887;102,78220742373597
12250;1346,185760541413;102,78220742060977
12251;1346,185760566739;102,7822074174471
12252;1346,185760592066;102,78220741424818
12253;1346,1857606173926;102,78220741101312
12254;1346,1857606427175;102,78220740774206
12255;1346,1857606680398;102,78220740443518
12256;1346,1857606933581;102,78220740109259
12257;1346,1857607186712;102,78220739771446
12258;1346,185760743978;102,78220739430093
12259;1346,1857607692773;102,78220739085212
12260;1346,1857607945683;102,78220738736823
12261;1346,1857608198493;102,78220738384935
12262;1346,1857608451196;102,78220738029567
12263;1346,1857608703776;102,7822073767073
12264;1346,1857608956227;102,78220737308445
12265;1346,1857609208535;102,78220736942718
12266;1346,1857609460692;102,7822073657357
12267;1346,1857609712679;102,78220736201013
12268;1346,1857609964488;102,78220735825062
12269;1346,1857610216107;102,78220735445734
12270;1346,1857610467528;102,7822073506304
12271;1346,185761071874;102,78220734676998
12272;1346,1857610969728;102,78220734287622
12273;1346,1857611220485;102,78220733894925
12274;1346,1857611470994;102,78220733498924
12275;1346,1857611721248;102,78220733099634
12276;1346,1857611971238;102,78220732697068
12277;1346,1857612220952;102,7822073229124
12278;1346,1857612470378;102,7822073188217
12279;1346,185761271951;102,78220731469865
12280;1346,1857612968327;102,78220731054347
12281;1346,1857613216823;102,78220730635628
12282;1346,1857613464988;102,78220730213724
12283;1346,1857613712814;102,78220729788646
12284;1346,1857613960292;102,78220729360413
12285;1346,1857614207408;102,7822072892904
12286;1346,1857614454152;102,7822072849454
12287;1346,185761470051;102,78220728056927
12288;1346,1857614946473;102,78220727616217
12289;1346,1857615192032;102,78220727172427
12290;1346,1857615437184;102,78220726725569
12291;1346,1857615681913;102,7822072627566
12292;1346,1857615926206;102,78220725822713
12293;1346,185761617005;102,78220725366745
12294;1346,1857616413442;102,78220724907771
12295;1346,1857616656373;102,78220724445804
12296;1346,1857616898828;102,78220723980859
12297;1346,1857617140802;102,78220723512952
12298;1346,1857617382277;102,78220723042097
12299;1346,185761762325;102,78220722568311
12300;1346,1857617863716;102,78220722091606
12301;1346,1857618103656;102,78220721612001
12302;1346,1857618343065;102,78220721129507
12303;1346,1857618581928;102,78220720644143
12304;1346,1857618820243;102,78220720155919
12305;1346,1857619057998;102,78220719664853
12306;1346,185761929518;102,7822071917096
12307;1346,1857619531786;102,78220718674255
12308;1346,1857619767802;102,78220718174752
12309;1346,1857620003223;102,78220717672467
12310;1346,1857620238036;102,78220717167414
12311;1346,185762047223;102,7822071665961
12312;1346,1857620705805;102,78220716149066
12313;1346,1857620938745;102,78220715635803
12314;1346,185762117104;102,78220715119829
12315;1346,1857621402685;102,78220714601164
12316;1346,185762163367;102,78220714079822
12317;1346,1857621863985;102,78220713555817
12318;1346,1857622093623;102,78220713029165
12319;1346,1857622322577;102,7822071249988
12320;1346,1857622550833;102,78220711967978
12321;1346,1857622778382;102,78220711433474
12322;1346,1857623005224;102,78220710896382
12323;1346,1857623231344;102,78220710356717
12324;1346,1857623456733;102,78220709814495
12325;1346,185762368139;102,7822070926973
12326;1346,1857623905305;102,78220708722439
12327;1346,185762412846;102,78220708172634
12328;1346,1857624350855;102,7822070762033
12329;1346,1857624572485;102,78220707065545
12330;1346,1857624793338;102,78220706508294
12331;1346,1857625013406;102,78220705948587
12332;1346,1857625232683;102,78220705386445
12333;1346,1857625451155;102,7822070482188
12334;1346,185762566882;102,78220704254905
12335;1346,185762588567;102,78220703685538
12336;1346,1857626101694;102,78220703113794
12337;1346,1857626316892;102,78220702539686
12338;1346,1857626531248;102,78220701963231
12339;1346,1857626744759;102,78220701384441
12340;1346,185762695742;102,78220700803335
12341;1346,1857627169215;102,78220700219926
12342;1346,1857627380143;102,78220699634228
12343;1346,1857627590202;102,78220699046254
12344;1346,1857627799377;102,78220698456025
12345;1346,1857628007665;102,78220697863551
12346;1346,1857628215053;102,78220697268847
12347;1346,1857628421542;102,78220696671931
12348;1346,1857628627122;102,78220696072817
12349;1346,1857628831785;102,78220695471516
12350;1346,1857629035526;102,78220694868047
12351;1346,1857629238336;102,78220694262424
12352;1346,1857629440208;102,78220693654661
12353;1346,1857629641142;102,78220693044774
12354;1346,1857629841122;102,78220692432777
12355;1346,1857630040151;102,78220691818684
12356;1346,185763023822;102,78220691202512
12357;1346,1857630435318;102,78220690584274
12358;1346,1857630631441;102,78220689963985
12359;1346,1857630826587;102,7822068934166
12360;1346,1857631020748;102,78220688717315
12361;1346,1857631213913;102,78220688090963
12362;1346,1857631406083;102,78220687462618
12363;1346,185763159725;102,78220686832297
12364;1346,185763178741;102,78220686200015
12365;1346,1857631976548;102,78220685565786
12366;1346,1857632164667;102,78220684929624
12367;1346,1857632351764;102,78220684291543
12368;1346,1857632537826;102,78220683651558
12369;1346,1857632722856;102,78220683009688
12370;1346,1857632906836;102,78220682365942
12371;1346,185763308977;102,78220681720337
12372;1346,185763327165;102,78220681072887
12373;1346,1857633452476;102,78220680423607
12374;1346,1857633632235;102,78220679772511
12375;1346,1857633810928;102,78220679119617
12376;1346,1857633988545;102,78220678464935
12377;1346,1857634165085;102,7822067780848
12378;1346,1857634340538;102,7822067715027
12379;1346,1857634514906;102,78220676490318
12380;1346,1857634688185;102,78220675828638
12381;1346,185763486036;102,78220675165244
12382;1346,1857635031436;102,7822067450015
12383;1346,1857635201404;102,78220673833374
12384;1346,1857635370263;102,78220673164927
12385;1346,1857635538004;102,78220672494825
12386;1346,1857635704625;102,78220671823082
12387;1346,1857635870126;102,78220671149714
12388;1346,18576360345;102,78220670474732
12389;1346,1857636197735;102,78220669798155
12390;1346,185763635984;102,78220669119993
12391;1346,18576365208;102,78220668440262
12392;1346,1857636680618;102,78220667758978
12393;1346,1857636839286;102,78220667076154
12394;1346,1857636996806;102,78220666391803
12395;1346,1857637153164;102,78220665705942
12396;1346,1857637308367;102,78220665018583
12397;1346,1857637462404;102,78220664329741
12398;1346,185763761528;102,78220663639432
12399;1346,1857637766982;102,78220662947668
12400;1346,185763791751;102,78220662254463
12401;1346,1857638066865;102,78220661559835
12402;1346,1857638215038;102,78220660863795
12403;1346,185763836203;102,78220660166356
12404;1346,1857638507831;102,78220659467534
12405;1346,1857638652446;102,78220658767344
12406;1346,1857638795868;102,782206580658
12407;1346,1857638938097;102,78220657362914
12408;1346,1857639079126;102,78220656658702
12409;1346,1857639218956;102,78220655953179
12410;1346,1857639357577;102,78220655246355
12411;1346,1857639494995;102,78220654538248
12412;1346,1857639631203;102,7822065382887
12413;1346,1857639766201;102,78220653118238
12414;1346,1857639899983;102,78220652406361
12415;1346,1857640032551;102,78220651693256
12416;1346,18576401639;102,78220650978938
12417;1346,1857640294031;102,7822065026342
12418;1346,1857640422936;102,78220649546712
12419;1346,1857640550616;102,78220648828834
12420;1346,185764067707;102,78220648109799
12421;1346,1857640802293;102,78220647389617
12422;1346,1857640926285;102,78220646668304
12423;1346,1857641049041;102,78220645945873
12424;1346,1857641170564;102,78220645222342
12425;1346,1857641290849;102,78220644497719
12426;1346,18576414099;102,78220643772019
12427;1346,1857641527702;102,78220643045258
12428;1346,1857641644267;102,78220642317447
12429;1346,1857641759589;102,78220641588607
12430;1346,1857641873664;102,7822064085874
12431;1346,1857641986496;102,78220640127867
12432;1346,1857642098078;102,78220639396001
12433;1346,1857642208413;102,78220638663154
12434;1346,1857642317493;102,78220637929341
12435;1346,1857642425325;102,78220637194576
12436;1346,1857642531907;102,7822063645887
12437;1346,1857642637235;102,78220635722239
12438;1346,1857642741304;102,78220634984694
12439;1346,1857642844122;102,78220634246253
12440;1346,1857642945681;102,78220633506923
12441;1346,1857643045983;102,78220632766724
12442;1346,1857643145033;102,78220632025665
12443;1346,1857643242818;102,7822063128376
12444;1346,1857643339345;102,78220630541023
12445;1346,1857643434614;102,78220629797468
12446;1346,1857643528626;102,78220629053108
12447;1346,1857643621374;102,78220628307956
12448;1346,185764371286;102,78220627562024
12449;1346,1857643803087;102,78220626815326
12450;1346,1857643892051;102,78220626067879
12451;1346,1857643979756;102,78220625319689
12452;1346,18576440662;102,78220624570775
12453;1346,1857644151382;102,78220623821149
12454;1346,1857644235301;102,78220623070823
12455;1346,1857644317963;102,78220622319809
12456;1346,1857644399358;102,78220621568123
12457;1346,1857644479496;102,78220620815775
12458;1346,1857644558372;102,7822062006278
12459;1346,185764463599;102,7822061930915
12460;1346,1857644712347;102,782206185549
12461;1346,185764478744;102,78220617800041
12462;1346,1857644861277;102,78220617044585
12463;1346,1857644933855;102,78220616288546
12464;1346,1857645005173;102,78220615531939
12465;1346,1857645075236;102,78220614774773
12466;1346,1857645144044;102,78220614017064
12467;1346,1857645211592;102,78220613258824
12468;1346,185764527789;102,78220612500064
12469;1346,185764534293;102,78220611740798
12470;1346,1857645406715;102,7822061098104
12471;1346,1857645469252;102,782206102208
12472;1346,1857645530533;102,78220609460091
12473;1346,1857645590567;102,78220608698929
12474;1346,185764564935;102,78220607937322
12475;1346,1857645706884;102,78220607175287
12476;1346,1857645763173;102,78220606412832
12477;1346,185764581822;102,78220605649975
12478;1346,185764587202;102,78220604886722
12479;1346,1857645924574;102,78220604123089
12480;1346,1857645975892;102,7822060335909
12481;1346,1857646025967;102,78220602594735
12482;1346,1857646074807;102,78220601830037
12483;1346,1857646122405;102,78220601065009
12484;1346,1857646168776;102,78220600299662
12485;1346,1857646213912;102,78220599534009
12486;1346,1857646257815;102,78220598768061
12487;1346,1857646300489;102,78220598001835
12488;1346,1857646341937;102,78220597235335
12489;1346,1857646382155;102,78220596468579
12490;1346,1857646421156;102,78220595701579
12491;1346,1857646458936;102,78220594934346
12492;1346,1857646495494;102,78220594166892
12493;1346,1857646530837;102,7822059339923
12494;1346,1857646564963;102,7822059263137
12495;1346,1857646597878;102,78220591863327
12496;1346,1857646629578;102,78220591095109
12497;1346,1857646660076;102,7822059032673
12498;1346,1857646689361;102,78220589558202
12499;1346,1857646717451;102,7822058878954
12500;1346,1857646744334;102,78220588020751
12501;1346,185764677002;102,78220587251847
12502;1346,185764679451;102,78220586482843
12503;1346,185764681781;102,7822058571375
12504;1346,1857646839917;102,78220584944576
12505;1346,1857646860838;102,7822058417534
12506;1346,1857646880571;102,78220583406045
12507;1346,185764689913;102,78220582636709
12508;1346,1857646916503;102,7822058186734
12509;1346,1857646932704;102,78220581097953
12510;1346,1857646947733;102,78220580328556
12511;1346,185764696159;102,78220579559162
12512;1346,1857646974277;102,78220578789784
12513;1346,18576469858;102,78220578020431
12514;1346,1857646996168;102,78220577251116
12515;1346,1857647005374;102,78220576481849
12516;1346,1857647013428;102,78220575712643
12517;1346,185764702033;102,7822057494351
12518;1346,1857647026086;102,78220574174458
12519;1346,1857647030697;102,78220573405501
12520;1346,1857647034165;102,78220572636648
12521;1346,1857647036493;102,78220571867914
12522;1346,1857647037689;102,78220571099305
12523;1346,1857647037755;102,78220570330836
12524;1346,1857647036697;102,78220569562517
12525;1346,1857647034512;102,78220568794359
12526;1346,185764703121;102,78220568026371
12527;1346,185764702679;102,78220567258569
12528;1346,1857647021263;102,7822056649096
12529;1346,1857647014624;102,78220565723555
12530;1346,185764700688;102,78220564956366
12531;1346,1857646998035;102,78220564189407
12532;1346,1857646988094;102,78220563422681
12533;1346,185764697706;102,78220562656207
12534;1346,185764696494;102,78220561889991
12535;1346,1857646951735;102,78220561124046
12536;1346,1857646937444;102,78220560358379
12537;1346,1857646922083;102,78220559593005
12538;1346,1857646905644;102,78220558827933
12539;1346,185764688814;102,78220558063174
12540;1346,185764686957;102,78220557298737
12541;1346,1857646849942;102,78220556534635
12542;1346,1857646829258;102,78220555770876
12543;1346,185764680752;102,78220555007472
12544;1346,1857646784733;102,78220554244434
12545;1346,185764676091;102,7822055348177
12546;1346,1857646736044;102,78220552719495
12547;1346,1857646710148;102,78220551957615
12548;1346,1857646683222;102,7822055119614
12549;1346,1857646655271;102,78220550435083
12550;1346,18576466263;102,78220549674454
12551;1346,185764659631;102,78220548914261
12552;1346,1857646565313;102,78220548154516
12553;1346,1857646533306;102,78220547395229
12554;1346,1857646500303;102,78220546636408
12555;1346,1857646466299;102,78220545878068
12556;1346,1857646431306;102,78220545120213
12557;1346,1857646395322;102,78220544362858
12558;1346,1857646358353;102,7822054360601
12559;1346,185764632041;102,78220542849681
12560;1346,185764628149;102,78220542093877
12561;1346,1857646241608;102,78220541338614
12562;1346,185764620076;102,78220540583895
12563;1346,1857646158958;102,78220539829735
12564;1346,1857646116198;102,78220539076142
12565;1346,185764607249;102,78220538323124
12566;1346,1857646027843;102,78220537570695
12567;1346,1857645982252;102,78220536818861
12568;1346,1857645935734;102,78220536067633
12569;1346,1857645888285;102,7822053531702
12570;1346,1857645839916;102,78220534567032
12571;1346,1857645790628;102,78220533817678
12572;1346,1857645740429;102,78220533068968
12573;1346,1857645689322;102,78220532320911
12574;1346,1857645637317;102,78220531573517
12575;1346,1857645584414;102,78220530826796
12576;1346,1857645530617;102,78220530080755
12577;1346,1857645475936;102,78220529335405
12578;1346,1857645420375;102,78220528590755
12579;1346,1857645363941;102,78220527846815
12580;1346,1857645306636;102,78220527103593
12581;1346,185764524847;102,78220526361099
12582;1346,185764518944;102,78220525619341
12583;1346,1857645129562;102,78220524878328
12584;1346,1857645068833;102,78220524138072
12585;1346,1857645007262;102,78220523398578
12586;1346,185764494486;102,78220522659859
12587;1346,1857644881622;102,7822052192192
12588;1346,1857644817555;102,78220521184772
12589;1346,1857644752677;102,78220520448424
12590;1346,1857644686977;102,78220519712886
12591;1346,1857644620475;102,78220518978164
12592;1346,1857644553168;102,78220518244267
12593;1346,1857644485062;102,78220517511205
12594;1346,1857644416168;102,78220516778988
12595;1346,1857644346487;102,78220516047622
12596;1346,1857644276024;102,78220515317118
12597;1346,1857644204795;102,78220514587483
12598;1346,1857644132792;102,78220513858726
12599;1346,1857644060024;102,78220513130854
12600;1346,1857643986505;102,7822051240388
12601;1346,1857643912233;102,78220511677807
12602;1346,1857643837213;102,78220510952646
12603;1346,185764376146;102,78220510228407
12604;1346,1857643684973;102,78220509505095
12605;1346,1857643607755;102,78220508782721
12606;1346,1857643529818;102,7822050806129
12607;1346,1857643451165;102,78220507340814
12608;1346,18576433718;102,78220506621298
12609;1346,1857643291735;102,78220505902752
12610;1346,1857643210972;102,78220505185185
12611;1346,1857643129515;102,78220504468605
12612;1346,1857643047374;102,78220503753016
12613;1346,1857642964555;102,7822050303843
12614;1346,1857642881062;102,78220502324855
12615;1346,18576427969;102,78220501612299
12616;1346,1857642712077;102,78220500900765
12617;1346,18576426266;102,78220500190267
12618;1346,185764254047;102,7822049948081
12619;1346,1857642453697;102,78220498772403
12620;1346,185764236629;102,78220498065052
12621;1346,1857642278248;102,78220497358767
12622;1346,1857642189584;102,78220496653553
12623;1346,1857642100304;102,78220495949421
12624;1346,1857642010411;102,78220495246374
12625;1346,185764191991;102,78220494544424
12626;1346,1857641828808;102,78220493843575
12627;1346,1857641737115;102,7822049314384
12628;1346,1857641644833;102,78220492445219
12629;1346,1857641551967;102,78220491747726
12630;1346,1857641458528;102,78220491051363
12631;1346,185764136452;102,78220490356142
12632;1346,185764126995;102,78220489662066
12633;1346,1857641174822;102,78220488969147
12634;1346,185764107914;102,78220488277388
12635;1346,1857640982919;102,782204875868
12636;1346,1857640886158;102,78220486897385
12637;1346,1857640788862;102,78220486209156
12638;1346,1857640691044;102,78220485522115
12639;1346,1857640592707;102,78220484836272
12640;1346,1857640493856;102,78220484151635
12641;1346,1857640394499;102,78220483468209
12642;1346,185764029464;102,78220482786
12643;1346,1857640194287;102,78220482105017
12644;1346,1857640093447;102,78220481425267
12645;1346,1857639992124;102,78220480746754
12646;1346,1857639890322;102,78220480069488
12647;1346,185763978805;102,78220479393475
12648;1346,1857639685318;102,7822047871872
12649;1346,1857639582129;102,78220478045233
12650;1346,1857639478492;102,78220477373017
12651;1346,185763937441;102,78220476702079
12652;1346,1857639269888;102,78220476032429
12653;1346,1857639164934;102,7822047536407
12654;1346,1857639059558;102,78220474697011
12655;1346,185763895376;102,78220474031257
12656;1346,185763884755;102,78220473366814
12657;1346,1857638740933;102,78220472703688
12658;1346,1857638633917;102,78220472041887
12659;1346,1857638526508;102,78220471381418
12660;1346,185763841871;102,78220470722287
12661;1346,185763831053;102,78220470064498
12662;1346,185763820197;102,78220469408058
12663;1346,1857638093045;102,78220468752974
12664;1346,1857637983755;102,7822046809925
12665;1346,1857637874114;102,78220467446897
12666;1346,1857637764124;102,78220466795918
12667;1346,1857637653786;102,78220466146318
12668;1346,185763754311;102,78220465498104
12669;1346,1857637432101;102,78220464851283
12670;1346,185763732077;102,78220464205857
12671;1346,185763720912;102,78220463561837
12672;1346,185763709716;102,78220462919226
12673;1346,1857636984892;102,78220462278031
12674;1346,1857636872323;102,78220461638254
12675;1346,1857636759462;102,78220460999908
12676;1346,1857636646312;102,78220460362994
12677;1346,185763653288;102,78220459727514
12678;1346,1857636419172;102,78220459093481
12679;1346,18576363052;102,78220458460899
12680;1346,185763619096;102,7822045782977
12681;1346,1857636076463;102,78220457200102
12682;1346,185763596172;102,782204565719
12683;1346,1857635846727;102,7822045594517
12684;1346,1857635731496;102,78220455319915
12685;1346,1857635616036;102,78220454696142
12686;1346,185763550035;102,78220454073858
12687;1346,1857635384445;102,78220453453066
12688;1346,185763526833;102,78220452833773
12689;1346,1857635152003;102,78220452215983
12690;1346,1857635035476;102,78220451599701
12691;1346,185763491875;102,78220450984932
12692;1346,1857634801838;102,78220450371683
12693;1346,1857634684743;102,78220449759957
12694;1346,1857634567468;102,78220449149758
12695;1346,1857634450023;102,78220448541093
12696;1346,1857634332412;102,78220447933968
12697;1346,1857634214643;102,78220447328388
12698;1346,185763409672;102,78220446724355
12699;1346,1857633978652;102,78220446121875
12700;1346,1857633860443;102,78220445520954
12701;1346,1857633742102;102,78220444921595
12702;1346,1857633623629;102,78220444323804
12703;1346,1857633505035;102,78220443727587
12704;1346,1857633386323;102,78220443132946
12705;1346,1857633267498;102,78220442539887
12706;1346,1857633148568;102,78220441948415
12707;1346,1857633029538;102,7822044135853
12708;1346,1857632910414;102,78220440770247
12709;1346,1857632791205;102,78220440183557
12710;1346,185763267191;102,78220439598476
12711;1346,1857632552544;102,78220439015003
12712;1346,1857632433107;102,78220438433142
12713;1346,1857632313602;102,78220437852899
12714;1346,1857632194042;102,78220437274277
12715;1346,1857632074425;102,78220436697283
12716;1346,1857631954765;102,78220436121919
12717;1346,185763183506;102,78220435548188
12718;1346,185763171532;102,78220434976097
12719;1346,185763159555;102,7822043440565
12720;1346,1857631475762;102,78220433836847
12721;1346,1857631355954;102,78220433269696
12722;1346,1857631236132;102,78220432704201
12723;1346,1857631116304;102,78220432140365
12724;1346,1857630996474;102,78220431578191
12725;1346,1857630876648;102,78220431017684
12726;1346,1857630756833;102,78220430458849
12727;1346,185763063703;102,78220429901687
12728;1346,1857630517252;102,78220429346204
12729;1346,1857630397499;102,78220428792405
12730;1346,185763027778;102,7822042824029
12731;1346,1857630158097;102,78220427689865
12732;1346,1857630038458;102,78220427141133
12733;1346,1857629918863;102,78220426594099
12734;1346,1857629799324;102,78220426048765
12735;1346,1857629679846;102,78220425505135
12736;1346,1857629560432;102,78220424963213
12737;1346,185762944109;102,78220424423002
12738;1346,1857629321823;102,78220423884505
12739;1346,1857629202639;102,78220423347726
12740;1346,185762908354;102,7822042281267
12741;1346,1857628964533;102,78220422279337
12742;1346,1857628845623;102,78220421747733
12743;1346,1857628726812;102,78220421217863
12744;1346,185762860811;102,78220420689725
12745;1346,185762848952;102,78220420163323
12746;1346,1857628371051;102,78220419638666
12747;1346,1857628252703;102,7822041911575
12748;1346,1857628134483;102,78220418594584
12749;1346,1857628016392;102,78220418075166
12750;1346,1857627898441;102,78220417557502
12751;1346,1857627780637;102,78220417041597
12752;1346,1857627662978;102,78220416527448
12753;1346,1857627545473;102,78220416015063
12754;1346,1857627428128;102,78220415504443
12755;1346,1857627310944;102,78220414995592
12756;1346,185762719393;102,78220414488511
12757;1346,1857627077093;102,78220413983203
12758;1346,1857626960434;102,78220413479674
12759;1346,1857626843957;102,78220412977923
12760;1346,185762672767;102,78220412477954
12761;1346,1857626611572;102,7822041197977
12762;1346,1857626495676;102,78220411483373
12763;1346,1857626379974;102,78220410988767
12764;1346,1857626264482;102,78220410495952
12765;1346,1857626149203;102,78220410004933
12766;1346,1857626034143;102,78220409515711
12767;1346,1857625919301;102,78220409028287
12768;1346,1857625804691;102,78220408542668
12769;1346,1857625690313;102,78220408058854
12770;1346,185762557617;102,78220407576846
12771;1346,1857625462262;102,78220407096649
12772;1346,1857625348603;102,78220406618262
12773;1346,185762523519;102,7822040614169
12774;1346,1857625122032;102,78220405666934
12775;1346,185762500913;102,78220405193997
12776;1346,1857624896493;102,7822040472288
12777;1346,1857624784125;102,78220404253587
12778;1346,1857624672027;102,78220403786119
12779;1346,1857624560205;102,78220403320478
12780;1346,1857624448664;102,78220402856665
12781;1346,1857624337406;102,78220402394685
12782;1346,1857624226434;102,78220401934534
12783;1346,1857624115758;102,78220401476221
12784;1346,1857624005377;102,78220401019745
12785;1346,1857623895296;102,78220400565107
12786;1346,185762378553;102,78220400112309
12787;1346,185762367607;102,78220399661355
12788;1346,1857623566923;102,78220399212243
12789;1346,1857623458095;102,78220398764977
12790;1346,1857623349588;102,78220398319561
12791;1346,1857623241408;102,78220397875992
12792;1346,1857623133558;102,78220397434275
12793;1346,1857623026044;102,7822039699441
12794;1346,185762291887;102,782203965564
12795;1346,185762281204;102,78220396120244
12796;1346,185762270555;102,78220395685949
12797;1346,1857622599412;102,7822039525351
12798;1346,1857622493626;102,7822039482293
12799;1346,1857622388202;102,78220394394212
12800;1346,185762228314;102,78220393967358
12801;1346,1857622178445;102,78220393542368
12802;1346,1857622074117;102,78220393119244
12803;1346,185762197016;102,78220392697986
12804;1346,185762186658;102,78220392278597
12805;1346,1857621763381;102,78220391861078
12806;1346,1857621660567;102,78220391445429
12807;1346,1857621558142;102,78220391031651
12808;1346,1857621456106;102,78220390619745
12809;1346,1857621354463;102,78220390209715
12810;1346,1857621253218;102,7822038980156
12811;1346,1857621152378;102,78220389395281
12812;1346,1857621051943;102,78220388990879
12813;1346,1857620951916;102,78220388588356
12814;1346,1857620852302;102,7822038818771
12815;1346,1857620753099;102,78220387788946
12816;1346,1857620654314;102,78220387392062
12817;1346,1857620555952;102,78220386997062
12818;1346,1857620458018;102,78220386603942
12819;1346,185762036051;102,78220386212706
12820;1346,1857620263434;102,78220385823354
12821;1346,185762016679;102,78220385435887
12822;1346,185762007059;102,78220385050307
12823;1346,1857619974833;102,78220384666612
12824;1346,1857619879518;102,78220384284805
12825;1346,1857619784646;102,78220383904886
12826;1346,1857619690227;102,78220383526855
12827;1346,1857619596262;102,78220383150712
12828;1346,1857619502753;102,78220382776458
12829;1346,1857619409705;102,78220382404095
12830;1346,1857619317116;102,7822038203362
12831;1346,1857619224993;102,78220381665038
12832;1346,1857619133334;102,78220381298347
12833;1346,1857619042148;102,78220380933547
12834;1346,1857618951437;102,78220380570639
12835;1346,18576188612;102,78220380209623
12836;1346,1857618771442;102,782203798505
12837;1346,1857618682166;102,7822037949327
12838;1346,1857618593372;102,78220379137932
12839;1346,1857618505064;102,78220378784489
12840;1346,1857618417248;102,78220378432937
12841;1346,1857618329925;102,78220378083279
12842;1346,1857618243098;102,78220377735516
12843;1346,1857618156764;102,78220377389647
12844;1346,185761807093;102,7822037704567
12845;1346,18576179856;102,78220376703588
12846;1346,1857617900775;102,782203763634
12847;1346,1857617816456;102,78220376025106
12848;1346,1857617732644;102,78220375688706
12849;1346,1857617649343;102,78220375354199
12850;1346,1857617566557;102,78220375021586
12851;1346,1857617484288;102,78220374690866
12852;1346,1857617402536;102,7822037436204
12853;1346,18576173213;102,7822037403511
12854;1346,1857617240587;102,78220373710067
12855;1346,1857617160401;102,78220373386921
12856;1346,1857617080743;102,78220373065665
12857;1346,1857617001613;102,78220372746304
12858;1346,1857616923012;102,78220372428832
12859;1346,1857616844945;102,78220372113253
12860;1346,185761676741;102,78220371799566
12861;1346,1857616690418;102,78220371487768
12862;1346,1857616613956;102,78220371177859
12863;1346,1857616538036;102,78220370869843
12864;1346,1857616462662;102,78220370563716
12865;1346,1857616387829;102,78220370259477
12866;1346,1857616313544;102,78220369957126
12867;1346,1857616239806;102,78220369656664
12868;1346,185761616662;102,78220369358087
12869;1346,185761609398;102,78220369061397
12870;1346,1857616021896;102,78220368766593
12871;1346,1857615950364;102,78220368473676
12872;1346,1857615879387;102,7822036818264
12873;1346,185761580897;102,78220367893489
12874;1346,185761573911;102,78220367606222
12875;1346,185761566981;102,78220367320837
12876;1346,1857615601075;102,78220367037333
12877;1346,1857615532904;102,78220366755708
12878;1346,1857615465294;102,78220366475966
12879;1346,185761539825;102,782203661981
12880;1346,1857615331778;102,78220365922114
12881;1346,1857615265874;102,78220365648005
12882;1346,1857615200536;102,7822036537577
12883;1346,1857615135768;102,7822036510541
12884;1346,1857615071578;102,78220364836928
12885;1346,185761500796;102,78220364570316
12886;1346,1857614944915;102,78220364305574
12887;1346,1857614882447;102,78220364042707
12888;1346,1857614820556;102,78220363781708
12889;1346,1857614759242;102,78220363522576
12890;1346,1857614698506;102,78220363265314
12891;1346,1857614638354;102,78220363009915
12892;1346,1857614578782;102,78220362756383
12893;1346,1857614519793;102,78220362504715
12894;1346,1857614461385;102,7822036225491
12895;1346,1857614403561;102,78220362006967
12896;1346,1857614346327;102,78220361760881
12897;1346,1857614289675;102,78220361516655
12898;1346,1857614233606;102,78220361274288
12899;1346,1857614178125;102,78220361033773
12900;1346,1857614123237;102,78220360795115
12901;1346,1857614068938;102,7822036055831
12902;1346,1857614015223;102,78220360323357
12903;1346,18576139621;102,78220360090252
12904;1346,1857613909567;102,78220359858997
12905;1346,1857613857626;102,7822035962959
12906;1346,1857613806276;102,78220359402027
12907;1346,185761375552;102,78220359176309
12908;1346,1857613705354;102,78220358952433
12909;1346,1857613655784;102,78220358730398
12910;1346,1857613606803;102,78220358510202
12911;1346,185761355842;102,78220358291844
12912;1346,185761351063;102,7822035807532
12913;1346,1857613463437;102,78220357860633
12914;1346,1857613416835;102,78220357647777
12915;1346,1857613370835;102,7822035743675
12916;1346,1857613325426;102,78220357227552
12917;1346,185761328061;102,78220357020183
12918;1346,1857613236393;102,78220356814637
12919;1346,1857613192774;102,78220356610916
12920;1346,185761314975;102,78220356409017
12921;1346,1857613107322;102,78220356208938
12922;1346,1857613065492;102,78220356010674
12923;1346,185761302426;102,78220355814229
12924;1346,1857612983626;102,78220355619594
12925;1346,1857612943586;102,78220355426774
12926;1346,1857612904143;102,78220355235761
12927;1346,18576128653;102,78220355046557
12928;1346,1857612827048;102,78220354859158
12929;1346,1857612789395;102,78220354673564
12930;1346,185761275234;102,78220354489771
12931;1346,1857612715883;102,78220354307778
12932;1346,1857612680017;102,78220354127582
12933;1346,1857612644749;102,78220353949182
12934;1346,1857612610077;102,78220353772575
12935;1346,1857612576;102,78220353597759
12936;1346,185761254252;102,7822035342473
12937;1346,185761250963;102,78220353253488
12938;1346,1857612477338;102,78220353084032
12939;1346,1857612445642;102,78220352916354
12940;1346,1857612414535;102,78220352750459
12941;1346,1857612384024;102,7822035258634
12942;1346,1857612354106;102,78220352423996
12943;1346,1857612324782;102,78220352263425
12944;1346,1857612296049;102,78220352104624
12945;1346,1857612267904;102,78220351947591
12946;1346,185761224035;102,78220351792325
12947;1346,1857612213391;102,78220351638818
12948;1346,1857612187018;102,78220351487074
12949;1346,1857612161232;102,78220351337089
12950;1346,1857612136034;102,78220351188857
12951;1346,1857612111426;102,78220351042381
12952;1346,1857612087404;102,78220350897654
12953;1346,185761206397;102,78220350754674
12954;1346,185761204112;102,78220350613441
12955;1346,1857612018855;102,7822035047395
12956;1346,1857611997173;102,782203503362
12957;1346,1857611976075;102,78220350200185
12958;1346,1857611955559;102,78220350065908
12959;1346,1857611935627;102,78220349933362
12960;1346,185761191627;102,78220349802547
12961;1346,1857611897497;102,78220349673458
12962;1346,1857611879298;102,78220349546092
12963;1346,1857611861676;102,78220349420447
12964;1346,1857611844632;102,78220349296521
12965;1346,1857611828166;102,78220349174313
12966;1346,1857611812275;102,78220349053817
12967;1346,1857611796954;102,78220348935031
12968;1346,1857611782207;102,78220348817952
12969;1346,1857611768032;102,78220348702578
12970;1346,1857611754426;102,78220348588906
12971;1346,1857611741386;102,78220348476931
12972;1346,1857611728915;102,78220348366655
12973;1346,1857611717012;102,78220348258071
12974;1346,1857611705675;102,78220348151176
12975;1346,18576116949;102,78220348045967
12976;1346,1857611684688;102,78220347942445
12977;1346,1857611675039;102,78220347840603
12978;1346,1857611665948;102,7822034774044
12979;1346,1857611657413;102,78220347641951
12980;1346,1857611649434;102,78220347545134
12981;1346,1857611642017;102,78220347449987
12982;1346,1857611635155;102,78220347356506
12983;1346,1857611628843;102,78220347264687
12984;1346,185761162308;102,78220347174528
12985;1346,1857611617868;102,78220347086025
12986;1346,185761161321;102,78220346999176
12987;1346,1857611609091;102,78220346913979
12988;1346,185761160552;102,78220346830426
12989;1346,1857611602495;102,7822034674852
12990;1346,1857611600012;102,78220346668253
12991;1346,1857611598068;102,78220346589623
12992;1346,1857611596665;102,78220346512629
12993;1346,18576115958;102,78220346437266
12994;1346,1857611595472;102,7822034636353
12995;1346,1857611595674;102,7822034629142
12996;1346,1857611596408;102,7822034622093
12997;1346,1857611597675;102,78220346152058
12998;1346,185761159947;102,782203460848
12999;1346,1857611601793;102,78220346019154
13000;1346,185761160464;102,78220345955114
13001;1346,185761160801;102,78220345892683
13002;1346,1857611611904;102,78220345831849
13003;1346,185761161632;102,78220345772614
13004;1346,185761162125;102,78220345714975
13005;1346,1857611626695;102,78220345658924
13006;1346,1857611632659;102,78220345604463
13007;1346,1857611639134;102,78220345551584
13008;1346,1857611646121;102,78220345500287
13009;1346,185761165361;102,78220345450568
13010;1346,1857611661608;102,7822034540242
13011;1346,1857611670114;102,78220345355842
13012;1346,1857611679125;102,78220345310831
13013;1346,1857611688633;102,78220345267384
13014;1346,185761169864;102,78220345225496
13015;1346,1857611709142;102,78220345185163
13016;1346,1857611720143;102,78220345146383
13017;1346,1857611731634;102,78220345109152
13018;1346,1857611743612;102,78220345073466
13019;1346,185761175608;102,7822034503932
13020;1346,185761176903;102,78220345006712
13021;1346,1857611782468;102,78220344975637
13022;1346,185761179639;102,78220344946094
13023;1346,185761181079;102,78220344918078
13024;1346,1857611825667;102,78220344891585
13025;1346,1857611841017;102,78220344866611
13026;1346,1857611856842;102,78220344843153
13027;1346,1857611873138;102,78220344821206
13028;1346,18576118899;102,78220344800766
13029;1346,1857611907128;102,78220344781833
13030;1346,185761192482;102,78220344764401
13031;1346,1857611942976;102,78220344748463
13032;1346,1857611961586;102,78220344734018
13033;1346,1857611980658;102,78220344721066
13034;1346,1857612000185;102,78220344709595
13035;1346,1857612020165;102,78220344699608
13036;1346,1857612040594;102,782203446911
13037;1346,185761206147;102,78220344684064
13038;1346,1857612082786;102,78220344678499
13039;1346,185761210455;102,78220344674399
13040;1346,1857612126753;102,78220344671762
13041;1346,1857612149397;102,78220344670582
13042;1346,185761217247;102,78220344670858
13043;1346,1857612195981;102,78220344672584
13044;1346,185761221992;102,78220344675756
13045;1346,1857612244287;102,78220344680372
13046;1346,185761226908;102,78220344686426
13047;1346,1857612294298;102,78220344693916
13048;1346,1857612319934;102,78220344702837
13049;1346,1857612345984;102,7822034471318
13050;1346,1857612372455;102,78220344724951
13051;1346,1857612399338;102,78220344738139
13052;1346,1857612426631;102,78220344752742
13053;1346,1857612454332;102,78220344768756
13054;1346,1857612482436;102,78220344786176
13055;1346,1857612510944;102,78220344804998
13056;1346,1857612539852;102,78220344825222
13057;1346,1857612569158;102,78220344846837
13058;1346,185761259886;102,78220344869844
13059;1346,1857612628949;102,78220344894238
13060;1346,1857612659428;102,78220344920013
13061;1346,1857612690294;102,78220344947167
13062;1346,1857612721549;102,78220344975693
13063;1346,1857612753183;102,7822034500559
13064;1346,1857612785195;102,78220345036856
13065;1346,1857612817582;102,7822034506948
13066;1346,1857612850342;102,78220345103462
13067;1346,185761288347;102,78220345138797
13068;1346,1857612916967;102,78220345175482
13069;1346,1857612950835;102,78220345213512
13070;1346,1857612985061;102,78220345252883
13071;1346,1857613019647;102,7822034529359
13072;1346,1857613054588;102,78220345335629
13073;1346,1857613089883;102,78220345378996
13074;1346,1857613125533;102,78220345423689
13075;1346,185761316153;102,782203454697
13076;1346,1857613197876;102,78220345517028
13077;1346,1857613234556;102,78220345565666
13078;1346,185761327158;102,78220345615611
13079;1346,1857613308941;102,7822034566686
13080;1346,1857613346638;102,78220345719404
13081;1346,1857613384666;102,78220345773244
13082;1346,1857613423024;102,78220345828375
13083;1346,1857613461707;102,7822034588479
13084;1346,185761350071;102,78220345942488
13085;1346,1857613540035;102,78220346001461
13086;1346,1857613579675;102,78220346061708
13087;1346,1857613619634;102,78220346123224
13088;1346,1857613659904;102,78220346186002
13089;1346,185761370048;102,78220346250042
13090;1346,1857613741367;102,78220346315335
13091;1346,1857613782552;102,7822034638188
13092;1346,1857613824038;102,78220346449672
13093;1346,185761386582;102,78220346518705
13094;1346,1857613907898;102,78220346588976
13095;1346,185761395027;102,78220346660481
13096;1346,1857613992927;102,78220346733217
13097;1346,1857614035869;102,78220346807174
13098;1346,1857614079095;102,78220346882352
13099;1346,18576141226;102,78220346958747
13100;1346,1857614166381;102,78220347036354
13101;1346,1857614210437;102,78220347115166
13102;1346,1857614254764;102,78220347195182
13103;1346,185761429936;102,78220347276395
13104;1346,1857614344221;102,78220347358804
13105;1346,1857614389344;102,782203474424
13106;1346,185761443473;102,78220347527181
13107;1346,1857614480368;102,78220347613143
13108;1346,1857614526261;102,78220347700281
13109;1346,1857614572402;102,78220347788591
13110;1346,185761461879;102,78220347878067
13111;1346,1857614665423;102,78220347968706
13112;1346,18576147123;102,78220348060502
13113;1346,1857614759417;102,78220348153451
13114;1346,1857614806765;102,78220348247551
13115;1346,1857614854348;102,78220348342795
13116;1346,1857614902158;102,7822034843918
13117;1346,1857614950197;102,78220348536698
13118;1346,1857614998457;102,78220348635348
13119;1346,1857615046938;102,78220348735124
13120;1346,1857615095641;102,78220348836024
13121;1346,1857615144559;102,78220348938038
13122;1346,185761519369;102,78220349041167
13123;1346,185761524303;102,78220349145406
13124;1346,1857615292574;102,78220349250745
13125;1346,185761534232;102,78220349357186
13126;1346,1857615392266;102,7822034946472
13127;1346,1857615442407;102,78220349573346
13128;1346,185761549274;102,78220349683056
13129;1346,1857615543267;102,78220349793848
13130;1346,1857615593983;102,78220349905716
13131;1346,1857615644883;102,78220350018655
13132;1346,1857615695965;102,78220350132663
13133;1346,1857615747226;102,78220350247733
13134;1346,1857615798665;102,78220350363861
13135;1346,1857615850276;102,78220350481044
13136;1346,1857615902059;102,78220350599274
13137;1346,185761595401;102,7822035071855
13138;1346,1857616006123;102,78220350838865
13139;1346,1857616058398;102,78220350960216
13140;1346,185761611083;102,78220351082597
13141;1346,1857616163418;102,78220351206002
13142;1346,1857616216157;102,78220351330431
13143;1346,1857616269044;102,78220351455876
13144;1346,1857616322081;102,78220351582334
13145;1346,1857616375262;102,782203517098
13146;1346,1857616428583;102,78220351838266
13147;1346,185761648204;102,78220351967734
13148;1346,1857616535638;102,78220352098192
13149;1346,1857616589361;102,78220352229641
13150;1346,1857616643217;102,78220352362075
13151;1346,18576166972;102,7822035249549
13152;1346,1857616751304;102,78220352629877
13153;1346,1857616805528;102,78220352765236
13154;1346,1857616859868;102,78220352901563
13155;1346,1857616914324;102,78220353038847
13156;1346,185761696889;102,78220353177092
13157;1346,1857617023563;102,78220353316287
13158;1346,1857617078344;102,78220353456429
13159;1346,1857617133228;102,78220353597514
13160;1346,185761718821;102,78220353739538
13161;1346,1857617243288;102,78220353882496
13162;1346,1857617298463;102,78220354026381
13163;1346,1857617353726;102,78220354171191
13164;1346,185761740908;102,78220354316919
13165;1346,1857617464518;102,78220354463562
13166;1346,185761752004;102,78220354611118
13167;1346,185761757564;102,78220354759577
13168;1346,1857617631317;102,78220354908937
13169;1346,1857617687067;102,78220355059196
13170;1346,1857617742892;102,78220355210344
13171;1346,1857617798785;102,78220355362379
13172;1346,1857617854741;102,78220355515296
13173;1346,1857617910762;102,7822035566909
13174;1346,1857617966843;102,78220355823758
13175;1346,185761802298;102,78220355979296
13176;1346,1857618079173;102,78220356135694
13177;1346,1857618135414;102,78220356292954
13178;1346,1857618191707;102,78220356451067
13179;1346,185761824804;102,78220356610029
13180;1346,185761830442;102,78220356769837
13181;1346,185761836084;102,78220356930485
13182;1346,18576184173;102,78220357091969
13183;1346,1857618473794;102,78220357254284
13184;1346,1857618530316;102,78220357417425
13185;1346,1857618586869;102,78220357581388
13186;1346,185761864345;102,78220357746167
13187;1346,1857618700055;102,78220357911758
13188;1346,185761875668;102,7822035807816
13189;1346,1857618813324;102,78220358245362
13190;1346,1857618869983;102,78220358413363
13191;1346,1857618926654;102,78220358582158
13192;1346,1857618983336;102,7822035875174
13193;1346,1857619040024;102,78220358922108
13194;1346,1857619096718;102,78220359093257
13195;1346,1857619153413;102,7822035926518
13196;1346,185761921011;102,78220359437874
13197;1346,18576192668;102,78220359611332
13198;1346,1857619323484;102,78220359785553
13199;1346,185761938016;102,7822035996053
13200;1346,1857619436826;102,78220360136258
13201;1346,185761949348;102,78220360312734
13202;1346,1857619550117;102,78220360489952
13203;1346,1857619606735;102,78220360667906
13204;1346,185761966333;102,78220360846598
13205;1346,1857619719904;102,78220361026015
13206;1346,1857619776451;102,78220361206155
13207;1346,1857619832967;102,78220361387017
13208;1346,185761988945;102,78220361568593
13209;1346,18576199459;102,78220361750878
13210;1346,185762000231;102,78220361933869
13211;1346,1857620058684;102,78220362117561
13212;1346,1857620115015;102,7822036230195
13213;1346,1857620171304;102,78220362487029
13214;1346,1857620227545;102,78220362672795
13215;1346,1857620283733;102,78220362859244
13216;1346,1857620339872;102,7822036304637
13217;1346,1857620395954;102,78220363234168
13218;1346,185762045198;102,78220363422636
13219;1346,185762050795;102,78220363611767
13220;1346,1857620563856;102,78220363801557
13221;1346,1857620619696;102,78220363992001
13222;1346,1857620675473;102,78220364183098
13223;1346,1857620731182;102,78220364374837
13224;1346,1857620786816;102,78220364567218
13225;1346,1857620842377;102,78220364760234
13226;1346,185762089786;102,78220364953884
13227;1346,1857620953267;102,78220365148161
13228;1346,1857621008592;102,78220365343057
13229;1346,1857621063832;102,78220365538573
13230;1346,185762111899;102,78220365734703
13231;1346,1857621174058;102,7822036593144
13232;1346,1857621229037;102,78220366128782
13233;1346,1857621283923;102,78220366326721
13234;1346,1857621338718;102,7822036652526
13235;1346,1857621393413;102,78220366724385
13236;1346,185762144801;102,78220366924096
13237;1346,1857621502504;102,78220367124389
13238;1346,1857621556896;102,7822036732526
13239;1346,1857621611186;102,78220367526701
13240;1346,1857621665365;102,7822036772871
13241;1346,1857621719432;102,78220367931284
13242;1346,1857621773388;102,78220368134413
13243;1346,185762182723;102,78220368338098
13244;1346,1857621880956;102,78220368542333
13245;1346,185762193456;102,78220368747111
13246;1346,1857621988045;102,78220368952431
13247;1346,185762204141;102,78220369158285
13248;1346,1857622094644;102,78220369364671
13249;1346,1857622147754;102,78220369571585
13250;1346,185762220073;102,78220369779021
13251;1346,1857622253576;102,78220369986974
13252;1346,185762230629;102,78220370195442
13253;1346,1857622358868;102,78220370404415
13254;1346,1857622411308;102,78220370613896
13255;1346,1857622463608;102,78220370823873
13256;1346,185762251577;102,78220371034348
13257;1346,1857622567788;102,78220371245314
13258;1346,185762261966;102,78220371456764
13259;1346,1857622671382;102,78220371668701
13260;1346,1857622722957;102,7822037188111
13261;1346,1857622774382;102,78220372093995
13262;1346,185762282565;102,78220372307347
13263;1346,1857622876767;102,78220372521164
13264;1346,185762292772;102,78220372735439
13265;1346,1857622978516;102,7822037295017
13266;1346,1857623029152;102,78220373165352
13267;1346,1857623079625;102,78220373380981
13268;1346,1857623129933;102,78220373597053
13269;1346,1857623180076;102,7822037381356
13270;1346,1857623230048;102,78220374030501
13271;1346,1857623279852;102,7822037424787
13272;1346,1857623329488;102,78220374465666
13273;1346,1857623378946;102,78220374683877
13274;1346,1857623428232;102,78220374902507
13275;1346,1857623477338;102,78220375121546
13276;1346,1857623526266;102,78220375340995
13277;1346,185762357501;102,78220375560845
13278;1346,1857623623575;102,7822037578109
13279;1346,1857623671954;102,78220376001732
13280;1346,1857623720143;102,78220376222764
13281;1346,1857623768149;102,78220376444177
13282;1346,1857623815965;102,78220376665973
13283;1346,1857623863593;102,78220376888144
13284;1346,185762391103;102,78220377110688
13285;1346,1857623958272;102,78220377333601
13286;1346,1857624005318;102,78220377556876
13287;1346,1857624052168;102,78220377780508
13288;1346,1857624098816;102,78220378004497
13289;1346,185762414526;102,78220378228833
13290;1346,1857624191505;102,7822037845352
13291;1346,1857624237546;102,78220378678546
13292;1346,185762428338;102,78220378903909
13293;1346,1857624329014;102,78220379129607
13294;1346,1857624374438;102,78220379355632
13295;1346,1857624419654;102,78220379581983
13296;1346,185762446466;102,78220379808653
13297;1346,1857624509453;102,78220380035641
13298;1346,1857624554032;102,78220380262941
13299;1346,1857624598395;102,78220380490546
13300;1346,185762464254;102,78220380718459
13301;1346,1857624686468;102,78220380946668
13302;1346,1857624730178;102,78220381175171
13303;1346,1857624773666;102,78220381403968
13304;1346,185762481693;102,7822038163305
13305;1346,1857624859974;102,78220381862413
13306;1346,1857624902798;102,78220382092057
13307;1346,185762494539;102,78220382321972
13308;1346,1857624987756;102,7822038255216
13309;1346,1857625029895;102,78220382782612
13310;1346,1857625071802;102,78220383013327
13311;1346,185762511348;102,78220383244296
13312;1346,1857625154923;102,78220383475522
13313;1346,1857625196135;102,78220383706994
13314;1346,1857625237112;102,78220383938715
13315;1346,1857625277853;102,78220384170673
13316;1346,1857625318362;102,78220384402871
13317;1346,185762535863;102,782203846353
13318;1346,185762539866;102,78220384867957
13319;1346,185762543845;102,78220385100839
13320;1346,1857625477996;102,78220385333942
13321;1346,1857625517298;102,7822038556726
13322;1346,185762555636;102,78220385800792
13323;1346,1857625595176;102,78220386034529
13324;1346,1857625633747;102,78220386268474
13325;1346,1857625672071;102,78220386502616
13326;1346,1857625710147;102,78220386736957
13327;1346,1857625747975;102,78220386971489
13328;1346,1857625785556;102,78220387206208
13329;1346,185762582288;102,78220387441112
13330;1346,1857625859955;102,78220387676194
13331;1346,1857625896776;102,78220387911453
13332;1346,1857625933346;102,78220388146886
13333;1346,185762596966;102,78220388382486
13334;1346,1857626005724;102,7822038861825
13335;1346,1857626041533;102,78220388854174
13336;1346,185762607708;102,78220389090254
13337;1346,1857626112374;102,78220389326485
13338;1346,1857626147405;102,78220389562865
13339;1346,185762618218;102,7822038979939
13340;1346,1857626216693;102,78220390036056
13341;1346,1857626250942;102,78220390272858
13342;1346,1857626284932;102,78220390509792
13343;1346,1857626318663;102,78220390746854
13344;1346,1857626352128;102,78220390984043
13345;1346,1857626385327;102,78220391221352
13346;1346,1857626418264;102,78220391458778
13347;1346,1857626450935;102,78220391696317
13348;1346,1857626483336;102,78220391933965
13349;1346,1857626515473;102,78220392171718
13350;1346,1857626547342;102,78220392409574
13351;1346,1857626578947;102,78220392647528
13352;1346,1857626610279;102,78220392885575
13353;1346,185762664134;102,78220393123712
13354;1346,1857626672136;102,78220393361937
13355;1346,1857626702658;102,78220393600245
13356;1346,185762673291;102,78220393838629
13357;1346,185762676289;102,78220394077088
13358;1346,1857626792594;102,7822039431562
13359;1346,185762682203;102,78220394554221
13360;1346,1857626851192;102,78220394792885
13361;1346,185762688008;102,78220395031607
13362;1346,1857626908695;102,78220395270387
13363;1346,1857626937035;102,78220395509219
13364;1346,1857626965095;102,78220395748102
13365;1346,185762699288;102,78220395987026
13366;1346,1857627020393;102,78220396225994
13367;1346,185762704763;102,78220396465002
13368;1346,185762707459;102,7822039670404
13369;1346,1857627101272;102,78220396943111
13370;1346,1857627127679;102,7822039718221
13371;1346,1857627153806;102,7822039742133
13372;1346,1857627179652;102,78220397660469
13373;1346,1857627205222;102,78220397899626
13374;1346,185762723051;102,78220398138794
13375;1346,185762725552;102,7822039837797
13376;1346,185762728025;102,78220398617152
13377;1346,1857627304703;102,78220398856337
13378;1346,1857627328877;102,78220399095518
13379;1346,185762735277;102,78220399334695
13380;1346,185762737638;102,78220399573863
13381;1346,185762739971;102,78220399813017
13382;1346,185762742276;102,78220400052155
13383;1346,1857627445524;102,78220400291274
13384;1346,1857627468012;102,78220400530368
13385;1346,1857627490217;102,78220400769436
13386;1346,1857627512143;102,78220401008475
13387;1346,1857627533784;102,78220401247479
13388;1346,1857627555144;102,78220401486448
13389;1346,1857627576221;102,78220401725372
13390;1346,1857627597017;102,78220401964255
13391;1346,1857627617528;102,78220402203091
13392;1346,1857627637762;102,78220402441875
13393;1346,1857627657712;102,78220402680601
13394;1346,185762767738;102,78220402919274
13395;1346,1857627696766;102,78220403157883
13396;1346,1857627715865;102,78220403396428
13397;1346,1857627734685;102,78220403634906
13398;1346,185762775322;102,7822040387331
13399;1346,1857627771474;102,7822040411164
13400;1346,1857627789445;102,78220404349894
13401;1346,1857627807135;102,78220404588065
13402;1346,1857627824543;102,78220404826149
13403;1346,1857627841669;102,78220405064147
13404;1346,185762785851;102,78220405302054
13405;1346,185762787507;102,78220405539865
13406;1346,1857627891352;102,78220405777577
13407;1346,185762790735;102,7822040601519
13408;1346,1857627923068;102,78220406252697
13409;1346,1857627938507;102,78220406490095
13410;1346,1857627953664;102,78220406727382
13411;1346,1857627968539;102,78220406964557
13412;1346,1857627983131;102,78220407201613
13413;1346,1857627997442;102,78220407438546
13414;1346,1857628011473;102,78220407675357
13415;1346,1857628025225;102,7822040791204
13416;1346,1857628038697;102,78220408148593
13417;1346,1857628051891;102,78220408385012
13418;1346,1857628064806;102,78220408621293
13419;1346,1857628077441;102,78220408857435
13420;1346,1857628089797;102,78220409093434
13421;1346,185762810187;102,78220409329286
13422;1346,1857628113667;102,78220409564989
13423;1346,1857628125185;102,78220409800541
13424;1346,185762813643;102,78220410035934
13425;1346,1857628147395;102,7822041027117
13426;1346,1857628158084;102,78220410506245
13427;1346,1857628168495;102,78220410741152
13428;1346,1857628178634;102,78220410975894
13429;1346,1857628188493;102,78220411210464
13430;1346,1857628198077;102,78220411444859
13431;1346,1857628207385;102,78220411679078
13432;1346,185762821642;102,78220411913115
13433;1346,1857628225184;102,7822041214697
13434;1346,1857628233672;102,7822041238064
13435;1346,1857628241892;102,7822041261412
13436;1346,1857628249836;102,78220412847408
13437;1346,1857628257505;102,782204130805
13438;1346,1857628264904;102,78220413313394
13439;1346,1857628272035;102,78220413546089
13440;1346,1857628278892;102,78220413778577
13441;1346,1857628285484;102,7822041401086
13442;1346,1857628291805;102,78220414242932
13443;1346,1857628297855;102,78220414474792
13444;1346,1857628303642;102,78220414706439
13445;1346,1857628309158;102,78220414937864
13446;1346,1857628314406;102,78220415169069
13447;1346,1857628319385;102,78220415400051
13448;1346,18576283241;102,78220415630803
13449;1346,185762832855;102,78220415861327
13450;1346,1857628332739;102,7822041609162
13451;1346,1857628336659;102,78220416321675
13452;1346,1857628340317;102,78220416551491
13453;1346,1857628343716;102,78220416781068
13454;1346,1857628346847;102,78220417010401
13455;1346,185762834972;102,78220417239486
13456;1346,185762835233;102,78220417468323
13457;1346,1857628354678;102,78220417696906
13458;1346,1857628356772;102,78220417925235
13459;1346,1857628358607;102,78220418153306
13460;1346,1857628360185;102,78220418381117
13461;1346,1857628361504;102,78220418608667
13462;1346,1857628362568;102,78220418835949
13463;1346,1857628363375;102,78220419062963
13464;1346,1857628363925;102,78220419289707
13465;1346,1857628364223;102,78220419516175
13466;1346,1857628364264;102,7822041974237
13467;1346,1857628364057;102,78220419968282
13468;1346,18576283636;102,78220420193917
13469;1346,1857628362893;102,78220420419265
13470;1346,1857628361936;102,78220420644324
13471;1346,185762836073;102,78220420869097
13472;1346,1857628359273;102,78220421093577
13473;1346,1857628357568;102,78220421317764
13474;1346,185762835562;102,78220421541651
13475;1346,1857628353423;102,78220421765239
13476;1346,185762835098;102,78220421988526
13477;1346,1857628348296;102,78220422211507
13478;1346,1857628345367;102,78220422434183
13479;1346,1857628342195;102,78220422656547
13480;1346,185762833879;102,782204228786
13481;1346,1857628335138;102,78220423100338
13482;1346,1857628331245;102,78220423321757
13483;1346,1857628327116;102,7822042354286
13484;1346,185762832275;102,78220423763638
13485;1346,1857628318146;102,78220423984094
13486;1346,185762831331;102,78220424204221
13487;1346,185762830824;102,78220424424019
13488;1346,1857628302935;102,78220424643487
13489;1346,18576282974;102,7822042486262
13490;1346,185762829163;102,78220425081415
13491;1346,185762828563;102,78220425299871
13492;1346,1857628279397;102,78220425517988
13493;1346,185762827294;102,7822042573576
13494;1346,1857628266255;102,78220425953187
13495;1346,1857628259343;102,78220426170266
13496;1346,1857628252203;102,78220426386993
13497;1346,1857628244843;102,78220426603369
13498;1346,185762823726;102,7822042681939
13499;1346,1857628229457;102,78220427035052
13500;1346,1857628221428;102,78220427250358
13501;1346,185762821318;102,78220427465297
13502;1346,185762820471;102,78220427679877
13503;1346,1857628196024;102,78220427894088
13504;1346,1857628187122;102,7822042810793
13505;1346,1857628178004;102,78220428321403
13506;1346,1857628168675;102,78220428534502
13507;1346,185762815913;102,78220428747225
13508;1346,185762814937;102,78220428959573
13509;1346,1857628139403;102,7822042917154
13510;1346,1857628129223;102,78220429383127
13511;1346,1857628118835;102,78220429594329
13512;1346,1857628108237;102,78220429805144
13513;1346,1857628097434;102,78220430015575
13514;1346,1857628086425;102,78220430225612
13515;1346,185762807521;102,78220430435259
13516;1346,1857628063794;102,78220430644512
13517;1346,1857628052178;102,7822043085337
13518;1346,185762804036;102,78220431061827
13519;1346,1857628028342;102,78220431269884
13520;1346,1857628016128;102,7822043147754
13521;1346,1857628003718;102,7822043168479
13522;1346,1857627991112;102,78220431891636
13523;1346,1857627978309;102,78220432098072
13524;1346,185762796531;102,78220432304097
13525;1346,185762795212;102,78220432509711
13526;1346,1857627938737;102,78220432714912
13527;1346,1857627925165;102,78220432919694
13528;1346,1857627911406;102,78220433124058
13529;1346,185762789746;102,78220433328002
13530;1346,1857627883328;102,78220433531527
13531;1346,1857627869013;102,78220433734626
13532;1346,185762785451;102,78220433937298
13533;1346,1857627839825;102,78220434139544
13534;1346,1857627824957;102,7822043434136
13535;1346,185762780991;102,78220434542746
13536;1346,1857627794684;102,78220434743695
13537;1346,1857627779282;102,78220434944213
13538;1346,1857627763702;102,7822043514429
13539;1346,1857627747947;102,78220435343933
13540;1346,185762773202;102,7822043554313
13541;1346,1857627715924;102,78220435741888
13542;1346,1857627699655;102,78220435940203
13543;1346,185762768322;102,7822043613807
13544;1346,1857627666616;102,78220436335491
13545;1346,1857627649842;102,78220436532462
13546;1346,1857627632908;102,78220436728981
13547;1346,1857627615805;102,78220436925048
13548;1346,1857627598538;102,78220437120662
13549;1346,1857627581112;102,78220437315817
13550;1346,1857627563525;102,78220437510515
13551;1346,185762754578;102,78220437704753
13552;1346,1857627527875;102,78220437898531
13553;1346,1857627509814;102,78220438091846
13554;1346,18576274916;102,78220438284696
13555;1346,185762747323;102,78220438477081
13556;1346,185762745471;102,78220438668995
13557;1346,1857627436038;102,78220438860443
13558;1346,1857627417216;102,78220439051418
13559;1346,1857627398247;102,7822043924192
13560;1346,1857627379131;102,78220439431949
13561;1346,185762735987;102,78220439621502
13562;1346,1857627340464;102,78220439810578
13563;1346,1857627320915;102,78220439999176
13564;1346,1857627301224;102,78220440187292
13565;1346,1857627281395;102,78220440374928
13566;1346,1857627261425;102,78220440562079
13567;1346,1857627241318;102,78220440748746
13568;1346,1857627221075;102,78220440934926
13569;1346,1857627200695;102,7822044112062
13570;1346,1857627180184;102,78220441305824
13571;1346,1857627159543;102,78220441490535
13572;1346,185762713877;102,78220441674756
13573;1346,185762711787;102,78220441858484
13574;1346,1857627096842;102,78220442041716
13575;1346,1857627075688;102,7822044222445
13576;1346,185762705441;102,78220442406688
13577;1346,1857627033005;102,78220442588427
13578;1346,185762701148;102,78220442769666
13579;1346,1857626989836;102,78220442950402
13580;1346,1857626968067;102,78220443130635
13581;1346,1857626946185;102,78220443310364
13582;1346,1857626924184;102,78220443489587
13583;1346,185762690207;102,78220443668302
13584;1346,185762687984;102,78220443846509
13585;1346,18576268575;102,78220444024205
13586;1346,185762683505;102,7822044420139
13587;1346,1857626812487;102,78220444378064
13588;1346,1857626789817;102,78220444554225
13589;1346,1857626767041;102,7822044472987
13590;1346,1857626744163;102,78220444905
13591;1346,185762672118;102,78220445079612
13592;1346,1857626698097;102,78220445253704
13593;1346,1857626674912;102,78220445427279
13594;1346,1857626651627;102,78220445600331
13595;1346,1857626628243;102,7822044577286
13596;1346,185762660476;102,78220445944868
13597;1346,1857626581184;102,7822044611635
13598;1346,1857626557512;102,78220446287308
13599;1346,1857626533747;102,78220446457736
13600;1346,1857626509893;102,7822044662764
13601;1346,1857626485944;102,78220446797013
13602;1346,1857626461908;102,78220446965855
13603;1346,1857626437786;102,78220447134167
13604;1346,185762641358;102,78220447301946
13605;1346,185762638929;102,78220447469194
13606;1346,1857626364915;102,78220447635906
13607;1346,1857626340461;102,78220447802082
13608;1346,1857626315928;102,78220447967723
13609;1346,1857626291312;102,78220448132824
13610;1346,185762626662;102,78220448297388
13611;1346,1857626241854;102,78220448461414
13612;1346,1857626217013;102,78220448624897
13613;1346,18576261921;102,7822044878784
13614;1346,1857626167116;102,78220448950239
13615;1346,1857626142062;102,78220449112095
13616;1346,1857626116941;102,78220449273408
13617;1346,1857626091753;102,78220449434174
13618;1346,1857626066499;102,78220449594396
13619;1346,1857626041178;102,78220449754066
13620;1346,1857626015792;102,78220449913192
13621;1346,1857625990347;102,78220450071768
13622;1346,185762596484;102,78220450229794
13623;1346,1857625939274;102,78220450387269
13624;1346,1857625913651;102,78220450544191
13625;1346,1857625887974;102,78220450700563
13626;1346,1857625862237;102,78220450856381
13627;1346,1857625836449;102,78220451011643
13628;1346,1857625810608;102,78220451166352
13629;1346,1857625784721;102,78220451320504
13630;1346,1857625758782;102,782204514741
13631;1346,1857625732796;102,78220451627139
13632;1346,1857625706762;102,78220451779619
13633;1346,1857625680682;102,78220451931539
13634;1346,1857625654557;102,782204520829
13635;1346,1857625628393;102,782204522337
13636;1346,1857625602183;102,7822045238394
13637;1346,1857625575933;102,78220452533617
13638;1346,1857625549646;102,78220452682731
13639;1346,1857625523323;102,78220452831283
13640;1346,1857625496964;102,78220452979271
13641;1346,185762547057;102,78220453126691
13642;1346,1857625444143;102,78220453273548
13643;1346,1857625417683;102,78220453419839
13644;1346,1857625391194;102,78220453565562
13645;1346,1857625364678;102,78220453710718
13646;1346,1857625338132;102,78220453855306
13647;1346,185762531156;102,78220453999323
13648;1346,185762528496;102,78220454142773
13649;1346,185762525834;102,78220454285653
13650;1346,1857625231696;102,78220454427961
13651;1346,185762520503;102,782204545697
13652;1346,1857625178345;102,78220454710865
13653;1346,1857625151642;102,7822045485146
13654;1346,1857625124924;102,78220454991481
13655;1346,1857625098187;102,78220455130928
13656;1346,1857625071439;102,782204552698
13657;1346,1857625044674;102,782204554081
13658;1346,1857625017901;102,78220455545822
13659;1346,1857624991114;102,78220455682971
13660;1346,1857624964318;102,78220455819543
13661;1346,1857624937516;102,7822045595554
13662;1346,1857624910706;102,78220456090956
13663;1346,1857624883892;102,78220456225797
13664;1346,1857624857073;102,7822045636006
13665;1346,185762483025;102,78220456493746
13666;1346,1857624803426;102,7822045662685
13667;1346,18576247766;102,78220456759378
13668;1346,1857624749775;102,78220456891326
13669;1346,1857624722954;102,78220457022692
13670;1346,1857624696138;102,78220457153479
13671;1346,1857624669324;102,78220457283683
13672;1346,1857624642516;102,78220457413309
13673;1346,1857624615716;102,7822045754235
13674;1346,1857624588922;102,78220457670811
13675;1346,1857624562138;102,7822045779869
13676;1346,1857624535367;102,78220457925984
13677;1346,1857624508607;102,78220458052697
13678;1346,1857624481859;102,78220458178825
13679;1346,1857624455126;102,78220458304372
13680;1346,185762442841;102,78220458429332
13681;1346,1857624401712;102,78220458553712
13682;1346,1857624375032;102,78220458677504
13683;1346,185762434837;102,7822045880071
13684;1346,1857624321726;102,78220458923334
13685;1346,1857624295103;102,78220459045372
13686;1346,1857624268503;102,78220459166823
13687;1346,1857624241927;102,7822045928769
13688;1346,1857624215377;102,7822045940797
13689;1346,1857624188851;102,78220459527664
13690;1346,1857624162355;102,78220459646771
13691;1346,185762413589;102,7822045976529
13692;1346,185762410945;102,78220459883224
13693;1346,1857624083043;102,78220460000571
13694;1346,185762405667;102,7822046011733
13695;1346,1857624030326;102,78220460233504
13696;1346,1857624004015;102,78220460349088
13697;1346,1857623977742;102,78220460464084
13698;1346,1857623951505;102,78220460578494
13699;1346,1857623925305;102,78220460692314
13700;1346,1857623899148;102,78220460805548
13701;1346,1857623873032;102,78220460918193
13702;1346,1857623846954;102,7822046103025
13703;1346,1857623820918;102,78220461141719
13704;1346,1857623794926;102,78220461252599
13705;1346,1857623768979;102,78220461362889
13706;1346,1857623743078;102,78220461472591
13707;1346,1857623717221;102,78220461581705
13708;1346,1857623691412;102,78220461690232
13709;1346,185762366565;102,78220461798169
13710;1346,1857623639937;102,78220461905516
13711;1346,1857623614276;102,78220462012276
13712;1346,1857623588667;102,78220462118446
13713;1346,1857623563108;102,78220462224029
13714;1346,1857623537603;102,78220462329021
13715;1346,1857623512155;102,78220462433426
13716;1346,1857623486762;102,7822046253724
13717;1346,1857623461424;102,78220462640468
13718;1346,1857623436147;102,78220462743107
13719;1346,1857623410926;102,78220462845157
13720;1346,1857623385765;102,78220462946618
13721;1346,1857623360668;102,7822046304749
13722;1346,185762333563;102,78220463147774
13723;1346,1857623310652;102,7822046324747
13724;1346,185762328574;102,78220463346578
13725;1346,1857623260892;102,78220463445098
13726;1346,1857623236108;102,78220463543029
13727;1346,185762321139;102,78220463640373
13728;1346,1857623186743;102,78220463737131
13729;1346,185762316216;102,78220463833298
13730;1346,1857623137646;102,78220463928878
13731;1346,1857623113203;102,78220464023873
13732;1346,185762308883;102,7822046411828
13733;1346,1857623064532;102,78220464212099
13734;1346,1857623040305;102,78220464305332
13735;1346,1857623016153;102,78220464397978
13736;1346,1857622992077;102,78220464490039
13737;1346,1857622968075;102,78220464581511
13738;1346,1857622944149;102,782204646724
13739;1346,1857622920304;102,78220464762703
13740;1346,185762289654;102,78220464852419
13741;1346,1857622872853;102,7822046494155
13742;1346,1857622849245;102,78220465030097
13743;1346,1857622825721;102,78220465118058
13744;1346,1857622802277;102,78220465205435
13745;1346,1857622778914;102,78220465292226
13746;1346,185762275563;102,78220465378435
13747;1346,1857622732437;102,78220465464061
13748;1346,1857622709324;102,78220465549101
13749;1346,18576226863;102,7822046563356
13750;1346,1857622663363;102,78220465717436
13751;1346,1857622640514;102,78220465800729
13752;1346,1857622617754;102,78220465883442
13753;1346,185762259508;102,78220465965569
13754;1346,1857622572495;102,78220466047118
13755;1346,185762255;102,78220466128083
13756;1346,1857622527598;102,7822046620847
13757;1346,1857622505288;102,78220466288275
13758;1346,185762248307;102,782204663675
13759;1346,1857622460946;102,78220466446146
13760;1346,1857622438918;102,78220466524212
13761;1346,1857622416983;102,782204666017
13762;1346,1857622395144;102,78220466678609
13763;1346,1857622373402;102,78220466754938
13764;1346,1857622351756;102,78220466830692
13765;1346,1857622330208;102,78220466905867
13766;1346,185762230876;102,78220466980467
13767;1346,1857622287414;102,78220467054489
13768;1346,1857622266166;102,78220467127936
13769;1346,1857622245018;102,78220467200806
13770;1346,1857622223972;102,78220467273103
13771;1346,1857622203029;102,78220467344825
13772;1346,1857622182188;102,78220467415971
13773;1346,185762216145;102,78220467486545
13774;1346,1857622140817;102,78220467556547
13775;1346,185762212029;102,78220467625975
13776;1346,1857622099867;102,78220467694833
13777;1346,1857622079547;102,78220467763117
13778;1346,1857622059333;102,78220467830829
13779;1346,1857622039229;102,78220467897972
13780;1346,1857622019231;102,78220467964545
13781;1346,1857621999343;102,7822046803055
13782;1346,1857621979564;102,78220468095984
13783;1346,1857621959891;102,7822046816085
13784;1346,185762194033;102,78220468225149
13785;1346,185762192088;102,7822046828888
13786;1346,185762190154;102,78220468352043
13787;1346,1857621882311;102,78220468414644
13788;1346,1857621863196;102,78220468476675
13789;1346,1857621844197;102,78220468538144
13790;1346,1857621825309;102,78220468599048
13791;1346,1857621806535;102,78220468659389
13792;1346,1857621787874;102,78220468719165
13793;1346,1857621769327;102,78220468778382
13794;1346,1857621750898;102,78220468837034
13795;1346,1857621732586;102,78220468895127
13796;1346,185762171439;102,78220468952655
13797;1346,1857621696306;102,78220469009626
13798;1346,1857621678341;102,78220469066041
13799;1346,1857621660495;102,78220469121894
13800;1346,1857621642766;102,78220469177188
13801;1346,1857621625156;102,78220469231928
13802;1346,1857621607667;102,7822046928611
13803;1346,1857621590295;102,78220469339736
13804;1346,1857621573045;102,78220469392807
13805;1346,1857621555912;102,78220469445324
13806;1346,1857621538902;102,78220469497286
13807;1346,1857621522017;102,78220469548697
13808;1346,185762150525;102,78220469599555
13809;1346,185762148861;102,78220469649858
13810;1346,1857621472088;102,78220469699613
13811;1346,1857621455692;102,7822046974882
13812;1346,185762143942;102,78220469797475
13813;1346,185762142327;102,78220469845581
13814;1346,1857621407241;102,78220469893142
13815;1346,1857621391339;102,78220469940153
13816;1346,185762137556;102,7822046998662
13817;1346,1857621359907;102,7822047003254
13818;1346,1857621344377;102,78220470077915
13819;1346,1857621328977;102,78220470122747
13820;1346,18576213137;102,78220470167035
13821;1346,185762129855;102,78220470210782
13822;1346,1857621283525;102,78220470253986
13823;1346,185762126863;102,78220470296651
13824;1346,1857621253862;102,78220470338773
13825;1346,1857621239221;102,78220470380359
13826;1346,185762122471;102,78220470421405
13827;1346,1857621210324;102,78220470461915
13828;1346,1857621196068;102,78220470501887
13829;1346,185762118194;102,78220470541325
13830;1346,1857621167942;102,78220470580226
13831;1346,1857621154074;102,78220470618595
13832;1346,1857621140334;102,78220470656429
13833;1346,1857621126724;102,78220470693729
13834;1346,1857621113243;102,78220470730503
13835;1346,185762109989;102,78220470766742
13836;1346,1857621086667;102,78220470802452
13837;1346,1857621073577;102,78220470837636
13838;1346,1857621060617;102,7822047087229
13839;1346,1857621047786;102,78220470906416
13840;1346,1857621035088;102,78220470940018
13841;1346,185762102252;102,78220470973093
13842;1346,1857621010085;102,78220471005646
13843;1346,1857620997785;102,78220471037675
13844;1346,1857620985613;102,78220471069181
13845;1346,1857620973574;102,78220471100167
13846;1346,1857620961669;102,7822047113063
13847;1346,1857620949895;102,78220471160576
13848;1346,1857620938254;102,78220471190002
13849;1346,1857620926744;102,7822047121891
13850;1346,1857620915366;102,78220471247302
13851;1346,185762090412;102,78220471275179
13852;1346,1857620893006;102,7822047130254
13853;1346,1857620882026;102,78220471329388
13854;1346,185762087118;102,78220471355723
13855;1346,1857620860465;102,78220471381545
13856;1346,1857620849883;102,78220471406858
13857;1346,1857620839432;102,78220471431662
13858;1346,1857620829119;102,78220471455954
13859;1346,185762081894;102,7822047147974
13860;1346,1857620808892;102,78220471503022
13861;1346,185762079898;102,78220471525793
13862;1346,18576207892;102,78220471548063
13863;1346,1857620779556;102,78220471569828
13864;1346,1857620770043;102,78220471591091
13865;1346,1857620760663;102,78220471611851
13866;1346,1857620751418;102,78220471632112
13867;1346,1857620742308;102,78220471651872
13868;1346,1857620733329;102,78220471671136
13869;1346,1857620724481;102,782204716899
13870;1346,185762071577;102,7822047170817
13871;1346,1857620707194;102,78220471725943
13872;1346,1857620698747;102,78220471743221
13873;1346,1857620690434;102,78220471760007
13874;1346,1857620682256;102,78220471776301
13875;1346,1857620674211;102,78220471792103
13876;1346,18576206663;102,78220471807417
13877;1346,1857620658523;102,78220471822239
13878;1346,185762065088;102,78220471836576
13879;1346,1857620643373;102,78220471850425
13880;1346,1857620635994;102,7822047186379
13881;1346,185762062875;102,78220471876668
13882;1346,185762062164;102,78220471889064
13883;1346,1857620614664;102,7822047190098
13884;1346,185762060782;102,78220471912412
13885;1346,1857620601106;102,78220471923365
13886;1346,1857620594524;102,78220471933838
13887;1346,1857620588075;102,78220471943835
13888;1346,1857620581757;102,78220471953355
13889;1346,1857620575572;102,78220471962399
13890;1346,185762056952;102,7822047197097
13891;1346,1857620563599;102,78220471979067
13892;1346,1857620557807;102,78220471986691
13893;1346,1857620552153;102,78220471993845
13894;1346,1857620546632;102,7822047200053
13895;1346,1857620541239;102,78220472006745
13896;1346,1857620535977;102,78220472012494
13897;1346,1857620530848;102,78220472017779
13898;1346,185762052585;102,78220472022595
13899;1346,1857620520982;102,78220472026948
13900;1346,1857620516244;102,78220472030841
13901;1346,1857620511635;102,7822047203427
13902;1346,1857620507158;102,78220472037239
13903;1346,1857620502808;102,7822047203975
13904;1346,185762049859;102,78220472041802
13905;1346,18576204945;102,78220472043398
13906;1346,1857620490541;102,78220472044539
13907;1346,1857620486708;102,78220472045226
13908;1346,1857620483006;102,78220472045459
13909;1346,1857620479432;102,78220472045241
13910;1346,1857620475985;102,7822047204457
13911;1346,1857620472667;102,78220472043452
13912;1346,185762046948;102,78220472041886
13913;1346,185762046642;102,78220472039872
13914;1346,185762046349;102,78220472037414
13915;1346,1857620460685;102,7822047203451
13916;1346,1857620458006;102,78220472031163
13917;1346,185762045545;102,78220472027374
13918;1346,1857620453025;102,78220472023146
13919;1346,1857620450726;102,78220472018477
13920;1346,185762044855;102,78220472013369
13921;1346,18576204465;102,78220472007825
13922;1346,1857620444573;102,78220472001847
13923;1346,1857620442772;102,78220471995432
13924;1346,1857620441094;102,78220471988585
13925;1346,1857620439541;102,78220471981305
13926;1346,185762043811;102,78220471973596
13927;1346,1857620436806;102,78220471965456
13928;1346,1857620435624;102,7822047195689
13929;1346,1857620434564;102,78220471947895
13930;1346,1857620433632;102,78220471938477
13931;1346,1857620432818;102,78220471928634
13932;1346,1857620432127;102,78220471918367
13933;1346,1857620431556;102,78220471907679
13934;1346,1857620431108;102,7822047189657
13935;1346,185762043078;102,78220471885042
13936;1346,1857620430571;102,78220471873097
13937;1346,1857620430485;102,78220471860736
13938;1346,1857620430515;102,78220471847959
13939;1346,1857620430665;102,7822047183477
13940;1346,185762043093;102,78220471821166
13941;1346,1857620431317;102,78220471807153
13942;1346,1857620431822;102,78220471792727
13943;1346,1857620432443;102,78220471777894
13944;1346,1857620433182;102,78220471762656
13945;1346,185762043404;102,7822047174701
13946;1346,1857620435014;102,78220471730958
13947;1346,1857620436103;102,78220471714504
13948;1346,1857620437306;102,7822047169765
13949;1346,185762043863;102,78220471680393
13950;1346,1857620440067;102,78220471662738
13951;1346,185762044162;102,78220471644684
13952;1346,1857620443282;102,78220471626236
13953;1346,1857620445057;102,78220471607389
13954;1346,1857620446951;102,78220471588149
13955;1346,1857620448957;102,7822047156852
13956;1346,1857620451071;102,78220471548495
13957;1346,18576204533;102,78220471528083
13958;1346,1857620455637;102,78220471507282
13959;1346,1857620458084;102,78220471486094
13960;1346,1857620460642;102,7822047146452
13961;1346,185762046331;102,78220471442562
13962;1346,185762046609;102,78220471420221
13963;1346,1857620468975;102,78220471397496
13964;1346,185762047197;102,78220471374394
13965;1346,1857620475073;102,78220471350912
13966;1346,1857620478283;102,78220471327052
13967;1346,18576204816;102,78220471302815
13968;1346,1857620485025;102,78220471278206
13969;1346,1857620488556;102,7822047125322
13970;1346,1857620492192;102,78220471227864
13971;1346,1857620495932;102,78220471202137
13972;1346,185762049978;102,7822047117604
13973;1346,1857620503731;102,78220471149577
13974;1346,1857620507783;102,78220471122745
13975;1346,185762051194;102,78220471095548
13976;1346,1857620516196;102,78220471067989
13977;1346,1857620520555;102,78220471040068
13978;1346,1857620525013;102,78220471011784
13979;1346,1857620529574;102,78220470983142
13980;1346,1857620534236;102,7822047095414
13981;1346,1857620538995;102,78220470924784
13982;1346,1857620543851;102,7822047089507
13983;1346,1857620548808;102,78220470865004
13984;1346,1857620553862;102,78220470834583
13985;1346,1857620559017;102,78220470803812
13986;1346,1857620564267;102,78220470772693
13987;1346,1857620569613;102,78220470741223
13988;1346,1857620575054;102,78220470709408
13989;1346,1857620580593;102,78220470677248
13990;1346,1857620586225;102,7822047064474
13991;1346,185762059195;102,78220470611893
13992;1346,1857620597773;102,78220470578704
13993;1346,1857620603687;102,78220470545175
13994;1346,1857620609696;102,78220470511306
13995;1346,1857620615795;102,782204704771
13996;1346,1857620621984;102,7822047044256
13997;1346,1857620628264;102,78220470407685
13998;1346,1857620634637;102,78220470372477
13999;1346,18576206411;102,78220470336939
14000;1346,185762064765;102,78220470301069
14001;1346,185762065429;102,78220470264873
14002;1346,1857620661017;102,78220470228348
14003;1346,1857620667827;102,78220470191498
14004;1346,1857620674723;102,78220470154322
14005;1346,1857620681706;102,78220470116825
14006;1346,1857620688777;102,78220470079006
14007;1346,185762069593;102,78220470040867
14008;1346,1857620703172;102,78220470002411
14009;1346,1857620710493;102,78220469963637
14010;1346,18576207179;102,78220469924547
14011;1346,1857620725389;102,7822046988514
14012;1346,1857620732958;102,78220469845424
14013;1346,1857620740607;102,78220469805395
14014;1346,1857620748335;102,78220469765056
14015;1346,1857620756148;102,7822046972441
14016;1346,1857620764038;102,78220469683455
14017;1346,1857620772007;102,78220469642196
14018;1346,1857620780056;102,78220469600633
14019;1346,1857620788187;102,78220469558767
14020;1346,185762079639;102,78220469516597
14021;1346,185762080467;102,78220469474131
14022;1346,1857620813023;102,78220469431365
14023;1346,1857620821452;102,78220469388303
14024;1346,1857620829956;102,78220469344944
14025;1346,1857620838532;102,78220469301291
14026;1346,1857620847184;102,78220469257346
14027;1346,1857620855906;102,78220469213107
14028;1346,18576208647;102,7822046916858
14029;1346,1857620873566;102,78220469123765
14030;1346,1857620882502;102,78220469078666
14031;1346,1857620891508;102,78220469033279
14032;1346,1857620900585;102,78220468987607
14033;1346,1857620909725;102,78220468941655
14034;1346,1857620918936;102,78220468895421
14035;1346,1857620928213;102,78220468848905
14036;1346,1857620937558;102,78220468802112
14037;1346,1857620946969;102,78220468755045
14038;1346,1857620956446;102,782204687077
14039;1346,1857620965986;102,7822046866008
14040;1346,1857620975588;102,7822046861219
14041;1346,1857620985259;102,7822046856403
14042;1346,1857620994988;102,78220468515597
14043;1346,185762100478;102,78220468466898
14044;1346,1857621014635;102,78220468417933
14045;1346,185762102455;102,78220468368701
14046;1346,1857621034524;102,78220468319208
14047;1346,185762104456;102,78220468269451
14048;1346,1857621054653;102,78220468219433
14049;1346,1857621064803;102,78220468169157
14050;1346,1857621075012;102,78220468118622
14051;1346,1857621085276;102,7822046806783
14052;1346,1857621095598;102,78220468016785
14053;1346,1857621105978;102,78220467965484
14054;1346,1857621116412;102,78220467913933
14055;1346,18576211269;102,78220467862131
14056;1346,1857621137442;102,7822046781008
14057;1346,1857621148035;102,78220467757778
14058;1346,185762115868;102,78220467705233
14059;1346,1857621169377;102,78220467652442
14060;1346,1857621180125;102,78220467599408
14061;1346,1857621190925;102,78220467546132
14062;1346,1857621201773;102,78220467492616
14063;1346,1857621212669;102,7822046743886
14064;1346,1857621223612;102,78220467384867
14065;1346,1857621234606;102,78220467330637
14066;1346,1857621245642;102,78220467276172
14067;1346,1857621256727;102,78220467221476
14068;1346,1857621267857;102,78220467166547
14069;1346,1857621279032;102,78220467111386
14070;1346,1857621290253;102,78220467055996
14071;1346,1857621301515;102,78220467000382
14072;1346,185762131282;102,7822046694454
14073;1346,1857621324168;102,78220466888473
14074;1346,1857621335557;102,78220466832181
14075;1346,1857621346985;102,7822046677567
14076;1346,1857621358456;102,78220466718938
14077;1346,1857621369963;102,78220466661986
14078;1346,185762138151;102,78220466604817
14079;1346,1857621393096;102,78220466547434
14080;1346,1857621404722;102,78220466489834
14081;1346,1857621416382;102,78220466432023
14082;1346,1857621428078;102,78220466373999
14083;1346,185762143981;102,78220466315764
14084;1346,1857621451577;102,78220466257322
14085;1346,1857621463378;102,78220466198671
14086;1346,1857621475215;102,78220466139815
14087;1346,1857621487084;102,78220466080755
14088;1346,185762149898;102,78220466021492
14089;1346,185762151091;102,78220465962026
14090;1346,1857621522872;102,78220465902362
14091;1346,1857621534864;102,78220465842496
14092;1346,1857621546885;102,78220465782435
14093;1346,1857621558936;102,7822046572218
14094;1346,1857621571016;102,78220465661727
14095;1346,1857621583124;102,7822046560108
14096;1346,185762159526;102,78220465540245
14097;1346,185762160742;102,78220465479218
14098;1346,1857621619606;102,78220465418003
14099;1346,1857621631818;102,782204653566
14100;1346,185762164405;102,78220465295011
14101;1346,185762165631;102,78220465233238
14102;1346,1857621668594;102,78220465171282
14103;1346,1857621680897;102,78220465109143
14104;1346,1857621693225;102,78220465046824
14105;1346,1857621705574;102,78220464984328
14106;1346,185762171794;102,78220464921654
14107;1346,1857621730328;102,78220464858802
14108;1346,1857621742733;102,78220464795777
14109;1346,185762175516;102,78220464732578
14110;1346,1857621767601;102,7822046466921
14111;1346,1857621780064;102,78220464605667
14112;1346,185762179254;102,78220464541957
14113;1346,1857621805034;102,7822046447808
14114;1346,1857621817542;102,78220464414038
14115;1346,1857621830068;102,78220464349829
14116;1346,1857621842607;102,78220464285458
14117;1346,185762185516;102,78220464220924
14118;1346,1857621867725;102,7822046415623
14119;1346,1857621880304;102,78220464091378
14120;1346,1857621892893;102,78220464026367
14121;1346,1857621905492;102,78220463961199
14122;1346,1857621918105;102,78220463895877
14123;1346,1857621930726;102,78220463830402
14124;1346,1857621943357;102,78220463764774
14125;1346,1857621955996;102,78220463698995
14126;1346,1857621968643;102,78220463633066
14127;1346,1857621981294;102,7822046356699
14128;1346,1857621993952;102,78220463500767
14129;1346,1857622006619;102,782204634344
14130;1346,185762201929;102,78220463367889
14131;1346,1857622031966;102,78220463301234
14132;1346,1857622044645;102,78220463234439
14133;1346,1857622057328;102,78220463167503
14134;1346,1857622070015;102,78220463100432
14135;1346,1857622082703;102,7822046303322
14136;1346,1857622095392;102,78220462965874
14137;1346,1857622108084;102,78220462898395
14138;1346,1857622120776;102,78220462830782
14139;1346,1857622133468;102,78220462763036
14140;1346,185762214616;102,78220462695161
14141;1346,185762215885;102,78220462627158
14142;1346,1857622171538;102,78220462559028
14143;1346,1857622184223;102,7822046249077
14144;1346,1857622196908;102,7822046242239
14145;1346,1857622209586;102,78220462353883
14146;1346,1857622222262;102,78220462285257
14147;1346,1857622234932;102,7822046221651
14148;1346,1857622247599;102,78220462147644
14149;1346,1857622260256;102,78220462078659
14150;1346,185762227291;102,78220462009557
14151;1346,1857622285556;102,7822046194034
14152;1346,1857622298196;102,78220461871011
14153;1346,1857622310827;102,78220461801568
14154;1346,1857622323448;102,78220461732013
14155;1346,185762233606;102,7822046166235
14156;1346,1857622348664;102,78220461592578
14157;1346,1857622361256;102,78220461522699
14158;1346,1857622373834;102,78220461452713
14159;1346,18576223864;102,78220461382624
14160;1346,185762239896;102,78220461312429
14161;1346,18576224115;102,78220461242135
14162;1346,1857622424031;102,78220461171739
14163;1346,1857622436546;102,78220461101245
14164;1346,185762244905;102,78220461030652
14165;1346,1857622461534;102,78220460959963
14166;1346,1857622474004;102,78220460889179
14167;1346,185762248646;102,782204608183
14168;1346,1857622498899;102,78220460747329
14169;1346,185762251132;102,78220460676268
14170;1346,1857622523723;102,78220460605115
14171;1346,1857622536108;102,78220460533872
14172;1346,1857622548475;102,78220460462543
14173;1346,1857622560824;102,7822046039113
14174;1346,1857622573154;102,7822046031963
14175;1346,1857622585462;102,78220460248048
14176;1346,185762259775;102,78220460176382
14177;1346,1857622610019;102,78220460104637
14178;1346,1857622622265;102,7822046003281
14179;1346,1857622634489;102,78220459960906
14180;1346,1857622646687;102,78220459888924
14181;1346,1857622658865;102,78220459816868
14182;1346,185762267102;102,78220459744736
14183;1346,1857622683149;102,78220459672531
14184;1346,1857622695256;102,78220459600254
14185;1346,1857622707337;102,78220459527908
14186;1346,1857622719392;102,7822045945549
14187;1346,1857622731422;102,78220459383006
14188;1346,1857622743423;102,78220459310454
14189;1346,18576227554;102,78220459237836
14190;1346,1857622767347;102,78220459165153
14191;1346,1857622779269;102,78220459092411
14192;1346,1857622791158;102,78220459019603
14193;1346,185762280302;102,78220458946737
14194;1346,1857622814855;102,78220458873808
14195;1346,1857622826658;102,78220458800824
14196;1346,1857622838431;102,78220458727783
14197;1346,1857622850175;102,78220458654685
14198;1346,1857622861885;102,78220458581534
14199;1346,1857622873565;102,78220458508329
14200;1346,1857622885211;102,78220458435074
14201;1346,1857622896825;102,78220458361766
14202;1346,1857622908408;102,78220458288409
14203;1346,1857622919956;102,78220458215004
14204;1346,185762293147;102,78220458141553
14205;1346,185762294295;102,78220458068056
14206;1346,1857622954394;102,78220457994513
14207;1346,1857622965804;102,78220457920928
14208;1346,1857622977177;102,78220457847301
14209;1346,1857622988516;102,78220457773634
14210;1346,185762299982;102,78220457699925
14211;1346,1857623011085;102,78220457626179
14212;1346,1857623022315;102,78220457552396
14213;1346,1857623033509;102,78220457478575
14214;1346,1857623044664;102,78220457404721
14215;1346,185762305578;102,78220457330833
14216;1346,1857623066855;102,78220457256913
14217;1346,1857623077892;102,78220457182962
14218;1346,185762308889;102,7822045710898
14219;1346,185762309985;102,78220457034969
14220;1346,1857623110768;102,78220456960932
14221;1346,1857623121643;102,78220456886865
14222;1346,185762313248;102,78220456812777
14223;1346,1857623143273;102,78220456738661
14224;1346,1857623154024;102,78220456664525
14225;1346,1857623164733;102,78220456590365
14226;1346,18576231754;102,78220456516186
14227;1346,1857623186024;102,78220456441986
14228;1346,1857623196606;102,78220456367768
14229;1346,1857623207143;102,78220456293532
14230;1346,1857623217638;102,78220456219282
14231;1346,1857623228086;102,78220456145017
14232;1346,1857623238488;102,78220456070738
14233;1346,1857623248848;102,78220455996444
14234;1346,1857623259164;102,78220455922141
14235;1346,1857623269432;102,78220455847828
14236;1346,185762327965;102,78220455773504
14237;1346,1857623289823;102,78220455699174
14238;1346,1857623299948;102,78220455624837
14239;1346,1857623310027;102,78220455550493
14240;1346,1857623320059;102,78220455476145
14241;1346,185762333004;102,78220455401794
14242;1346,1857623339977;102,7822045532744
14243;1346,1857623349865;102,78220455253083
14244;1346,1857623359704;102,78220455178729
14245;1346,1857623369492;102,78220455104373
14246;1346,1857623379235;102,78220455030022
14247;1346,1857623388926;102,78220454955671
14248;1346,1857623398566;102,78220454881327
14249;1346,1857623408157;102,78220454806987
14250;1346,1857623417695;102,78220454732654
14251;1346,1857623427184;102,7822045465833
14252;1346,1857623436622;102,78220454584012
14253;1346,185762344601;102,78220454509703
14254;1346,1857623455346;102,78220454435409
14255;1346,185762346463;102,78220454361121
14256;1346,1857623473861;102,78220454286851
14257;1346,1857623483038;102,78220454212595
14258;1346,1857623492165;102,78220454138352
14259;1346,185762350124;102,78220454064125
14260;1346,1857623510261;102,78220453989915
14261;1346,1857623519231;102,78220453915726
14262;1346,1857623528144;102,78220453841556
14263;1346,1857623537003;102,78220453767403
14264;1346,185762354581;102,78220453693274
14265;1346,185762355456;102,78220453619167
14266;1346,1857623563258;102,78220453545084
14267;1346,1857623571902;102,78220453471026
14268;1346,185762358049;102,78220453396993
14269;1346,1857623589021;102,78220453322986
14270;1346,1857623597496;102,78220453249007
14271;1346,1857623605915;102,78220453175058
14272;1346,1857623614278;102,78220453101137
14273;1346,1857623622586;102,78220453027248
14274;1346,1857623630838;102,78220452953391
14275;1346,185762363903;102,78220452879567
14276;1346,1857623647168;102,78220452805776
14277;1346,1857623655249;102,7822045273202
14278;1346,1857623663273;102,78220452658302
14279;1346,185762367124;102,78220452584617
14280;1346,1857623679143;102,78220452510972
14281;1346,185762368699;102,78220452437367
14282;1346,185762369478;102,782204523638
14283;1346,1857623702513;102,78220452290275
14284;1346,1857623710184;102,78220452216792
14285;1346,1857623717797;102,7822045214335
14286;1346,1857623725355;102,78220452069954
14287;1346,1857623732851;102,78220451996602
14288;1346,1857623740289;102,78220451923296
14289;1346,185762374767;102,78220451850036
14290;1346,1857623754988;102,78220451776824
14291;1346,1857623762248;102,7822045170366
14292;1346,185762376945;102,78220451630547
14293;1346,1857623776589;102,78220451557483
14294;1346,185762378367;102,78220451484474
14295;1346,1857623790693;102,78220451411514
14296;1346,1857623797653;102,78220451338608
14297;1346,1857623804553;102,78220451265759
14298;1346,185762381139;102,78220451192962
14299;1346,185762381817;102,78220451120224
14300;1346,185762382489;102,78220451047541
14301;1346,1857623831547;102,78220450974916
14302;1346,1857623838146;102,78220450902352
14303;1346,185762384468;102,78220450829846
14304;1346,1857623851156;102,78220450757404
14305;1346,1857623857568;102,7822045068502
14306;1346,185762386392;102,78220450612702
14307;1346,185762387021;102,78220450540445
14308;1346,1857623876438;102,78220450468255
14309;1346,1857623882604;102,7822045039613
14310;1346,185762388871;102,78220450324069
14311;1346,1857623894753;102,78220450252078
14312;1346,1857623900733;102,78220450180154
14313;1346,1857623906653;102,78220450108299
14314;1346,1857623912508;102,78220450036514
14315;1346,1857623918304;102,782204499648
14316;1346,1857623924034;102,78220449893158
14317;1346,1857623929702;102,78220449821588
14318;1346,1857623935307;102,78220449750091
14319;1346,185762394085;102,7822044967867
14320;1346,185762394633;102,78220449607323
14321;1346,1857623951744;102,78220449536053
14322;1346,1857623957098;102,7822044946486
14323;1346,185762396239;102,78220449393744
14324;1346,185762396762;102,78220449322708
14325;1346,1857623972783;102,78220449251748
14326;1346,1857623977887;102,78220449180871
14327;1346,1857623982926;102,78220449110076
14328;1346,1857623987905;102,78220449039362
14329;1346,1857623992819;102,7822044896873
14330;1346,185762399767;102,78220448898183
14331;1346,1857624002457;102,78220448827719
14332;1346,1857624007184;102,78220448757341
14333;1346,1857624011845;102,7822044868705
14334;1346,1857624016443;102,78220448616845
14335;1346,185762402098;102,78220448546728
14336;1346,1857624025454;102,782204484767
14337;1346,1857624029867;102,78220448406762
14338;1346,1857624034214;102,78220448336913
14339;1346,18576240385;102,78220448267155
14340;1346,185762404272;102,7822044819749
14341;1346,185762404688;102,78220448127917
14342;1346,1857624050974;102,78220448058435
14343;1346,1857624055006;102,78220447989051
14344;1346,1857624058975;102,7822044791976
14345;1346,185762406288;102,78220447850565
14346;1346,1857624066724;102,78220447781466
14347;1346,18576240705;102,78220447712464
14348;1346,1857624074219;102,78220447643561
14349;1346,185762407787;102,78220447574758
14350;1346,185762408146;102,78220447506051
14351;1346,1857624084987;102,78220447437448
14352;1346,185762408845;102,78220447368945
14353;1346,1857624091851;102,78220447300544
14354;1346,1857624095187;102,78220447232245
14355;1346,1857624098461;102,7822044716405
14356;1346,1857624101672;102,78220447095957
14357;1346,185762410482;102,7822044702797
14358;1346,1857624107909;102,7822044696009
14359;1346,185762411093;102,78220446892314
14360;1346,1857624113889;102,78220446824648
14361;1346,1857624116788;102,78220446757085
14362;1346,185762411962;102,78220446689636
14363;1346,1857624122395;102,78220446622292
14364;1346,1857624125103;102,78220446555059
14365;1346,185762412775;102,78220446487937
14366;1346,1857624130334;102,78220446420927
14367;1346,1857624132858;102,78220446354028
14368;1346,1857624135318;102,78220446287243
14369;1346,185762413772;102,7822044622057
14370;1346,1857624140055;102,78220446154009
14371;1346,185762414233;102,78220446087568
14372;1346,1857624144545;102,78220446021238
14373;1346,1857624146703;102,78220445955024
14374;1346,1857624148795;102,7822044588893
14375;1346,1857624150828;102,78220445822953
14376;1346,1857624152797;102,78220445757091
14377;1346,1857624154707;102,7822044569135
14378;1346,1857624156553;102,7822044562573
14379;1346,185762415834;102,78220445560228
14380;1346,1857624160064;102,78220445494847
14381;1346,1857624161728;102,78220445429588
14382;1346,1857624163333;102,7822044536445
14383;1346,1857624164877;102,78220445299435
14384;1346,1857624166362;102,78220445234544
14385;1346,1857624167785;102,78220445169777
14386;1346,1857624169147;102,78220445105136
14387;1346,185762417045;102,78220445040617
14388;1346,1857624171694;102,78220444976226
14389;1346,1857624172876;102,7822044491196
14390;1346,1857624173997;102,78220444847823
14391;1346,1857624175059;102,78220444783813
14392;1346,1857624176062;102,7822044471993
14393;1346,1857624177;102,78220444656178
14394;1346,1857624177885;102,78220444592556
14395;1346,185762417871;102,78220444529062
14396;1346,1857624179474;102,78220444465701
14397;1346,1857624180182;102,7822044440247
14398;1346,185762418083;102,78220444339371
14399;1346,1857624181423;102,78220444276404
14400;1346,1857624181955;102,78220444213571
14401;1346,185762418243;102,78220444150871
14402;1346,1857624182846;102,78220444088306
14403;1346,1857624183208;102,78220444025877
14404;1346,1857624183508;102,7822044396358
14405;1346,1857624183751;102,78220443901421
14406;1346,1857624183938;102,78220443839399
14407;1346,185762418407;102,78220443777515
14408;1346,1857624184142;102,78220443715766
14409;1346,1857624184158;102,78220443654158
14410;1346,1857624184122;102,78220443592686
14411;1346,1857624184026;102,78220443531355
14412;1346,1857624183876;102,78220443470163
14413;1346,1857624183672;102,78220443409113
14414;1346,1857624183406;102,78220443348202
14415;1346,1857624183087;102,78220443287434
14416;1346,1857624182715;102,78220443226807
14417;1346,1857624182287;102,78220443166323
14418;1346,1857624181803;102,78220443105981
14419;1346,1857624181264;102,78220443045784
14420;1346,185762418067;102,7822044298573
14421;1346,1857624180025;102,7822044292582
14422;1346,1857624179324;102,78220442866058
14423;1346,185762417857;102,78220442806438
14424;1346,1857624177762;102,78220442746965
14425;1346,18576241769;102,7822044268764
14426;1346,1857624175984;102,78220442628462
14427;1346,1857624175016;102,7822044256943
14428;1346,1857624173995;102,78220442510548
14429;1346,185762417292;102,78220442451813
14430;1346,1857624171794;102,78220442393227
14431;1346,1857624170614;102,78220442334789
14432;1346,185762416938;102,78220442276503
14433;1346,1857624168092;102,78220442218368
14434;1346,1857624166753;102,78220442160382
14435;1346,1857624165364;102,7822044210255
14436;1346,1857624163922;102,78220442044868
14437;1346,1857624162428;102,78220441987338
14438;1346,1857624160884;102,7822044192996
14439;1346,1857624159295;102,78220441872736
14440;1346,1857624157653;102,78220441815667
14441;1346,185762415596;102,7822044175875
14442;1346,1857624154218;102,78220441701988
14443;1346,1857624152424;102,7822044164538
14444;1346,1857624150584;102,78220441588928
14445;1346,1857624148695;102,78220441532635
14446;1346,1857624146755;102,78220441476495
14447;1346,1857624144766;102,7822044142051
14448;1346,185762414273;102,78220441364684
14449;1346,1857624140646;102,78220441309014
14450;1346,1857624138513;102,78220441253504
14451;1346,1857624136333;102,7822044119815
14452;1346,1857624134107;102,78220441142956
14453;1346,1857624131833;102,7822044108792
14454;1346,1857624129516;102,78220441033045
14455;1346,1857624127151;102,78220440978328
14456;1346,1857624124739;102,78220440923772
14457;1346,185762412228;102,78220440869376
14458;1346,1857624119777;102,78220440815143
14459;1346,1857624117226;102,78220440761069
14460;1346,1857624114634;102,78220440707159
14461;1346,1857624111994;102,78220440653408
14462;1346,1857624109311;102,78220440599821
14463;1346,185762410658;102,78220440546397
14464;1346,185762410381;102,78220440493136
14465;1346,1857624100992;102,78220440440039
14466;1346,1857624098134;102,78220440387105
14467;1346,1857624095228;102,78220440334334
14468;1346,1857624092281;102,7822044028173
14469;1346,1857624089291;102,78220440229289
14470;1346,1857624086258;102,78220440177016
14471;1346,1857624083184;102,78220440124906
14472;1346,1857624080067;102,78220440072961
14473;1346,1857624076908;102,78220440021185
14474;1346,185762407371;102,78220439969574
14475;1346,1857624070467;102,78220439918131
14476;1346,1857624067186;102,78220439866854
14477;1346,1857624063866;102,78220439815745
14478;1346,1857624060506;102,78220439764804
14479;1346,1857624057102;102,78220439714032
14480;1346,1857624053657;102,78220439663427
14481;1346,1857624050176;102,7822043961299
14482;1346,1857624046652;102,78220439562723
14483;1346,185762404309;102,78220439512626
14484;1346,1857624039487;102,78220439462699
14485;1346,185762403585;102,78220439412941
14486;1346,1857624032175;102,78220439363353
14487;1346,1857624028462;102,78220439313935
14488;1346,185762402471;102,78220439264689
14489;1346,1857624020925;102,78220439215613
14490;1346,18576240171;102,7822043916671
14491;1346,1857624013242;102,78220439117977
14492;1346,1857624009342;102,78220439069416
14493;1346,1857624005409;102,78220439021027
14494;1346,1857624001439;102,78220438972811
14495;1346,1857623997432;102,78220438924767
14496;1346,1857623993392;102,78220438876897
14497;1346,1857623989317;102,78220438829199
14498;1346,1857623985209;102,78220438781675
14499;1346,1857623981068;102,78220438734323
14500;1346,1857623976891;102,78220438687147
14501;1346,1857623972683;102,78220438640143
14502;1346,185762396844;102,78220438593317
14503;1346,1857623964163;102,78220438546661
14504;1346,1857623959854;102,78220438500183
14505;1346,1857623955511;102,78220438453879
14506;1346,1857623951137;102,7822043840775
14507;1346,1857623946735;102,78220438361798
14508;1346,1857623942299;102,78220438316019
14509;1346,185762393783;102,78220438270418
14510;1346,1857623933333;102,78220438224992
14511;1346,1857623928806;102,78220438179743
14512;1346,1857623924247;102,7822043813467
14513;1346,185762391966;102,78220438089772
14514;1346,1857623915043;102,78220438045052
14515;1346,1857623910398;102,78220438000511
14516;1346,1857623905726;102,78220437956146
14517;1346,1857623901024;102,78220437911958
14518;1346,1857623896292;102,78220437867948
14519;1346,1857623891533;102,78220437824118
14520;1346,1857623886747;102,78220437780462
14521;1346,1857623881933;102,78220437736987
14522;1346,1857623877092;102,78220437693689
14523;1346,1857623872224;102,78220437650569
14524;1346,1857623867331;102,78220437607628
14525;1346,185762386241;102,78220437564866
14526;1346,1857623857463;102,78220437522285
14527;1346,1857623852493;102,7822043747988
14528;1346,1857623847498;102,78220437437655
14529;1346,1857623842477;102,78220437395612
14530;1346,185762383743;102,78220437353745
14531;1346,185762383236;102,78220437312059
14532;1346,1857623827266;102,78220437270554
14533;1346,1857623822148;102,78220437229227
14534;1346,1857623817007;102,78220437188081
14535;1346,1857623811845;102,78220437147117
14536;1346,1857623806657;102,78220437106332
14537;1346,1857623801448;102,78220437065727
14538;1346,1857623796218;102,78220437025303
14539;1346,1857623790966;102,78220436985059
14540;1346,185762378569;102,78220436944997
14541;1346,1857623780395;102,78220436905116
14542;1346,185762377508;102,78220436865415
14543;1346,1857623769743;102,78220436825896
14544;1346,1857623764388;102,78220436786556
14545;1346,185762375901;102,782204367474
14546;1346,1857623753615;102,78220436708426
14547;1346,18576237482;102,78220436669633
14548;1346,1857623742762;102,7822043663102
14549;1346,1857623737308;102,7822043659259
14550;1346,1857623731835;102,78220436554342
14551;1346,1857623726346;102,78220436516276
14552;1346,185762372084;102,78220436478391
14553;1346,1857623715314;102,78220436440688
14554;1346,185762370977;102,78220436403168
14555;1346,1857623704211;102,7822043636583
14556;1346,1857623698638;102,78220436328674
14557;1346,185762369305;102,782204362917
14558;1346,1857623687445;102,7822043625491
14559;1346,1857623681824;102,78220436218301
14560;1346,185762367619;102,78220436181876
14561;1346,185762367054;102,78220436145632
14562;1346,1857623664873;102,78220436109571
14563;1346,1857623659196;102,78220436073693
14564;1346,18576236535;102,78220436037996
14565;1346,1857623647793;102,78220436002483
14566;1346,185762364207;102,78220435967155
14567;1346,1857623636333;102,78220435932006
14568;1346,1857623630585;102,78220435897043
14569;1346,1857623624826;102,78220435862262
14570;1346,1857623619053;102,78220435827663
14571;1346,1857623613269;102,78220435793247
14572;1346,1857623607475;102,78220435759016
14573;1346,1857623601668;102,78220435724964
14574;1346,185762359585;102,78220435691098
14575;1346,1857623590022;102,78220435657414
14576;1346,1857623584185;102,78220435623913
14577;1346,185762357834;102,78220435590598
14578;1346,1857623572482;102,78220435557462
14579;1346,1857623566618;102,7822043552451
14580;1346,1857623560745;102,78220435491741
14581;1346,1857623554863;102,78220435459156
14582;1346,1857623548972;102,78220435426753
14583;1346,1857623543071;102,78220435394535
14584;1346,1857623537164;102,78220435362498
14585;1346,1857623531248;102,78220435330644
14586;1346,1857623525325;102,78220435298974
14587;1346,1857623519395;102,78220435267485
14588;1346,185762351346;102,78220435236182
14589;1346,185762350752;102,78220435205058
14590;1346,1857623501571;102,7822043517412
14591;1346,1857623495619;102,78220435143365
14592;1346,185762348966;102,78220435112792
14593;1346,1857623483695;102,782204350824
14594;1346,1857623477727;102,78220435052194
14595;1346,1857623471753;102,78220435022168
14596;1346,1857623465776;102,78220434992325
14597;1346,1857623459794;102,78220434962665
14598;1346,185762345381;102,78220434933188
14599;1346,1857623447822;102,78220434903893
14600;1346,185762344183;102,78220434874781
14601;1346,1857623435837;102,78220434845852
14602;1346,1857623429842;102,78220434817104
14603;1346,1857623423844;102,78220434788538
14604;1346,1857623417843;102,78220434760155
14605;1346,185762341184;102,78220434731955
14606;1346,1857623405838;102,78220434703935
14607;1346,1857623399835;102,78220434676099
14608;1346,1857623393832;102,78220434648443
14609;1346,1857623387828;102,78220434620971
14610;1346,1857623381823;102,78220434593679
14611;1346,185762337582;102,7822043456657
14612;1346,1857623369817;102,78220434539642
14613;1346,1857623363815;102,78220434512895
14614;1346,1857623357812;102,7822043448633
14615;1346,185762335181;102,78220434459946
14616;1346,185762334581;102,78220434433746
14617;1346,1857623339813;102,78220434407723
14618;1346,1857623333817;102,78220434381883
14619;1346,1857623327824;102,78220434356224
14620;1346,1857623321835;102,78220434330744
14621;1346,1857623315846;102,78220434305447
14622;1346,185762330986;102,7822043428033
14623;1346,1857623303881;102,78220434255394
14624;1346,1857623297904;102,78220434230637
14625;1346,1857623291928;102,78220434206061
14626;1346,1857623285957;102,78220434181667
14627;1346,185762327999;102,7822043415745
14628;1346,185762327403;102,78220434133414
14629;1346,1857623268074;102,78220434109558
14630;1346,1857623262124;102,78220434085881
14631;1346,185762325618;102,78220434062386
14632;1346,1857623250241;102,78220434039068
14633;1346,185762324431;102,7822043401593
14634;1346,1857623238384;102,7822043399297
14635;1346,1857623232465;102,7822043397019
14636;1346,1857623226554;102,7822043394759
14637;1346,1857623220646;102,78220433925169
14638;1346,1857623214748;102,78220433902925
14639;1346,185762320886;102,7822043388086
14640;1346,1857623202977;102,78220433858972
14641;1346,1857623197104;102,78220433837262
14642;1346,185762319124;102,78220433815733
14643;1346,1857623185385;102,7822043379438
14644;1346,185762317954;102,78220433773203
14645;1346,1857623173703;102,78220433752205
14646;1346,1857623167875;102,78220433731384
14647;1346,1857623162057;102,78220433710742
14648;1346,1857623156247;102,78220433690274
14649;1346,1857623150447;102,78220433669985
14650;1346,1857623144656;102,78220433649871
14651;1346,1857623138876;102,78220433629936
14652;1346,1857623133108;102,78220433610174
14653;1346,185762312735;102,78220433590592
14654;1346,1857623121605;102,78220433571182
14655;1346,1857623115868;102,78220433551948
14656;1346,1857623110147;102,78220433532891
14657;1346,1857623104436;102,78220433514011
14658;1346,1857623098736;102,78220433495304
14659;1346,1857623093051;102,78220433476773
14660;1346,185762308738;102,78220433458416
14661;1346,1857623081723;102,78220433440232
14662;1346,1857623076078;102,78220433422224
14663;1346,1857623070446;102,78220433404391
14664;1346,1857623064827;102,78220433386731
14665;1346,1857623059223;102,78220433369245
14666;1346,1857623053631;102,78220433351935
14667;1346,1857623048056;102,78220433334796
14668;1346,1857623042492;102,78220433317829
14669;1346,1857623036944;102,78220433301037
14670;1346,185762303141;102,78220433284417
14671;1346,1857623025892;102,7822043326797
14672;1346,185762302039;102,78220433251694
14673;1346,1857623014903;102,78220433235592
14674;1346,1857623009432;102,7822043321966
14675;1346,1857623003975;102,782204332039
14676;1346,1857622998534;102,78220433188312
14677;1346,1857622993111;102,78220433172895
14678;1346,1857622987704;102,7822043315765
14679;1346,1857622982313;102,78220433142573
14680;1346,185762297694;102,78220433127667
14681;1346,1857622971584;102,78220433112932
14682;1346,1857622966245;102,78220433098369
14683;1346,1857622960922;102,78220433083973
14684;1346,1857622955617;102,78220433069748
14685;1346,185762295033;102,78220433055691
14686;1346,1857622945065;102,78220433041804
14687;1346,1857622939815;102,78220433028088
14688;1346,1857622934583;102,78220433014536
14689;1346,185762292937;102,78220433001155
14690;1346,1857622924178;102,78220432987942
14691;1346,1857622919003;102,78220432974895
14692;1346,185762291385;102,78220432962017
14693;1346,1857622908713;102,78220432949307
14694;1346,1857622903597;102,78220432936762
14695;1346,1857622898501;102,78220432924384
14696;1346,1857622893426;102,78220432912174
14697;1346,185762288837;102,78220432900129
14698;1346,1857622883333;102,78220432888251
14699;1346,1857622878317;102,78220432876539
14700;1346,1857622873322;102,7822043286499
14701;1346,1857622868347;102,78220432853607
14702;1346,1857622863395;102,7822043284239
14703;1346,1857622858463;102,78220432831338
14704;1346,185762285355;102,78220432820449
14705;1346,1857622848659;102,78220432809724
14706;1346,1857622843788;102,78220432799162
14707;1346,1857622838943;102,78220432788765
14708;1346,1857622834118;102,7822043277853
14709;1346,1857622829314;102,78220432768458
14710;1346,1857622824532;102,78220432758549
14711;1346,1857622819775;102,78220432748802
14712;1346,185762281504;102,7822043273922
14713;1346,1857622810326;102,78220432729796
14714;1346,1857622805635;102,78220432720532
14715;1346,185762280097;102,78220432711434
14716;1346,1857622796326;102,78220432702493
14717;1346,1857622791706;102,78220432693715
14718;1346,185762278711;102,78220432685096
14719;1346,1857622782536;102,78220432676636
14720;1346,1857622777986;102,78220432668337
14721;1346,185762277346;102,78220432660196
14722;1346,1857622768953;102,78220432652216
14723;1346,1857622764471;102,78220432644393
14724;1346,1857622760017;102,7822043263673
14725;1346,1857622755585;102,78220432629224
14726;1346,1857622751177;102,78220432621876
14727;1346,1857622746793;102,78220432614685
14728;1346,1857622742434;102,78220432607652
14729;1346,1857622738103;102,78220432600776
14730;1346,1857622733794;102,78220432594055
14731;1346,185762272951;102,78220432587491
14732;1346,1857622725252;102,78220432581082
14733;1346,185762272102;102,7822043257483
14734;1346,1857622716814;102,78220432568733
14735;1346,1857622712632;102,78220432562789
14736;1346,1857622708478;102,78220432557002
14737;1346,185762270435;102,78220432551367
14738;1346,1857622700245;102,78220432545888
14739;1346,1857622696168;102,78220432540562
14740;1346,1857622692119;102,78220432535387
14741;1346,1857622688094;102,78220432530368
14742;1346,1857622684095;102,78220432525501
14743;1346,1857622680122;102,78220432520784
14744;1346,1857622676175;102,78220432516221
14745;1346,1857622672255;102,78220432511809
14746;1346,1857622668363;102,78220432507547
14747;1346,1857622664497;102,78220432503437
14748;1346,185762266066;102,78220432499478
14749;1346,1857622656848;102,78220432495668
14750;1346,1857622653065;102,78220432492009
14751;1346,1857622649309;102,78220432488497
14752;1346,185762264558;102,78220432485138
14753;1346,1857622641878;102,78220432481925
14754;1346,1857622638204;102,7822043247886
14755;1346,1857622634554;102,78220432475945
14756;1346,1857622630935;102,78220432473177
14757;1346,1857622627342;102,78220432470556
14758;1346,1857622623777;102,7822043246808
14759;1346,185762262024;102,78220432465754
14760;1346,185762261673;102,78220432463573
14761;1346,1857622613252;102,78220432461538
14762;1346,1857622609798;102,78220432459649
14763;1346,1857622606376;102,78220432457904
14764;1346,185762260298;102,78220432456304
14765;1346,1857622599616;102,78220432454849
14766;1346,185762259628;102,78220432453537
14767;1346,1857622592972;102,78220432452369
14768;1346,1857622589694;102,78220432451347
14769;1346,185762258644;102,78220432450466
14770;1346,1857622583218;102,78220432449726
14771;1346,1857622580026;102,7822043244913
14772;1346,185762257686;102,78220432448676
14773;1346,1857622573725;102,78220432448363
14774;1346,1857622570617;102,78220432448191
14775;1346,1857622567538;102,7822043244816
14776;1346,185762256449;102,78220432448269
14777;1346,185762256147;102,78220432448518
14778;1346,185762255848;102,78220432448907
14779;1346,1857622555517;102,78220432449434
14780;1346,1857622552582;102,78220432450101
14781;1346,1857622549678;102,78220432450905
14782;1346,1857622546804;102,7822043245185
14783;1346,1857622543957;102,7822043245293
14784;1346,185762254114;102,78220432454148
14785;1346,1857622538355;102,78220432455504
14786;1346,1857622535597;102,78220432456996
14787;1346,185762253287;102,78220432458625
14788;1346,1857622530174;102,78220432460387
14789;1346,1857622527505;102,78220432462287
14790;1346,1857622524867;102,78220432464319
14791;1346,185762252226;102,78220432466486
14792;1346,1857622519678;102,78220432468788
14793;1346,185762251713;102,78220432471225
14794;1346,185762251461;102,78220432473793
14795;1346,185762251212;102,78220432476496
14796;1346,185762250966;102,78220432479331
14797;1346,185762250723;102,78220432482298
14798;1346,1857622504829;102,78220432485398
14799;1346,1857622502457;102,78220432488628
14800;1346,1857622500115;102,78220432491987
14801;1346,1857622497803;102,7822043249548
14802;1346,185762249552;102,78220432499101
14803;1346,1857622493267;102,78220432502853
14804;1346,185762249104;102,78220432506734
14805;1346,1857622488847;102,78220432510744
14806;1346,1857622486684;102,78220432514884
14807;1346,185762248455;102,78220432519149
14808;1346,1857622482446;102,78220432523543
14809;1346,1857622480372;102,78220432528063
14810;1346,1857622478326;102,78220432532713
14811;1346,1857622476311;102,78220432537489
14812;1346,1857622474326;102,78220432542389
14813;1346,1857622472373;102,78220432547414
14814;1346,1857622470447;102,78220432552567
14815;1346,1857622468553;102,78220432557843
14816;1346,185762246669;102,78220432563245
14817;1346,1857622464854;102,7822043256877
14818;1346,1857622463049;102,78220432574417
14819;1346,1857622461273;102,7822043258019
14820;1346,1857622459527;102,78220432586083
14821;1346,185762245781;102,78220432592101
14822;1346,1857622456125;102,78220432598239
14823;1346,1857622454468;102,78220432604499
14824;1346,1857622452842;102,78220432610881
14825;1346,1857622451248;102,78220432617383
14826;1346,185762244968;102,78220432624005
14827;1346,1857622448144;102,78220432630748
14828;1346,185762244664;102,78220432637607
14829;1346,185762244516;102,78220432644589
14830;1346,1857622443713;102,78220432651688
14831;1346,1857622442296;102,78220432658904
14832;1346,1857622440905;102,78220432666238
14833;1346,1857622439547;102,7822043267369
14834;1346,185762243822;102,78220432681259
14835;1346,1857622436917;102,78220432688944
14836;1346,1857622435648;102,78220432696745
14837;1346,1857622434409;102,78220432704661
14838;1346,1857622433195;102,78220432712693
14839;1346,1857622432015;102,7822043272084
14840;1346,1857622430862;102,78220432729098
14841;1346,1857622429736;102,78220432737473
14842;1346,1857622428645;102,78220432745961
14843;1346,1857622427583;102,78220432754563
14844;1346,1857622426548;102,78220432763277
14845;1346,1857622425543;102,78220432772102
14846;1346,1857622424566;102,78220432781039
14847;1346,185762242362;102,78220432790087
14848;1346,1857622422704;102,78220432799246
14849;1346,1857622421815;102,78220432808514
14850;1346,1857622420955;102,78220432817895
14851;1346,1857622420125;102,78220432827383
14852;1346,1857622419323;102,78220432836982
14853;1346,185762241855;102,78220432846688
14854;1346,1857622417804;102,78220432856502
14855;1346,1857622417087;102,78220432866425
14856;1346,18576224164;102,78220432876452
14857;1346,185762241574;102,78220432886589
14858;1346,1857622415107;102,78220432896833
14859;1346,1857622414504;102,78220432907183
14860;1346,185762241393;102,78220432917635
14861;1346,1857622413386;102,78220432928195
14862;1346,1857622412867;102,78220432938859
14863;1346,1857622412379;102,78220432949628
14864;1346,1857622411917;102,78220432960501
14865;1346,1857622411485;102,78220432971476
14866;1346,185762241108;102,78220432982555
14867;1346,18576224107;102,78220432993734
14868;1346,185762241035;102,78220433005018
14869;1346,1857622410025;102,78220433016402
14870;1346,185762240973;102,78220433027887
14871;1346,185762240946;102,78220433039473
14872;1346,1857622409218;102,78220433051159
14873;1346,1857622409004;102,78220433062947
14874;1346,185762240882;102,78220433074831
14875;1346,1857622408663;102,78220433086817
14876;1346,1857622408534;102,78220433098898
14877;1346,185762240843;102,78220433111079
14878;1346,1857622408352;102,78220433123357
14879;1346,1857622408304;102,78220433135733
14880;1346,1857622408281;102,78220433148205
14881;1346,1857622408286;102,78220433160774
14882;1346,1857622408313;102,78220433173436
14883;1346,185762240837;102,78220433186198
14884;1346,1857622408452;102,78220433199051
14885;1346,185762240856;102,78220433211999
14886;1346,1857622408695;102,78220433225043
14887;1346,1857622408859;102,78220433238178
14888;1346,1857622409045;102,78220433251407
14889;1346,185762240926;102,78220433264731
14890;1346,18576224095;102,78220433278143
14891;1346,1857622409766;102,78220433291649
14892;1346,1857622410057;102,78220433305246
14893;1346,1857622410373;102,78220433318936
14894;1346,1857622410716;102,78220433332713
14895;1346,1857622411083;102,78220433346583
14896;1346,1857622411476;102,78220433360539
14897;1346,1857622411894;102,78220433374588
14898;1346,1857622412338;102,78220433388721
14899;1346,1857622412808;102,78220433402946
14900;1346,1857622413302;102,78220433417258
14901;1346,185762241382;102,78220433431655
14902;1346,1857622414364;102,78220433446141
14903;1346,1857622414932;102,78220433460713
14904;1346,1857622415523;102,78220433475371
14905;1346,1857622416142;102,78220433490114
14906;1346,1857622416785;102,78220433504943
14907;1346,1857622417451;102,78220433519856
14908;1346,185762241814;102,78220433534851
14909;1346,1857622418854;102,78220433549933
14910;1346,185762241959;102,78220433565095
14911;1346,1857622420355;102,78220433580343
14912;1346,1857622421142;102,7822043359567
14913;1346,185762242195;102,7822043361108
14914;1346,1857622422785;102,78220433626574
14915;1346,1857622423643;102,78220433642146
14916;1346,1857622424523;102,78220433657799
14917;1346,1857622425425;102,78220433673533
14918;1346,1857622426353;102,78220433689344
14919;1346,1857622427303;102,78220433705236
14920;1346,1857622428274;102,7822043372121
14921;1346,185762242927;102,78220433737258
14922;1346,1857622430286;102,78220433753384
14923;1346,1857622431326;102,78220433769587
14924;1346,1857622432387;102,78220433785869
14925;1346,1857622433472;102,78220433802227
14926;1346,1857622434577;102,7822043381866
14927;1346,1857622435705;102,78220433835169
14928;1346,1857622436853;102,78220433851753
14929;1346,1857622438029;102,78220433868412
14930;1346,1857622439225;102,78220433885144
14931;1346,185762244044;102,7822043390195
14932;1346,1857622441678;102,78220433918833
14933;1346,1857622442938;102,78220433935783
14934;1346,185762244422;102,78220433952808
14935;1346,1857622445523;102,78220433969905
14936;1346,1857622446844;102,78220433987073
14937;1346,1857622448185;102,78220434004314
14938;1346,1857622449547;102,78220434021625
14939;1346,185762245093;102,78220434039004
14940;1346,1857622452337;102,78220434056455
14941;1346,1857622453763;102,78220434073975
14942;1346,1857622455207;102,78220434091563
14943;1346,185762245667;102,78220434109218
14944;1346,1857622458156;102,78220434126943
14945;1346,1857622459659;102,78220434144735
14946;1346,1857622461182;102,78220434162594
14947;1346,1857622462724;102,78220434180521
14948;1346,1857622464283;102,78220434198512
14949;1346,1857622465866;102,78220434216568
14950;1346,185762246747;102,78220434234692
14951;1346,185762246909;102,78220434252879
14952;1346,1857622470727;102,78220434271131
14953;1346,1857622472382;102,78220434289446
14954;1346,1857622474058;102,78220434307825
14955;1346,185762247575;102,78220434326266
14956;1346,185762247746;102,7822043434477
14957;1346,1857622479188;102,78220434363337
14958;1346,1857622480934;102,78220434381966
14959;1346,1857622482698;102,78220434400656
14960;1346,185762248448;102,78220434419404
14961;1346,185762248628;102,78220434438215
14962;1346,1857622488096;102,78220434457086
14963;1346,1857622489931;102,78220434476016
14964;1346,1857622491784;102,78220434495006
14965;1346,1857622493653;102,78220434514053
14966;1346,185762249554;102,78220434533158
14967;1346,1857622497444;102,78220434552321
14968;1346,1857622499365;102,78220434571541
14969;1346,1857622501298;102,78220434590818
14970;1346,1857622503248;102,78220434610152
14971;1346,1857622505215;102,78220434629542
14972;1346,18576225072;102,78220434648986
14973;1346,1857622509199;102,78220434668486
14974;1346,185762251121;102,7822043468804
14975;1346,1857622513241;102,78220434707649
14976;1346,1857622515288;102,78220434727314
14977;1346,185762251735;102,78220434747027
14978;1346,1857622519424;102,78220434766796
14979;1346,1857622521516;102,78220434786618
14980;1346,185762252362;102,78220434806491
14981;1346,185762252574;102,78220434826414
14982;1346,1857622527875;102,7822043484639
14983;1346,1857622530026;102,78220434866415
14984;1346,1857622532189;102,78220434886492
14985;1346,1857622534367;102,78220434906619
14986;1346,1857622536556;102,78220434926793
14987;1346,1857622538762;102,78220434947018
14988;1346,1857622540979;102,78220434967291
14989;1346,1857622543212;102,78220434987612
14990;1346,1857622545456;102,78220435007982
14991;1346,1857622547714;102,78220435028396
14992;1346,1857622549983;102,7822043504886
14993;1346,1857622552266;102,78220435069368
14994;1346,185762255456;102,78220435089922
14995;1346,1857622556868;102,78220435110522
14996;1346,1857622559187;102,78220435131168
14997;1346,185762256152;102,78220435151856
14998;1346,1857622563864;102,78220435172591
14999;1346,185762256622;102,78220435193367
15000;1346,1857622568589;102,7822043521419
15001;1346,185762257097;102,78220435235053
15002;1346,185762257336;102,7822043525596
15003;1346,1857622575765;102,78220435276907
15004;1346,185762257818;102,78220435297897
15005;1346,1857622580605;102,78220435318929
15006;1346,185762258304;102,7822043534
15007;1346,1857622585487;102,78220435361114
15008;1346,1857622587947;102,78220435382265
15009;1346,1857622590417;102,78220435403458
15010;1346,1857622592895;102,78220435424687
15011;1346,1857622595383;102,78220435445957
15012;1346,1857622597881;102,78220435467264
15013;1346,185762260039;102,78220435488608
15014;1346,185762260291;102,7822043550999
15015;1346,1857622605442;102,78220435531411
15016;1346,185762260798;102,78220435552868
15017;1346,1857622610528;102,78220435574359
15018;1346,1857622613084;102,78220435595887
15019;1346,1857622615648;102,7822043561745
15020;1346,1857622618222;102,78220435639048
15021;1346,1857622620805;102,78220435660681
15022;1346,1857622623397;102,78220435682347
15023;1346,1857622625998;102,78220435704047
15024;1346,1857622628606;102,7822043572578
15025;1346,1857622631223;102,78220435747546
15026;1346,1857622633847;102,78220435769346
15027;1346,1857622636478;102,78220435791175
15028;1346,1857622639116;102,78220435813037
15029;1346,1857622641762;102,78220435834929
15030;1346,1857622644418;102,78220435856855
15031;1346,185762264708;102,78220435878808
15032;1346,1857622649752;102,78220435900792
15033;1346,1857622652428;102,78220435922805
15034;1346,1857622655111;102,78220435944847
15035;1346,18576226578;102,7822043596692
15036;1346,1857622660498;102,78220435989019
15037;1346,18576226632;102,78220436011146
15038;1346,1857622665907;102,78220436033301
15039;1346,1857622668622;102,78220436055483
15040;1346,1857622671344;102,78220436077692
15041;1346,185762267407;102,78220436099927
15042;1346,1857622676803;102,78220436122189
15043;1346,1857622679538;102,78220436144476
15044;1346,185762268228;102,78220436166785
15045;1346,185762268503;102,7822043618912
15046;1346,1857622687783;102,78220436211481
15047;1346,1857622690543;102,78220436233865
15048;1346,1857622693308;102,78220436256272
15049;1346,1857622696077;102,78220436278703
15050;1346,1857622698847;102,78220436301157
15051;1346,1857622701623;102,78220436323632
15052;1346,1857622704404;102,78220436346129
15053;1346,185762270719;102,78220436368647
15054;1346,1857622709977;102,78220436391186
15055;1346,1857622712769;102,78220436413746
15056;1346,1857622715565;102,78220436436327
15057;1346,1857622718364;102,78220436458929
15058;1346,1857622721168;102,78220436481548
15059;1346,1857622723974;102,78220436504186
15060;1346,1857622726782;102,78220436526846
15061;1346,1857622729594;102,78220436549522
15062;1346,1857622732407;102,78220436572217
15063;1346,1857622735224;102,78220436594928
15064;1346,1857622738046;102,78220436617656
15065;1346,1857622740868;102,78220436640402
15066;1346,1857622743692;102,78220436663163
15067;1346,1857622746518;102,78220436685942
15068;1346,1857622749346;102,78220436708736
15069;1346,1857622752177;102,78220436731546
15070;1346,1857622755008;102,78220436754368
15071;1346,1857622757839;102,78220436777207
15072;1346,1857622760674;102,78220436800059
15073;1346,185762276351;102,78220436822924
15074;1346,1857622766345;102,78220436845805
15075;1346,1857622769182;102,78220436868698
15076;1346,185762277202;102,78220436891603
15077;1346,185762277486;102,7822043691452
15078;1346,18576227777;102,7822043693745
15079;1346,185762278054;102,7822043696039
15080;1346,185762278338;102,78220436983341
15081;1346,185762278622;102,78220437006304
15082;1346,185762278906;102,78220437029276
15083;1346,18576227919;102,78220437052259
15084;1346,185762279474;102,78220437075252
15085;1346,185762279758;102,78220437098251
15086;1346,1857622800417;102,78220437121263
15087;1346,1857622803254;102,78220437144282
15088;1346,1857622806092;102,78220437167309
15089;1346,1857622808927;102,78220437190343
15090;1346,1857622811763;102,78220437213386
15091;1346,1857622814596;102,78220437236436
15092;1346,1857622817429;102,78220437259492
15093;1346,185762282026;102,78220437282553
15094;1346,1857622823088;102,78220437305622
15095;1346,1857622825917;102,78220437328694
15096;1346,1857622828743;102,78220437351774
15097;1346,1857622831567;102,78220437374858
15098;1346,185762283439;102,78220437397948
15099;1346,185762283721;102,7822043742104
15100;1346,1857622840027;102,78220437444135
15101;1346,1857622842842;102,78220437467236
15102;1346,1857622845655;102,78220437490339
15103;1346,1857622848465;102,78220437513444
15104;1346,1857622851273;102,78220437536552
15105;1346,185762285408;102,78220437559662
15106;1346,185762285688;102,78220437582775
15107;1346,185762285968;102,78220437605887
15108;1346,1857622862474;102,78220437629001
15109;1346,1857622865264;102,78220437652116
15110;1346,1857622868051;102,78220437675232
15111;1346,1857622870837;102,78220437698346
15112;1346,1857622873617;102,78220437721461
15113;1346,1857622876394;102,78220437744575
15114;1346,1857622879165;102,78220437767688
15115;1346,1857622881935;102,782204377908
15116;1346,18576228847;102,78220437813908
15117;1346,185762288746;102,78220437837015
15118;1346,1857622890216;102,78220437860121
15119;1346,1857622892967;102,78220437883225
15120;1346,1857622895714;102,78220437906323
15121;1346,1857622898456;102,78220437929419
15122;1346,185762290119;102,78220437952511
15123;1346,1857622903924;102,78220437975597
15124;1346,185762290665;102,78220437998681
15125;1346,1857622909372;102,7822043802176
15126;1346,185762291209;102,78220438044833
15127;1346,18576229148;102,782204380679
15128;1346,1857622917503;102,78220438090962
15129;1346,1857622920202;102,78220438114019
15130;1346,1857622922896;102,78220438137068
15131;1346,1857622925586;102,7822043816011
15132;1346,1857622928267;102,78220438183146
15133;1346,185762293094;102,78220438206174
15134;1346,185762293361;102,78220438229195
15135;1346,1857622936272;102,78220438252207
15136;1346,1857622938928;102,7822043827521
15137;1346,185762294158;102,78220438298207
15138;1346,1857622944224;102,78220438321193
15139;1346,1857622946861;102,7822043834417
15140;1346,185762294949;102,78220438367137
15141;1346,1857622952114;102,78220438390095
15142;1346,1857622954728;102,78220438413041
15143;1346,1857622957339;102,78220438435977
15144;1346,185762295994;102,78220438458902
15145;1346,1857622962532;102,78220438481817
15146;1346,1857622965117;102,78220438504718
15147;1346,1857622967696;102,7822043852761
15148;1346,1857622970267;102,78220438550487
15149;1346,1857622972832;102,78220438573355
15150;1346,1857622975388;102,78220438596207
15151;1346,1857622977934;102,78220438619047
15152;1346,1857622980474;102,78220438641874
15153;1346,1857622983005;102,78220438664688
15154;1346,1857622985526;102,78220438687487
15155;1346,1857622988039;102,78220438710271
15156;1346,1857622990544;102,78220438733041
15157;1346,185762299304;102,78220438755795
15158;1346,185762299553;102,78220438778537
15159;1346,1857622998011;102,7822043880126
15160;1346,1857623000483;102,7822043882397
15161;1346,1857623002945;102,78220438846662
15162;1346,1857623005399;102,78220438869339
15163;1346,1857623007843;102,78220438891998
15164;1346,1857623010278;102,78220438914639
15165;1346,1857623012704;102,78220438937264
15166;1346,1857623015119;102,7822043895987
15167;1346,1857623017524;102,7822043898246
15168;1346,185762301992;102,78220439005032
15169;1346,1857623022308;102,78220439027585
15170;1346,1857623024687;102,78220439050119
15171;1346,1857623027056;102,78220439072635
15172;1346,1857623029416;102,7822043909513
15173;1346,1857623031767;102,78220439117607
15174;1346,185762303411;102,78220439140063
15175;1346,185762303644;102,782204391625
15176;1346,185762303876;102,78220439184915
15177;1346,1857623041067;102,78220439207311
15178;1346,1857623043365;102,78220439229686
15179;1346,1857623045655;102,78220439252037
15180;1346,1857623047936;102,7822043927437
15181;1346,1857623050205;102,78220439296678
15182;1346,1857623052465;102,78220439318966
15183;1346,1857623054714;102,7822043934123
15184;1346,185762305695;102,78220439363473
15185;1346,185762305918;102,78220439385693
15186;1346,1857623061398;102,78220439407889
15187;1346,1857623063602;102,78220439430062
15188;1346,1857623065796;102,78220439452211
15189;1346,185762306798;102,78220439474335
15190;1346,1857623070155;102,78220439496437
15191;1346,1857623072317;102,78220439518513
15192;1346,1857623074466;102,78220439540566
15193;1346,1857623076605;102,78220439562591
15194;1346,1857623078736;102,78220439584592
15195;1346,185762308085;102,78220439606567
15196;1346,1857623082956;102,78220439628517
15197;1346,185762308505;102,78220439650441
15198;1346,185762308713;102,78220439672337
15199;1346,18576230892;102,78220439694209
15200;1346,1857623091257;102,78220439716053
15201;1346,1857623093301;102,78220439737869
15202;1346,1857623095334;102,78220439759659
15203;1346,1857623097358;102,7822043978142
15204;1346,1857623099365;102,78220439803154
15205;1346,1857623101364;102,78220439824858
15206;1346,1857623103351;102,78220439846537
15207;1346,1857623105325;102,78220439868186
15208;1346,1857623107287;102,78220439889806
15209;1346,1857623109238;102,78220439911395
15210;1346,1857623111175;102,78220439932957
15211;1346,18576231131;102,7822043995449
15212;1346,1857623115013;102,78220439975992
15213;1346,1857623116914;102,78220439997463
15214;1346,1857623118801;102,78220440018906
15215;1346,1857623120675;102,78220440040316
15216;1346,185762312254;102,78220440061696
15217;1346,1857623124388;102,78220440083045
15218;1346,1857623126225;102,78220440104363
15219;1346,185762312805;102,7822044012565
15220;1346,1857623129863;102,78220440146904
15221;1346,1857623131664;102,78220440168127
15222;1346,1857623133449;102,78220440189317
15223;1346,1857623135222;102,78220440210477
15224;1346,1857623136982;102,78220440231601
15225;1346,185762313873;102,78220440252693
15226;1346,1857623140463;102,78220440273755
15227;1346,1857623142184;102,7822044029478
15228;1346,185762314389;102,78220440315772
15229;1346,1857623145586;102,7822044033673
15230;1346,1857623147268;102,78220440357656
15231;1346,1857623148937;102,78220440378547
15232;1346,185762315059;102,78220440399403
15233;1346,1857623152232;102,78220440420225
15234;1346,185762315386;102,78220440441011
15235;1346,1857623155477;102,78220440461762
15236;1346,1857623157077;102,78220440482478
15237;1346,1857623158667;102,78220440503159
15238;1346,1857623160242;102,78220440523805
15239;1346,1857623161804;102,78220440544413
15240;1346,185762316335;102,78220440564986
15241;1346,1857623164885;102,78220440585524
15242;1346,1857623166404;102,78220440606022
15243;1346,1857623167912;102,78220440626485
15244;1346,1857623169403;102,78220440646913
15245;1346,1857623170883;102,78220440667302
15246;1346,1857623172348;102,78220440687653
15247;1346,18576231738;102,78220440707966
15248;1346,185762317524;102,78220440728244
15249;1346,1857623176666;102,78220440748481
15250;1346,1857623178078;102,78220440768682
15251;1346,1857623179474;102,78220440788843
15252;1346,1857623180858;102,78220440808967
15253;1346,1857623182227;102,7822044082905
15254;1346,1857623183585;102,78220440849095
15255;1346,1857623184926;102,782204408691
15256;1346,1857623186256;102,78220440889068
15257;1346,185762318757;102,78220440908994
15258;1346,1857623188869;102,78220440928882
15259;1346,1857623190156;102,78220440948728
15260;1346,185762319143;102,78220440968536
15261;1346,1857623192689;102,78220440988302
15262;1346,1857623193932;102,7822044100803
15263;1346,1857623195162;102,78220441027716
15264;1346,185762319638;102,7822044104736
15265;1346,1857623197582;102,78220441066964
15266;1346,185762319877;102,78220441086525
15267;1346,1857623199942;102,78220441106048
15268;1346,1857623201101;102,78220441125525
15269;1346,1857623202245;102,78220441144964
15270;1346,1857623203375;102,78220441164359
15271;1346,185762320449;102,78220441183713
15272;1346,185762320559;102,78220441203023
15273;1346,1857623206677;102,78220441222291
15274;1346,1857623207748;102,78220441241518
15275;1346,1857623208807;102,78220441260699
15276;1346,185762320985;102,7822044127984
15277;1346,1857623210879;102,78220441298937
15278;1346,1857623211895;102,7822044131799
15279;1346,1857623212895;102,78220441337001
15280;1346,1857623213884;102,78220441355965
15281;1346,1857623214858;102,78220441374889
15282;1346,1857623215815;102,78220441393766
15283;1346,185762321676;102,78220441412601
15284;1346,185762321769;102,78220441431392
15285;1346,185762321861;102,78220441450136
15286;1346,1857623219512;102,78220441468837
15287;1346,18576232204;102,78220441487493
15288;1346,1857623221276;102,78220441506103
15289;1346,1857623222136;102,7822044152467
15290;1346,1857623222984;102,78220441543189
15291;1346,1857623223816;102,78220441561663
15292;1346,1857623224635;102,78220441580095
15293;1346,185762322544;102,78220441598476
15294;1346,1857623226228;102,78220441616814
15295;1346,1857623227006;102,78220441635106
15296;1346,1857623227768;102,78220441653352
15297;1346,1857623228518;102,7822044167155
15298;1346,1857623229253;102,78220441689703
15299;1346,1857623229973;102,78220441707809
15300;1346,185762323068;102,78220441725868
15301;1346,1857623231372;102,7822044174388
15302;1346,1857623232052;102,78220441761846
15303;1346,1857623232715;102,78220441779763
15304;1346,1857623233366;102,78220441797633
15305;1346,1857623234002;102,78220441815456
15306;1346,1857623234623;102,78220441833231
15307;1346,1857623235232;102,78220441850961
15308;1346,1857623235826;102,78220441868639
15309;1346,1857623236408;102,7822044188627
15310;1346,1857623236974;102,78220441903854
15311;1346,1857623237524;102,78220441921388
15312;1346,1857623238063;102,78220441938875
15313;1346,1857623238589;102,78220441956313
15314;1346,18576232391;102,78220441973703
15315;1346,1857623239596;102,78220441991044
15316;1346,185762324008;102,78220442008335
15317;1346,1857623240548;102,78220442025578
15318;1346,1857623241006;102,78220442042772
15319;1346,1857623241447;102,78220442059916
15320;1346,1857623241874;102,78220442077009
15321;1346,1857623242288;102,78220442094054
15322;1346,1857623242688;102,78220442111049
15323;1346,1857623243075;102,78220442127996
15324;1346,1857623243445;102,7822044214489
15325;1346,1857623243804;102,78220442161735
15326;1346,1857623244152;102,78220442178531
15327;1346,1857623244487;102,78220442195274
15328;1346,1857623244805;102,78220442211969
15329;1346,1857623245112;102,78220442228613
15330;1346,1857623245403;102,78220442245205
15331;1346,1857623245683;102,78220442261748
15332;1346,1857623245946;102,7822044227824
15333;1346,1857623246199;102,78220442294679
15334;1346,1857623246437;102,78220442311071
15335;1346,1857623246665;102,78220442327408
15336;1346,1857623246876;102,78220442343695
15337;1346,1857623247076;102,78220442359932
15338;1346,185762324726;102,78220442376116
15339;1346,1857623247433;102,7822044239225
15340;1346,1857623247593;102,78220442408329
15341;1346,185762324774;102,78220442424357
15342;1346,1857623247874;102,78220442440335
15343;1346,1857623247995;102,78220442456261
15344;1346,18576232481;102,78220442472134
15345;1346,1857623248195;102,78220442487954
15346;1346,185762324828;102,78220442503722
15347;1346,1857623248347;102,7822044251944
15348;1346,1857623248404;102,78220442535103
15349;1346,1857623248447;102,78220442550713
15350;1346,185762324848;102,78220442566271
15351;1346,1857623248495;102,78220442581777
15352;1346,18576232485;102,78220442597231
15353;1346,1857623248493;102,7822044261263
15354;1346,1857623248475;102,78220442627978
15355;1346,1857623248443;102,7822044264327
15356;1346,18576232484;102,7822044265851
15357;1346,1857623248345;102,78220442673698
15358;1346,1857623248275;102,78220442688833
15359;1346,1857623248195;102,78220442703912
15360;1346,1857623248104;102,7822044271894
15361;1346,1857623247997;102,78220442733914
15362;1346,1857623247881;102,78220442748834
15363;1346,185762324775;102,782204427637
15364;1346,1857623247606;102,7822044277851
15365;1346,1857623247454;102,78220442793268
15366;1346,1857623247286;102,78220442807972
15367;1346,1857623247108;102,78220442822622
15368;1346,1857623246917;102,78220442837218
15369;1346,1857623246713;102,7822044285176
15370;1346,1857623246499;102,78220442866247
15371;1346,1857623246271;102,7822044288068
15372;1346,1857623246033;102,78220442895059
15373;1346,1857623245783;102,78220442909382
15374;1346,1857623245521;102,78220442923651
15375;1346,1857623245246;102,78220442937868
15376;1346,1857623244962;102,78220442952028
15377;1346,1857623244666;102,78220442966133
15378;1346,1857623244357;102,78220442980184
15379;1346,1857623244036;102,78220442994179
15380;1346,1857623243707;102,78220443008121
15381;1346,1857623243363;102,78220443022008
15382;1346,1857623243009;102,78220443035838
15383;1346,1857623242645;102,78220443049614
15384;1346,185762324227;102,78220443063334
15385;1346,185762324188;102,78220443076998
15386;1346,185762324148;102,78220443090608
15387;1346,1857623241071;102,78220443104163
15388;1346,185762324065;102,78220443117664
15389;1346,1857623240219;102,78220443131106
15390;1346,1857623239775;102,78220443144495
15391;1346,1857623239323;102,78220443157828
15392;1346,185762323886;102,78220443171105
15393;1346,1857623238384;102,78220443184325
15394;1346,1857623237897;102,7822044319749
15395;1346,18576232374;102,78220443210601
15396;1346,1857623236892;102,78220443223655
15397;1346,1857623236376;102,78220443236653
15398;1346,1857623235849;102,78220443249596
15399;1346,185762323531;102,78220443262482
15400;1346,185762323476;102,78220443275313
15401;1346,18576232342;102,78220443288087
15402;1346,1857623233632;102,78220443300806
15403;1346,1857623233054;102,7822044331347
15404;1346,1857623232468;102,78220443326076
15405;1346,1857623231867;102,78220443338626
15406;1346,1857623231256;102,7822044335112
15407;1346,1857623230635;102,78220443363558
15408;1346,1857623230005;102,78220443375939
15409;1346,1857623229366;102,78220443388264
15410;1346,1857623228718;102,78220443400534
15411;1346,185762322806;102,78220443412745
15412;1346,1857623227395;102,78220443424902
15413;1346,185762322672;102,78220443437003
15414;1346,1857623226033;102,78220443449045
15415;1346,185762322534;102,7822044346103
15416;1346,1857623224635;102,78220443472962
15417;1346,185762322392;102,78220443484835
15418;1346,1857623223195;102,78220443496652
15419;1346,185762322246;102,78220443508413
15420;1346,1857623221717;102,78220443520118
15421;1346,1857623220965;102,78220443531765
15422;1346,1857623220203;102,78220443543356
15423;1346,1857623219432;102,78220443554889
15424;1346,1857623218652;102,78220443566367
15425;1346,1857623217863;102,78220443577787
15426;1346,1857623217065;102,78220443589152
15427;1346,1857623216263;102,78220443600459
15428;1346,185762321545;102,7822044361171
15429;1346,185762321463;102,78220443622902
15430;1346,18576232138;102,7822044363404
15431;1346,1857623212961;102,7822044364512
15432;1346,1857623212115;102,78220443656143
15433;1346,1857623211263;102,78220443667108
15434;1346,18576232104;102,78220443678018
15435;1346,185762320953;102,78220443688872
15436;1346,1857623208653;102,78220443699668
15437;1346,1857623207766;102,78220443710406
15438;1346,185762320687;102,78220443721088
15439;1346,1857623205965;102,78220443731713
15440;1346,1857623205053;102,78220443742282
15441;1346,1857623204135;102,78220443752794
15442;1346,185762320321;102,78220443763249
15443;1346,1857623202277;102,78220443773645
15444;1346,1857623201336;102,78220443783985
15445;1346,1857623200387;102,7822044379427
15446;1346,185762319943;102,78220443804497
15447;1346,1857623198468;102,78220443814666
15448;1346,1857623197498;102,78220443824779
15449;1346,1857623196522;102,78220443834837
15450;1346,1857623195538;102,78220443844836
15451;1346,1857623194544;102,7822044385478
15452;1346,1857623193546;102,78220443864664
15453;1346,1857623192539;102,78220443874493
15454;1346,1857623191527;102,78220443884264
15455;1346,1857623190508;102,7822044389398
15456;1346,185762318948;102,78220443903638
15457;1346,185762318845;102,7822044391324
15458;1346,1857623187411;102,78220443922784
15459;1346,1857623186365;102,78220443932271
15460;1346,1857623185315;102,78220443941701
15461;1346,1857623184255;102,78220443951076
15462;1346,1857623183191;102,78220443960393
15463;1346,1857623182118;102,78220443969654
15464;1346,185762318104;102,78220443978857
15465;1346,1857623179958;102,78220443988005
15466;1346,1857623178869;102,78220443997094
15467;1346,1857623177773;102,78220444006128
15468;1346,1857623176672;102,78220444015105
15469;1346,1857623175565;102,78220444024025
15470;1346,1857623174453;102,78220444032888
15471;1346,1857623173335;102,78220444041695
15472;1346,1857623172211;102,78220444050446
15473;1346,1857623171084;102,78220444059139
15474;1346,185762316995;102,78220444067776
15475;1346,1857623168808;102,78220444076355
15476;1346,1857623167662;102,78220444084882
15477;1346,1857623166509;102,78220444093348
15478;1346,1857623165351;102,78220444101758
15479;1346,1857623164187;102,78220444110114
15480;1346,1857623163019;102,7822044411841
15481;1346,1857623161845;102,78220444126653
15482;1346,1857623160668;102,78220444134838
15483;1346,1857623159485;102,78220444142967
15484;1346,1857623158298;102,7822044415104
15485;1346,1857623157107;102,78220444159057
15486;1346,185762315591;102,78220444167016
15487;1346,185762315471;102,78220444174922
15488;1346,1857623153505;102,78220444182769
15489;1346,1857623152296;102,7822044419056
15490;1346,1857623151084;102,78220444198296
15491;1346,1857623149867;102,78220444205975
15492;1346,1857623148646;102,78220444213599
15493;1346,185762314742;102,78220444221166
15494;1346,185762314619;102,78220444228678
15495;1346,1857623144956;102,78220444236133
15496;1346,1857623143717;102,78220444243533
15497;1346,1857623142475;102,78220444250879
15498;1346,1857623141232;102,78220444258166
15499;1346,1857623139983;102,78220444265399
15500;1346,185762313873;102,78220444272574
15501;1346,1857623137473;102,78220444279697
15502;1346,1857623136214;102,7822044428676
15503;1346,1857623134952;102,78220444293771
15504;1346,1857623133685;102,78220444300725
15505;1346,1857623132416;102,78220444307624
15506;1346,1857623131143;102,78220444314466
15507;1346,1857623129868;102,78220444321255
15508;1346,185762312859;102,78220444327988
15509;1346,185762312731;102,78220444334663
15510;1346,1857623126025;102,78220444341287
15511;1346,1857623124738;102,78220444347853
15512;1346,1857623123447;102,78220444354365
15513;1346,1857623122155;102,78220444360821
15514;1346,185762312086;102,78220444367223
15515;1346,185762311956;102,78220444373568
15516;1346,185762311826;102,78220444379859
15517;1346,1857623116955;102,78220444386095
15518;1346,185762311565;102,78220444392277
15519;1346,1857623114342;102,78220444398406
15520;1346,1857623113033;102,78220444404477
15521;1346,185762311172;102,78220444410493
15522;1346,1857623110407;102,78220444416456
15523;1346,1857623109092;102,78220444422364
15524;1346,1857623107774;102,78220444428219
15525;1346,1857623106455;102,7822044443402
15526;1346,1857623105132;102,78220444439764
15527;1346,1857623103808;102,78220444445454
15528;1346,1857623102485;102,7822044445109
15529;1346,1857623101157;102,78220444456672
15530;1346,185762309983;102,78220444462201
15531;1346,18576230985;102,78220444467675
15532;1346,1857623097167;102,78220444473095
15533;1346,1857623095834;102,78220444478461
15534;1346,1857623094502;102,78220444483773
15535;1346,1857623093167;102,78220444489033
15536;1346,185762309183;102,78220444494237
15537;1346,1857623090493;102,78220444499388
15538;1346,1857623089154;102,78220444504484
15539;1346,1857623087815;102,78220444509529
15540;1346,1857623086476;102,78220444514518
15541;1346,1857623085134;102,78220444519457
15542;1346,1857623083793;102,78220444524338
15543;1346,185762308245;102,78220444529168
15544;1346,1857623081107;102,78220444533946
15545;1346,1857623079763;102,7822044453867
15546;1346,185762307842;102,78220444543341
15547;1346,1857623077076;102,78220444547959
15548;1346,1857623075732;102,78220444552524
15549;1346,1857623074388;102,78220444557037
15550;1346,1857623073042;102,78220444561497
15551;1346,1857623071696;102,78220444565903
15552;1346,185762307035;102,78220444570256
15553;1346,1857623069004;102,78220444574559
15554;1346,1857623067658;102,78220444578808
15555;1346,1857623066312;102,78220444583005
15556;1346,1857623064968;102,78220444587149
15557;1346,1857623063624;102,78220444591243
15558;1346,185762306228;102,78220444595283
15559;1346,1857623060937;102,7822044459927
15560;1346,1857623059593;102,78220444603207
15561;1346,185762305825;102,7822044460709
15562;1346,1857623056906;102,78220444610923
15563;1346,1857623055562;102,78220444614705
15564;1346,185762305422;102,78220444618434
15565;1346,1857623052879;102,7822044462211
15566;1346,185762305154;102,78220444625737
15567;1346,18576230502;102,78220444629312
15568;1346,185762304886;102,78220444632835
15569;1346,1857623047524;102,78220444636308
15570;1346,185762304619;102,78220444639729
15571;1346,1857623044855;102,782204446431
15572;1346,185762304352;102,78220444646418
15573;1346,1857623042188;102,78220444649685
15574;1346,1857623040858;102,78220444652904
15575;1346,1857623039527;102,7822044465607
15576;1346,1857623038197;102,78220444659186
15577;1346,185762303687;102,7822044466225
15578;1346,1857623035544;102,78220444665266
15579;1346,1857623034218;102,78220444668231
15580;1346,1857623032895;102,78220444671146
15581;1346,1857623031574;102,78220444674011
15582;1346,1857623030255;102,78220444676823
15583;1346,1857623028939;102,7822044467959
15584;1346,1857623027622;102,78220444682304
15585;1346,1857623026308;102,78220444684969
15586;1346,1857623024996;102,78220444687584
15587;1346,1857623023686;102,78220444690149
15588;1346,185762302238;102,78220444692666
15589;1346,1857623021074;102,78220444695131
15590;1346,185762301977;102,7822044469755
15591;1346,185762301847;102,78220444699917
15592;1346,1857623017172;102,78220444702237
15593;1346,1857623015876;102,78220444704506
15594;1346,1857623014582;102,78220444706727
15595;1346,185762301329;102,78220444708899
15596;1346,1857623012002;102,78220444711022
15597;1346,1857623010715;102,78220444713097
15598;1346,185762300943;102,78220444715123
15599;1346,1857623008148;102,78220444717101
15600;1346,1857623006867;102,78220444719031
15601;1346,185762300559;102,78220444720912
15602;1346,1857623004316;102,78220444722746
15603;1346,1857623003045;102,7822044472453
15604;1346,1857623001777;102,78220444726267
15605;1346,1857623000512;102,78220444727957
15606;1346,185762299925;102,782204447296
15607;1346,185762299799;102,78220444731194
15608;1346,1857622996736;102,7822044473274
15609;1346,1857622995483;102,7822044473424
15610;1346,1857622994232;102,78220444735693
15611;1346,1857622992986;102,78220444737097
15612;1346,1857622991745;102,78220444738456
15613;1346,1857622990506;102,78220444739765
15614;1346,1857622989269;102,7822044474103
15615;1346,1857622988036;102,78220444742247
15616;1346,1857622986809;102,78220444743417
15617;1346,185762298558;102,78220444744542
15618;1346,1857622984357;102,7822044474562
15619;1346,1857622983139;102,78220444746651
15620;1346,1857622981925;102,78220444747635
15621;1346,1857622980715;102,78220444748573
15622;1346,1857622979505;102,78220444749466
15623;1346,1857622978303;102,78220444750315
15624;1346,1857622977102;102,78220444751115
15625;1346,1857622975906;102,7822044475187
15626;1346,1857622974715;102,78220444752581
15627;1346,1857622973528;102,78220444753246
15628;1346,1857622972343;102,78220444753865
15629;1346,1857622971163;102,7822044475444
15630;1346,1857622969987;102,78220444754967
15631;1346,1857622968814;102,78220444755452
15632;1346,1857622967648;102,78220444755891
15633;1346,1857622966486;102,78220444756286
15634;1346,1857622965329;102,78220444756636
15635;1346,1857622964174;102,7822044475694
15636;1346,1857622963025;102,78220444757203
15637;1346,185762296188;102,78220444757419
15638;1346,1857622960738;102,78220444757591
15639;1346,1857622959599;102,78220444757719
15640;1346,1857622958469;102,78220444757804
15641;1346,185762295734;102,78220444757845
15642;1346,185762295622;102,78220444757841
15643;1346,1857622955101;102,78220444757795
15644;1346,185762295399;102,78220444757704
15645;1346,185762295288;102,7822044475757
15646;1346,1857622951777;102,78220444757395
15647;1346,1857622950677;102,78220444757174
15648;1346,1857622949583;102,7822044475691
15649;1346,1857622948494;102,78220444756604
15650;1346,185762294741;102,78220444756256
15651;1346,1857622946332;102,78220444755866
15652;1346,1857622945258;102,7822044475543
15653;1346,185762294419;102,78220444754956
15654;1346,1857622943126;102,78220444754436
15655;1346,1857622942068;102,78220444753877
15656;1346,1857622941013;102,78220444753275
15657;1346,1857622939965;102,7822044475263
15658;1346,185762293892;102,78220444751945
15659;1346,185762293788;102,78220444751216
15660;1346,1857622936845;102,78220444750447
15661;1346,1857622935815;102,78220444749634
15662;1346,1857622934795;102,78220444748781
15663;1346,1857622933778;102,78220444747889
15664;1346,1857622932766;102,78220444746954
15665;1346,185762293176;102,7822044474598
15666;1346,1857622930756;102,78220444744963
15667;1346,185762292976;102,78220444743907
15668;1346,1857622928767;102,7822044474281
15669;1346,1857622927782;102,78220444741672
15670;1346,1857622926802;102,78220444740492
15671;1346,1857622925827;102,78220444739274
15672;1346,1857622924858;102,78220444738018
15673;1346,1857622923894;102,78220444736719
15674;1346,1857622922937;102,78220444735382
15675;1346,1857622921987;102,78220444734004
15676;1346,185762292104;102,78220444732585
15677;1346,18576229201;102,78220444731129
15678;1346,1857622919163;102,78220444729634
15679;1346,1857622918233;102,78220444728099
15680;1346,185762291731;102,78220444726523
15681;1346,185762291639;102,7822044472491
15682;1346,1857622915477;102,7822044472326
15683;1346,1857622914572;102,78220444721569
15684;1346,1857622913672;102,7822044471984
15685;1346,1857622912776;102,78220444718072
15686;1346,185762291189;102,78220444716267
15687;1346,1857622911007;102,78220444714424
15688;1346,185762291013;102,78220444712542
15689;1346,1857622909258;102,78220444710624
15690;1346,1857622908394;102,78220444708666
15691;1346,1857622907535;102,7822044470667
15692;1346,1857622906682;102,78220444704638
15693;1346,1857622905839;102,78220444702569
15694;1346,1857622905;102,78220444700463
15695;1346,1857622904165;102,78220444698319
15696;1346,1857622903337;102,78220444696137
15697;1346,1857622902517;102,78220444693919
15698;1346,18576229017;102,78220444691665
15699;1346,185762290089;102,78220444689374
15700;1346,1857622900088;102,78220444687047
15701;1346,185762289929;102,78220444684685
15702;1346,18576228985;102,78220444682283
15703;1346,1857622897714;102,78220444679849
15704;1346,1857622896935;102,78220444677378
15705;1346,1857622896164;102,7822044467487
15706;1346,18576228954;102,78220444672326
15707;1346,1857622894638;102,78220444669748
15708;1346,1857622893885;102,78220444667134
15709;1346,185762289314;102,78220444664485
15710;1346,1857622892398;102,78220444661801
15711;1346,1857622891664;102,78220444659082
15712;1346,1857622890936;102,78220444656327
15713;1346,1857622890216;102,7822044465354
15714;1346,1857622889502;102,78220444650717
15715;1346,1857622888792;102,7822044464786
15716;1346,1857622888092;102,78220444644968
15717;1346,1857622887396;102,78220444642042
15718;1346,1857622886705;102,78220444639084
15719;1346,1857622886023;102,78220444636088
15720;1346,1857622885348;102,78220444633061
15721;1346,185762288468;102,78220444630001
15722;1346,1857622884015;102,78220444626905
15723;1346,1857622883358;102,78220444623777
15724;1346,185762288271;102,78220444620617
15725;1346,1857622882067;102,78220444617422
15726;1346,185762288143;102,78220444614196
15727;1346,18576228808;102,78220444610936
15728;1346,1857622880177;102,78220444607645
15729;1346,1857622879559;102,78220444604321
15730;1346,1857622878947;102,78220444600962
15731;1346,1857622878345;102,78220444597574
15732;1346,1857622877747;102,78220444594152
15733;1346,1857622877155;102,78220444590698
15734;1346,185762287657;102,78220444587214
15735;1346,1857622875993;102,78220444583697
15736;1346,1857622875425;102,78220444580148
15737;1346,1857622874859;102,78220444576569
15738;1346,1857622874302;102,78220444572959
15739;1346,1857622873752;102,78220444569315
15740;1346,1857622873206;102,78220444565643
15741;1346,185762287267;102,7822044456194
15742;1346,1857622872137;102,78220444558205
15743;1346,1857622871614;102,7822044455444
15744;1346,1857622871096;102,78220444550642
15745;1346,1857622870584;102,78220444546817
15746;1346,185762287008;102,78220444542961
15747;1346,1857622869582;102,78220444539076
15748;1346,185762286909;102,78220444535158
15749;1346,1857622868606;102,78220444531213
15750;1346,1857622868129;102,78220444527238
15751;1346,1857622867658;102,78220444523234
15752;1346,1857622867194;102,782204445192
15753;1346,1857622866735;102,78220444515136
15754;1346,1857622866282;102,78220444511045
15755;1346,185762286584;102,78220444506923
15756;1346,18576228654;102,78220444502773
15757;1346,1857622864968;102,78220444498595
15758;1346,1857622864543;102,78220444494387
15759;1346,1857622864127;102,78220444490154
15760;1346,1857622863715;102,78220444485889
15761;1346,1857622863308;102,78220444481599
15762;1346,185762286291;102,78220444477279
15763;1346,185762286252;102,78220444472932
15764;1346,1857622862135;102,78220444468556
15765;1346,1857622861755;102,78220444464152
15766;1346,1857622861382;102,78220444459723
15767;1346,1857622861019;102,78220444455266
15768;1346,185762286066;102,78220444450783
15769;1346,1857622860307;102,7822044444627
15770;1346,1857622859961;102,78220444441735
15771;1346,1857622859625;102,78220444437169
15772;1346,1857622859293;102,78220444432579
15773;1346,1857622858965;102,78220444427961
15774;1346,1857622858647;102,78220444423317
15775;1346,1857622858336;102,78220444418646
15776;1346,185762285803;102,78220444413952
15777;1346,185762285773;102,7822044440923
15778;1346,185762285744;102,78220444404482
15779;1346,1857622857156;102,7822044439971
15780;1346,1857622856874;102,78220444394913
15781;1346,18576228566;102,78220444390088
15782;1346,1857622856335;102,7822044438524
15783;1346,1857622856078;102,78220444380368
15784;1346,1857622855825;102,78220444375468
15785;1346,1857622855578;102,78220444370545
15786;1346,1857622855339;102,78220444365597
15787;1346,1857622855107;102,78220444360625
15788;1346,185762285488;102,7822044435563
15789;1346,185762285466;102,78220444350607
15790;1346,1857622854445;102,78220444345564
15791;1346,1857622854238;102,78220444340495
15792;1346,1857622854038;102,78220444335405
15793;1346,1857622853845;102,78220444330289
15794;1346,1857622853659;102,78220444325149
15795;1346,1857622853477;102,78220444319987
15796;1346,1857622853302;102,78220444314802
15797;1346,1857622853133;102,78220444309592
15798;1346,1857622852972;102,78220444304363
15799;1346,1857622852817;102,78220444299107
15800;1346,1857622852667;102,78220444293831
15801;1346,1857622852526;102,78220444288532
15802;1346,185762285239;102,7822044428321
15803;1346,1857622852258;102,78220444277866
15804;1346,1857622852135;102,78220444272499
15805;1346,185762285202;102,78220444267113
15806;1346,1857622851908;102,78220444261703
15807;1346,1857622851803;102,78220444256272
15808;1346,1857622851705;102,78220444250819
15809;1346,1857622851612;102,78220444245346
15810;1346,1857622851526;102,7822044423985
15811;1346,1857622851446;102,78220444234334
15812;1346,1857622851373;102,78220444228796
15813;1346,1857622851305;102,78220444223238
15814;1346,1857622851244;102,78220444217659
15815;1346,185762285119;102,7822044421206
15816;1346,1857622851142;102,78220444206443
15817;1346,1857622851098;102,78220444200802
15818;1346,1857622851062;102,78220444195142
15819;1346,1857622851032;102,78220444189463
15820;1346,1857622851007;102,78220444183764
15821;1346,185762285099;102,78220444178044
15822;1346,1857622850978;102,78220444172304
15823;1346,185762285097;102,78220444166547
15824;1346,185762285097;102,78220444160769
15825;1346,1857622850973;102,78220444154972
15826;1346,1857622850982;102,78220444149157
15827;1346,1857622850998;102,78220444143324
15828;1346,185762285102;102,78220444137469
15829;1346,185762285105;102,78220444131598
15830;1346,1857622851085;102,78220444125708
15831;1346,1857622851126;102,782204441198
15832;1346,1857622851169;102,78220444113873
15833;1346,185762285122;102,78220444107927
15834;1346,1857622851278;102,78220444101964
15835;1346,185762285134;102,78220444095984
15836;1346,1857622851408;102,78220444089986
15837;1346,1857622851483;102,78220444083972
15838;1346,1857622851562;102,78220444077938
15839;1346,1857622851649;102,78220444071889
15840;1346,185762285174;102,78220444065822
15841;1346,1857622851837;102,78220444059738
15842;1346,1857622851942;102,78220444053638
15843;1346,185762285205;102,7822044404752
15844;1346,1857622852165;102,78220444041386
15845;1346,1857622852285;102,78220444035236
15846;1346,185762285241;102,78220444029068
15847;1346,1857622852542;102,78220444022887
15848;1346,1857622852679;102,78220444016688
15849;1346,185762285282;102,78220444010473
15850;1346,1857622852967;102,78220444004243
15851;1346,185762285312;102,78220443997998
15852;1346,1857622853279;102,78220443991735
15853;1346,1857622853443;102,78220443985461
15854;1346,185762285361;102,78220443979168
15855;1346,1857622853786;102,78220443972862
15856;1346,1857622853965;102,78220443966539
15857;1346,185762285415;102,78220443960203
15858;1346,1857622854338;102,78220443953853
15859;1346,1857622854534;102,78220443947487
15860;1346,1857622854736;102,78220443941107
15861;1346,1857622854943;102,78220443934713
15862;1346,1857622855155;102,78220443928305
15863;1346,185762285537;102,78220443921883
15864;1346,1857622855591;102,78220443915447
15865;1346,1857622855816;102,78220443908997
15866;1346,1857622856046;102,78220443902534
15867;1346,1857622856282;102,78220443896058
15868;1346,1857622856523;102,78220443889568
15869;1346,185762285677;102,78220443883065
15870;1346,185762285702;102,78220443876548
15871;1346,1857622857276;102,78220443870019
15872;1346,1857622857538;102,78220443863478
15873;1346,1857622857804;102,78220443856922
15874;1346,1857622858076;102,78220443850357
15875;1346,1857622858352;102,78220443843779
15876;1346,1857622858633;102,78220443837186
15877;1346,1857622858918;102,78220443830583
15878;1346,1857622859209;102,78220443823967
15879;1346,1857622859504;102,7822044381734
15880;1346,1857622859804;102,78220443810702
15881;1346,185762286011;102,7822044380405
15882;1346,1857622860418;102,78220443797387
15883;1346,1857622860732;102,78220443790715
15884;1346,185762286105;102,7822044378403
15885;1346,1857622861373;102,78220443777334
15886;1346,1857622861698;102,78220443770627
15887;1346,1857622862028;102,7822044376391
15888;1346,1857622862362;102,78220443757182
15889;1346,1857622862701;102,78220443750443
15890;1346,1857622863045;102,78220443743695
15891;1346,1857622863392;102,78220443736934
15892;1346,1857622863745;102,78220443730164
15893;1346,1857622864102;102,78220443723386
15894;1346,1857622864463;102,78220443716597
15895;1346,185762286483;102,78220443709799
15896;1346,18576228652;102,78220443702989
15897;1346,1857622865573;102,7822044369617
15898;1346,1857622865953;102,78220443689342
15899;1346,1857622866332;102,78220443682505
15900;1346,1857622866717;102,7822044367566
15901;1346,1857622867105;102,78220443668805
15902;1346,1857622867499;102,7822044366194
15903;1346,1857622867897;102,78220443655069
15904;1346,18576228683;102,78220443648186
15905;1346,1857622868706;102,78220443641295
15906;1346,1857622869115;102,78220443634399
15907;1346,185762286953;102,78220443627491
15908;1346,1857622869945;102,78220443620577
15909;1346,1857622870368;102,78220443613654
15910;1346,1857622870793;102,78220443606725
15911;1346,185762287122;102,78220443599787
15912;1346,1857622871653;102,7822044359284
15913;1346,185762287209;102,78220443585887
15914;1346,185762287253;102,78220443578925
15915;1346,1857622872974;102,78220443571959
15916;1346,185762287342;102,78220443564983
15917;1346,185762287387;102,78220443558
15918;1346,1857622874325;102,78220443551011
15919;1346,1857622874784;102,78220443544015
15920;1346,1857622875243;102,78220443537013
15921;1346,1857622875707;102,78220443530005
15922;1346,1857622876175;102,7822044352299
15923;1346,1857622876644;102,78220443515967
15924;1346,1857622877117;102,7822044350894
15925;1346,1857622877594;102,78220443501907
15926;1346,1857622878076;102,78220443494868
15927;1346,185762287856;102,78220443487821
15928;1346,1857622879047;102,78220443480771
15929;1346,1857622879538;102,78220443473714
15930;1346,1857622880032;102,78220443466653
15931;1346,1857622880527;102,78220443459585
15932;1346,1857622881028;102,78220443452511
15933;1346,185762288153;102,78220443445434
15934;1346,1857622882035;102,78220443438352
15935;1346,1857622882542;102,78220443431263
15936;1346,1857622883053;102,78220443424172
15937;1346,1857622883567;102,78220443417077
15938;1346,1857622884083;102,78220443409975
15939;1346,1857622884604;102,7822044340287
15940;1346,1857622885125;102,7822044339576
15941;1346,185762288565;102,78220443388646
15942;1346,1857622886178;102,7822044338153
15943;1346,1857622886707;102,78220443374407
15944;1346,185762288724;102,7822044336728
15945;1346,1857622887774;102,78220443360152
15946;1346,1857622888313;102,7822044335302
15947;1346,1857622888851;102,78220443345884
15948;1346,1857622889395;102,78220443338745
15949;1346,185762288994;102,78220443331601
15950;1346,1857622890489;102,78220443324456
15951;1346,1857622891039;102,78220443317308
15952;1346,1857622891591;102,78220443310157
15953;1346,1857622892148;102,78220443303002
15954;1346,1857622892705;102,78220443295844
15955;1346,1857622893265;102,78220443288686
15956;1346,1857622893826;102,78220443281523
15957;1346,185762289439;102,7822044327436
15958;1346,1857622894956;102,78220443267195
15959;1346,1857622895523;102,78220443260027
15960;1346,1857622896093;102,78220443252856
15961;1346,1857622896666;102,78220443245685
15962;1346,1857622897242;102,78220443238511
15963;1346,1857622897817;102,78220443231336
15964;1346,1857622898397;102,7822044322416
15965;1346,1857622898976;102,78220443216982
15966;1346,1857622899558;102,78220443209803
15967;1346,1857622900143;102,78220443202622
15968;1346,1857622900727;102,78220443195441
15969;1346,1857622901316;102,78220443188259
15970;1346,1857622901905;102,78220443181075
15971;1346,1857622902496;102,7822044317389
15972;1346,185762290309;102,78220443166707
15973;1346,1857622903685;102,78220443159522
15974;1346,185762290428;102,78220443152337
15975;1346,185762290488;102,78220443145152
15976;1346,185762290548;102,78220443137965
15977;1346,185762290608;102,7822044313078
15978;1346,1857622906682;102,78220443123594
15979;1346,1857622907287;102,78220443116408
15980;1346,1857622907892;102,78220443109224
15981;1346,1857622908499;102,78220443102038
15982;1346,1857622909108;102,78220443094854
15983;1346,1857622909718;102,78220443087669
15984;1346,1857622910327;102,78220443080487
15985;1346,1857622910939;102,78220443073305
15986;1346,1857622911552;102,78220443066122
15987;1346,1857622912166;102,78220443058942
15988;1346,185762291278;102,78220443051762
15989;1346,1857622913399;102,78220443044584
15990;1346,1857622914017;102,78220443037408
15991;1346,1857622914636;102,7822044303023
15992;1346,1857622915254;102,78220443023058
15993;1346,1857622915877;102,78220443015884
15994;1346,18576229165;102,78220443008713
15995;1346,1857622917123;102,78220443001545
15996;1346,1857622917746;102,78220442994379
15997;1346,185762291837;102,78220442987215
15998;1346,1857622918997;102,78220442980052
15999;1346,1857622919624;102,7822044297289
16000;1346,1857622920252;102,78220442965733
16001;1346,185762292088;102,78220442958576
16002;1346,1857622921507;102,78220442951424
16003;1346,1857622922134;102,78220442944273
16004;1346,1857622922764;102,78220442937125
16005;1346,1857622923396;102,7822044292998
16006;1346,1857622924028;102,78220442922839
16007;1346,185762292466;102,78220442915699
16008;1346,1857622925293;102,78220442908562
16009;1346,1857622925925;102,7822044290143
16010;1346,1857622926557;102,78220442894302
16011;1346,185762292719;102,78220442887176
16012;1346,1857622927823;102,78220442880053
16013;1346,1857622928458;102,78220442872934
16014;1346,1857622929094;102,78220442865819
16015;1346,185762292973;102,7822044285871
16016;1346,1857622930368;102,78220442851601
16017;1346,1857622931004;102,78220442844498
16018;1346,185762293164;102,78220442837399
16019;1346,1857622932278;102,78220442830303
16020;1346,1857622932914;102,78220442823212
16021;1346,185762293355;102,78220442816126
16022;1346,1857622934187;102,78220442809045
16023;1346,1857622934824;102,78220442801967
16024;1346,185762293546;102,78220442794895
16025;1346,1857622936097;102,78220442787828
16026;1346,1857622936734;102,78220442780764
16027;1346,185762293737;102,78220442773707
16028;1346,1857622938007;102,78220442766653
16029;1346,1857622938644;102,78220442759607
16030;1346,185762293928;102,78220442752563
16031;1346,1857622939917;102,78220442745526
16032;1346,1857622940554;102,78220442738494
16033;1346,185762294119;102,78220442731468
16034;1346,1857622941825;102,78220442724448
16035;1346,185762294246;102,7822044271743
16036;1346,1857622943094;102,78220442710422
16037;1346,1857622943728;102,78220442703419
16038;1346,1857622944362;102,7822044269642
16039;1346,1857622944995;102,7822044268943
16040;1346,1857622945627;102,78220442682445
16041;1346,1857622946259;102,78220442675463
16042;1346,185762294689;102,78220442668491
16043;1346,1857622947523;102,78220442661525
16044;1346,1857622948155;102,78220442654565
16045;1346,1857622948785;102,78220442647611
16046;1346,1857622949415;102,78220442640664
16047;1346,1857622950045;102,78220442633726
16048;1346,1857622950672;102,78220442626791
16049;1346,18576229513;102,78220442619866
16050;1346,1857622951927;102,78220442612945
16051;1346,1857622952555;102,78220442606032
16052;1346,185762295318;102,78220442599127
16053;1346,1857622953805;102,7822044259223
16054;1346,1857622954428;102,78220442585338
16055;1346,1857622955051;102,78220442578456
16056;1346,1857622955674;102,7822044257158
16057;1346,1857622956297;102,78220442564711
16058;1346,1857622956918;102,78220442557851
16059;1346,1857622957536;102,78220442550999
16060;1346,1857622958155;102,78220442544153
16061;1346,1857622958773;102,78220442537315
16062;1346,1857622959392;102,78220442530487
16063;1346,1857622960006;102,78220442523666
16064;1346,185762296062;102,78220442516852
16065;1346,1857622961234;102,78220442510047
16066;1346,1857622961847;102,78220442503252
16067;1346,185762296246;102,78220442496462
16068;1346,1857622963068;102,78220442489682
16069;1346,1857622963678;102,7822044248291
16070;1346,1857622964287;102,7822044247615
16071;1346,1857622964892;102,78220442469396
16072;1346,1857622965497;102,78220442462649
16073;1346,1857622966102;102,78220442455914
16074;1346,1857622966704;102,78220442449187
16075;1346,1857622967304;102,78220442442468
16076;1346,1857622967905;102,78220442435759
16077;1346,1857622968505;102,78220442429058
16078;1346,18576229691;102,78220442422368
16079;1346,1857622969696;102,78220442415686
16080;1346,1857622970292;102,78220442409014
16081;1346,1857622970883;102,78220442402352
16082;1346,1857622971474;102,78220442395698
16083;1346,1857622972066;102,78220442389055
16084;1346,1857622972652;102,7822044238242
16085;1346,185762297324;102,78220442375796
16086;1346,1857622973826;102,78220442369182
16087;1346,1857622974408;102,78220442362577
16088;1346,185762297499;102,7822044235598
16089;1346,185762297557;102,78220442349397
16090;1346,1857622976147;102,78220442342824
16091;1346,1857622976725;102,78220442336257
16092;1346,1857622977298;102,78220442329705
16093;1346,185762297787;102,78220442323162
16094;1346,1857622978441;102,78220442316628
16095;1346,185762297901;102,78220442310104
16096;1346,1857622979578;102,78220442303592
16097;1346,1857622980142;102,78220442297089
16098;1346,1857622980706;102,78220442290599
16099;1346,1857622981267;102,78220442284119
16100;1346,1857622981827;102,78220442277647
16101;1346,1857622982384;102,7822044227119
16102;1346,1857622982939;102,78220442264741
16103;1346,1857622983493;102,78220442258306
16104;1346,1857622984046;102,7822044225188
16105;1346,1857622984596;102,78220442245465
16106;1346,1857622985144;102,7822044223906
16107;1346,185762298569;102,78220442232669
16108;1346,1857622986233;102,78220442226286
16109;1346,1857622986774;102,78220442219919
16110;1346,1857622987313;102,78220442213559
16111;1346,185762298785;102,78220442207214
16112;1346,1857622988384;102,78220442200879
16113;1346,1857622988919;102,78220442194555
16114;1346,185762298945;102,78220442188244
16115;1346,185762298998;102,78220442181943
16116;1346,1857622990506;102,78220442175656
16117;1346,185762299103;102,78220442169379
16118;1346,1857622991552;102,78220442163115
16119;1346,1857622992072;102,78220442156862
16120;1346,1857622992588;102,78220442150622
16121;1346,1857622993105;102,78220442144396
16122;1346,1857622993618;102,7822044213818
16123;1346,185762299413;102,78220442131976
16124;1346,1857622994637;102,78220442125784
16125;1346,1857622995144;102,78220442119606
16126;1346,1857622995647;102,78220442113441
16127;1346,185762299615;102,78220442107286
16128;1346,1857622996647;102,78220442101146
16129;1346,1857622997145;102,78220442095017
16130;1346,1857622997638;102,782204420889
16131;1346,185762299813;102,78220442082797
16132;1346,1857622998618;102,78220442076707
16133;1346,1857622999103;102,7822044207063
16134;1346,1857622999587;102,78220442064564
16135;1346,1857623000067;102,78220442058513
16136;1346,1857623000546;102,78220442052475
16137;1346,1857623001022;102,78220442046448
16138;1346,1857623001497;102,78220442040436
16139;1346,1857623001968;102,78220442034437
16140;1346,1857623002438;102,7822044202845
16141;1346,1857623002904;102,78220442022479
16142;1346,1857623003366;102,78220442016517
16143;1346,1857623003827;102,78220442010573
16144;1346,1857623004285;102,7822044200464
16145;1346,185762300474;102,7822044199872
16146;1346,1857623005192;102,78220441992814
16147;1346,1857623005642;102,78220441986922
16148;1346,185762300609;102,78220441981044
16149;1346,1857623006536;102,78220441975178
16150;1346,185762300698;102,78220441969327
16151;1346,1857623007418;102,7822044196349
16152;1346,1857623007854;102,78220441957667
16153;1346,1857623008289;102,78220441951858
16154;1346,185762300872;102,78220441946063
16155;1346,1857623009148;102,78220441940282
16156;1346,1857623009573;102,78220441934513
16157;1346,1857623009996;102,7822044192876
16158;1346,1857623010414;102,7822044192302
16159;1346,1857623010833;102,78220441917297
16160;1346,1857623011247;102,78220441911586
16161;1346,1857623011656;102,7822044190589
16162;1346,1857623012065;102,78220441900207
16163;1346,1857623012472;102,78220441894538
16164;1346,1857623012877;102,78220441888885
16165;1346,1857623013277;102,78220441883248
16166;1346,1857623013673;102,78220441877622
16167;1346,1857623014068;102,78220441872011
16168;1346,185762301446;102,78220441866416
16169;1346,1857623014848;102,78220441860836
16170;1346,1857623015235;102,78220441855271
16171;1346,1857623015617;102,7822044184972
16172;1346,1857623015994;102,78220441844184
16173;1346,1857623016372;102,78220441838661
16174;1346,1857623016745;102,78220441833155
16175;1346,1857623017117;102,78220441827663
16176;1346,1857623017486;102,78220441822187
16177;1346,185762301785;102,78220441816725
16178;1346,1857623018211;102,78220441811278
16179;1346,185762301857;102,78220441805847
16180;1346,1857623018925;102,7822044180043
16181;1346,185762301928;102,78220441795028
16182;1346,185762301963;102,78220441789642
16183;1346,1857623019976;102,78220441784272
16184;1346,185762302032;102,78220441778917
16185;1346,185762302066;102,78220441773574
16186;1346,1857623020999;102,78220441768251
16187;1346,1857623021333;102,78220441762942
16188;1346,1857623021663;102,78220441757648
16189;1346,185762302199;102,78220441752369
16190;1346,1857623022315;102,78220441747105
16191;1346,1857623022636;102,78220441741858
16192;1346,1857623022956;102,78220441736626
16193;1346,1857623023272;102,78220441731408
16194;1346,1857623023584;102,78220441726208
16195;1346,1857623023895;102,78220441721022
16196;1346,1857623024202;102,78220441715854
16197;1346,1857623024505;102,782204417107
16198;1346,1857623024807;102,78220441705562
16199;1346,1857623025105;102,7822044170044
16200;1346,1857623025398;102,78220441695332
16201;1346,1857623025692;102,78220441690243
16202;1346,185762302598;102,78220441685168
16203;1346,1857623026265;102,7822044168011
16204;1346,185762302655;102,78220441675067
16205;1346,1857623026829;102,78220441670041
16206;1346,1857623027104;102,78220441665032
16207;1346,1857623027377;102,78220441660035
16208;1346,1857623027647;102,78220441655057
16209;1346,1857623027913;102,78220441650096
16210;1346,1857623028175;102,78220441645149
16211;1346,1857623028434;102,78220441640221
16212;1346,185762302869;102,78220441635307
16213;1346,1857623028945;102,78220441630408
16214;1346,1857623029196;102,78220441625528
16215;1346,1857623029443;102,78220441620662
16216;1346,1857623029687;102,78220441615817
16217;1346,1857623029928;102,78220441610982
16218;1346,1857623030166;102,78220441606167
16219;1346,18576230304;102,7822044160137
16220;1346,1857623030633;102,78220441596586
16221;1346,1857623030862;102,7822044159182
16222;1346,1857623031087;102,7822044158707
16223;1346,185762303131;102,78220441582337
16224;1346,1857623031528;102,7822044157762
16225;1346,1857623031744;102,78220441572921
16226;1346,1857623031958;102,78220441568239
16227;1346,1857623032167;102,78220441563573
16228;1346,1857623032372;102,78220441558922
16229;1346,1857623032577;102,78220441554289
16230;1346,1857623032777;102,78220441549674
16231;1346,1857623032972;102,78220441545074
16232;1346,1857623033168;102,7822044154049
16233;1346,1857623033359;102,78220441535923
16234;1346,1857623033545;102,78220441531376
16235;1346,1857623033732;102,78220441526841
16236;1346,1857623033914;102,78220441522326
16237;1346,185762303409;102,78220441517828
16238;1346,1857623034268;102,78220441513346
16239;1346,185762303444;102,78220441508881
16240;1346,185762303461;102,78220441504433
16241;1346,1857623034775;102,78220441500002
16242;1346,1857623034937;102,78220441495588
16243;1346,1857623035096;102,78220441491192
16244;1346,1857623035253;102,78220441486812
16245;1346,1857623035405;102,78220441482449
16246;1346,1857623035555;102,78220441478103
16247;1346,1857623035703;102,78220441473775
16248;1346,1857623035846;102,78220441469463
16249;1346,1857623035987;102,78220441465167
16250;1346,1857623036124;102,78220441460891
16251;1346,1857623036258;102,7822044145663
16252;1346,185762303639;102,78220441452387
16253;1346,1857623036517;102,78220441448161
16254;1346,1857623036642;102,78220441443952
16255;1346,1857623036765;102,78220441439761
16256;1346,1857623036883;102,78220441435586
16257;1346,1857623037;102,7822044143143
16258;1346,185762303711;102,78220441427291
16259;1346,1857623037222;102,78220441423167
16260;1346,1857623037329;102,78220441419062
16261;1346,185762303743;102,78220441414975
16262;1346,185762303753;102,78220441410903
16263;1346,1857623037629;102,7822044140685
16264;1346,1857623037722;102,78220441402816
16265;1346,1857623037813;102,78220441398796
16266;1346,1857623037902;102,78220441394795
16267;1346,1857623037986;102,78220441390812
16268;1346,1857623038068;102,78220441386846
16269;1346,1857623038147;102,78220441382896
16270;1346,1857623038222;102,78220441378966
16271;1346,1857623038295;102,78220441375052
16272;1346,1857623038366;102,78220441371155
16273;1346,1857623038431;102,78220441367276
16274;1346,1857623038495;102,78220441363415
16275;1346,1857623038557;102,78220441359572
16276;1346,1857623038616;102,78220441355744
16277;1346,185762303867;102,78220441351935
16278;1346,1857623038723;102,78220441348145
16279;1346,1857623038773;102,78220441344371
16280;1346,1857623038818;102,78220441340613
16281;1346,1857623038861;102,78220441336876
16282;1346,1857623038902;102,78220441333154
16283;1346,1857623038939;102,78220441329451
16284;1346,1857623038973;102,78220441325765
16285;1346,1857623039004;102,78220441322095
16286;1346,1857623039032;102,78220441318445
16287;1346,185762303906;102,78220441314812
16288;1346,1857623039082;102,78220441311196
16289;1346,18576230391;102,78220441307599
16290;1346,1857623039118;102,78220441304016
16291;1346,1857623039132;102,78220441300455
16292;1346,185762303914;102,7822044129691
16293;1346,185762303915;102,78220441293381
16294;1346,1857623039155;102,78220441289872
16295;1346,1857623039157;102,78220441286379
16296;1346,1857623039157;102,78220441282906
16297;1346,1857623039155;102,78220441279448
16298;1346,1857623039152;102,78220441276008
16299;1346,1857623039145;102,78220441272586
16300;1346,1857623039136;102,78220441269184
16301;1346,1857623039125;102,78220441265798
16302;1346,185762303911;102,78220441262428
16303;1346,185762303909;102,78220441259077
16304;1346,185762303907;102,78220441255745
16305;1346,1857623039045;102,7822044125243
16306;1346,185762303902;102,7822044124913
16307;1346,185762303899;102,7822044124585
16308;1346,185762303896;102,78220441242588
16309;1346,1857623038925;102,78220441239343
16310;1346,1857623038886;102,78220441236115
16311;1346,1857623038845;102,78220441232907
16312;1346,1857623038802;102,78220441229715
16313;1346,1857623038757;102,7822044122654
16314;1346,1857623038707;102,78220441223385
16315;1346,1857623038657;102,78220441220246
16316;1346,1857623038602;102,78220441217124
16317;1346,1857623038547;102,78220441214022
16318;1346,1857623038488;102,78220441210935
16319;1346,1857623038427;102,78220441207867
16320;1346,1857623038363;102,78220441204817
16321;1346,1857623038295;102,78220441201783
16322;1346,1857623038227;102,7822044119877
16323;1346,1857623038154;102,78220441195774
16324;1346,185762303808;102,78220441192792
16325;1346,1857623038002;102,7822044118983
16326;1346,1857623037924;102,78220441186886
16327;1346,1857623037843;102,7822044118396
16328;1346,1857623037756;102,78220441181051
16329;1346,185762303767;102,78220441178159
16330;1346,1857623037579;102,78220441175286
16331;1346,1857623037488;102,78220441172431
16332;1346,1857623037392;102,78220441169591
16333;1346,1857623037297;102,78220441166772
16334;1346,1857623037197;102,78220441163968
16335;1346,1857623037095;102,78220441161184
16336;1346,185762303699;102,78220441158416
16337;1346,1857623036885;102,78220441155665
16338;1346,1857623036776;102,78220441152932
16339;1346,1857623036665;102,78220441150218
16340;1346,185762303655;102,7822044114752
16341;1346,1857623036435;102,7822044114484
16342;1346,1857623036317;102,78220441142179
16343;1346,1857623036196;102,78220441139534
16344;1346,1857623036074;102,78220441136907
16345;1346,1857623035949;102,78220441134296
16346;1346,185762303582;102,78220441131704
16347;1346,185762303569;102,78220441129129
16348;1346,1857623035557;102,78220441126574
16349;1346,1857623035423;102,78220441124033
16350;1346,1857623035285;102,7822044112151
16351;1346,1857623035146;102,78220441119008
16352;1346,1857623035005;102,7822044111652
16353;1346,1857623034862;102,7822044111405
16354;1346,1857623034714;102,78220441111598
16355;1346,1857623034566;102,78220441109164
16356;1346,1857623034416;102,78220441106745
16357;1346,1857623034264;102,78220441104347
16358;1346,185762303411;102,78220441101965
16359;1346,1857623033952;102,782204410996
16360;1346,1857623033795;102,78220441097253
16361;1346,1857623033634;102,78220441094922
16362;1346,1857623033472;102,7822044109261
16363;1346,1857623033306;102,78220441090316
16364;1346,185762303314;102,78220441088038
16365;1346,185762303297;102,78220441085776
16366;1346,18576230328;102,78220441083533
16367;1346,1857623032627;102,78220441081308
16368;1346,1857623032452;102,78220441079098
16369;1346,1857623032276;102,78220441076907
16370;1346,1857623032097;102,78220441074733
16371;1346,1857623031917;102,78220441072575
16372;1346,1857623031733;102,78220441070438
16373;1346,185762303155;102,78220441068314
16374;1346,1857623031362;102,78220441066209
16375;1346,1857623031174;102,78220441064121
16376;1346,1857623030985;102,78220441062052
16377;1346,1857623030792;102,78220441059997
16378;1346,1857623030598;102,78220441057961
16379;1346,1857623030403;102,78220441055943
16380;1346,1857623030205;102,78220441053939
16381;1346,1857623030005;102,78220441051954
16382;1346,1857623029805;102,78220441049987
16383;1346,1857623029603;102,78220441048036
16384;1346,1857623029398;102,78220441046102
16385;1346,185762302919;102,78220441044185
16386;1346,1857623028984;102,78220441042285
16387;1346,1857623028775;102,78220441040403
16388;1346,1857623028563;102,78220441038538
16389;1346,185762302835;102,78220441036689
16390;1346,1857623028136;102,78220441034857
16391;1346,185762302792;102,78220441033044
16392;1346,1857623027702;102,78220441031243
16393;1346,1857623027483;102,78220441029463
16394;1346,1857623027263;102,78220441027699
16395;1346,185762302704;102,78220441025952
16396;1346,1857623026817;102,78220441024222
16397;1346,185762302659;102,78220441022508
16398;1346,1857623026362;102,78220441020811
16399;1346,1857623026135;102,78220441019131
16400;1346,1857623025903;102,78220441017467
16401;1346,1857623025671;102,78220441015823
16402;1346,185762302544;102,78220441014193
16403;1346,1857623025203;102,7822044101258
16404;1346,1857623024966;102,78220441010981
16405;1346,185762302473;102,78220441009402
16406;1346,1857623024491;102,78220441007839
16407;1346,185762302425;102,78220441006293
16408;1346,185762302401;102,78220441004764
16409;1346,1857623023766;102,7822044100325
16410;1346,185762302352;102,78220441001754
16411;1346,1857623023275;102,78220441000273
16412;1346,185762302303;102,7822044099881
16413;1346,185762302278;102,78220440997362
16414;1346,185762302253;102,78220440995932
16415;1346,1857623022279;102,78220440994517
16416;1346,1857623022029;102,7822044099312
16417;1346,1857623021774;102,78220440991737
16418;1346,185762302152;102,78220440990371
16419;1346,1857623021265;102,78220440989023
16420;1346,1857623021008;102,78220440987691
16421;1346,1857623020749;102,78220440986374
16422;1346,185762302049;102,78220440985075
16423;1346,185762302023;102,7822044098379
16424;1346,1857623019969;102,78220440982524
16425;1346,1857623019705;102,78220440981272
16426;1346,1857623019441;102,78220440980037
16427;1346,1857623019177;102,78220440978819
16428;1346,1857623018914;102,78220440977616
16429;1346,1857623018645;102,7822044097643
16430;1346,1857623018377;102,7822044097526
16431;1346,1857623018109;102,78220440974106
16432;1346,1857623017838;102,78220440972966
16433;1346,1857623017568;102,78220440971845
16434;1346,1857623017295;102,78220440970738
16435;1346,1857623017022;102,78220440969646
16436;1346,185762301675;102,78220440968572
16437;1346,1857623016474;102,78220440967513
16438;1346,18576230162;102,7822044096647
16439;1346,1857623015921;102,78220440965443
16440;1346,1857623015644;102,78220440964431
16441;1346,1857623015367;102,78220440963436
16442;1346,1857623015087;102,78220440962455
16443;1346,1857623014807;102,78220440961492
16444;1346,1857623014525;102,78220440960543
16445;1346,1857623014243;102,7822044095961
16446;1346,1857623013962;102,78220440958694
16447;1346,185762301368;102,78220440957791
16448;1346,1857623013395;102,78220440956906
16449;1346,1857623013111;102,78220440956035
16450;1346,1857623012825;102,78220440955181
16451;1346,1857623012538;102,78220440954343
16452;1346,1857623012252;102,7822044095352
16453;1346,1857623011965;102,78220440952711
16454;1346,1857623011676;102,78220440951917
16455;1346,1857623011388;102,7822044095114
16456;1346,18576230111;102,78220440950376
16457;1346,1857623010808;102,7822044094963
16458;1346,1857623010517;102,78220440948898
16459;1346,1857623010226;102,78220440948182
16460;1346,1857623009935;102,7822044094748
16461;1346,1857623009644;102,78220440946795
16462;1346,185762300935;102,78220440946124
16463;1346,1857623009057;102,78220440945469
16464;1346,1857623008764;102,78220440944828
16465;1346,185762300847;102,78220440944202
16466;1346,1857623008175;102,78220440943592
16467;1346,185762300788;102,78220440942997
16468;1346,1857623007584;102,78220440942415
16469;1346,1857623007288;102,7822044094185
16470;1346,185762300699;102,782204409413
16471;1346,1857623006692;102,78220440940764
16472;1346,1857623006395;102,78220440940244
16473;1346,1857623006097;102,78220440939738
16474;1346,1857623005799;102,78220440939246
16475;1346,18576230055;102,78220440938769
16476;1346,1857623005203;102,78220440938308
16477;1346,1857623004905;102,78220440937862
16478;1346,1857623004607;102,78220440937427
16479;1346,1857623004307;102,78220440937011
16480;1346,1857623004007;102,78220440936606
16481;1346,1857623003707;102,7822044093622
16482;1346,1857623003407;102,78220440935844
16483;1346,1857623003107;102,78220440935485
16484;1346,1857623002807;102,78220440935138
16485;1346,1857623002506;102,78220440934808
16486;1346,1857623002204;102,78220440934493
16487;1346,1857623001904;102,7822044093419
16488;1346,1857623001601;102,78220440933903
16489;1346,18576230013;102,7822044093363
16490;1346,1857623000997;102,78220440933372
16491;1346,1857623000694;102,78220440933126
16492;1346,1857623000392;102,78220440932895
16493;1346,185762300009;102,78220440932678
16494;1346,1857622999787;102,78220440932475
16495;1346,1857622999485;102,78220440932287
16496;1346,1857622999182;102,78220440932114
16497;1346,185762299888;102,78220440931953
16498;1346,1857622998577;102,78220440931807
16499;1346,1857622998275;102,78220440931675
16500;1346,1857622997973;102,78220440931555
16501;1346,185762299767;102,7822044093145
16502;1346,1857622997368;102,78220440931361
16503;1346,1857622997065;102,78220440931283
16504;1346,1857622996763;102,7822044093122
16505;1346,185762299646;102,78220440931172
16506;1346,1857622996158;102,78220440931133
16507;1346,1857622995858;102,78220440931112
16508;1346,1857622995558;102,78220440931103
16509;1346,1857622995258;102,78220440931108
16510;1346,1857622994958;102,78220440931126
16511;1346,1857622994658;102,7822044093116
16512;1346,1857622994357;102,78220440931204
16513;1346,1857622994057;102,78220440931264
16514;1346,1857622993757;102,78220440931335
16515;1346,185762299346;102,7822044093142
16516;1346,1857622993161;102,78220440931521
16517;1346,1857622992864;102,78220440931634
16518;1346,1857622992566;102,78220440931759
16519;1346,1857622992268;102,78220440931898
16520;1346,185762299197;102,78220440932049
16521;1346,1857622991672;102,78220440932215
16522;1346,1857622991374;102,78220440932392
16523;1346,1857622991076;102,78220440932583
16524;1346,1857622990779;102,78220440932787
16525;1346,1857622990483;102,78220440933003
16526;1346,1857622990187;102,78220440933235
16527;1346,1857622989892;102,78220440933477
16528;1346,1857622989596;102,78220440933734
16529;1346,1857622989303;102,78220440934003
16530;1346,185762298901;102,78220440934284
16531;1346,1857622988716;102,78220440934578
16532;1346,1857622988423;102,78220440934885
16533;1346,185762298813;102,78220440935206
16534;1346,1857622987836;102,78220440935537
16535;1346,1857622987543;102,78220440935881
16536;1346,1857622987252;102,7822044093624
16537;1346,185762298696;102,7822044093661
16538;1346,185762298667;102,78220440936992
16539;1346,185762298638;102,78220440937386
16540;1346,1857622986092;102,78220440937795
16541;1346,1857622985804;102,78220440938213
16542;1346,1857622985515;102,78220440938647
16543;1346,1857622985226;102,78220440939089
16544;1346,185762298494;102,78220440939546
16545;1346,1857622984653;102,78220440940015
16546;1346,1857622984367;102,78220440940495
16547;1346,1857622984082;102,78220440940989
16548;1346,1857622983798;102,78220440941494
16549;1346,1857622983514;102,7822044094201
16550;1346,185762298323;102,78220440942539
16551;1346,1857622982948;102,7822044094308
16552;1346,1857622982666;102,78220440943632
16553;1346,1857622982384;102,78220440944199
16554;1346,1857622982104;102,78220440944776
16555;1346,1857622981825;102,78220440945363
16556;1346,1857622981545;102,78220440945962
16557;1346,1857622981267;102,78220440946575
16558;1346,185762298099;102,78220440947199
16559;1346,1857622980713;102,78220440947834
16560;1346,1857622980438;102,7822044094848
16561;1346,1857622980162;102,78220440949138
16562;1346,1857622979887;102,78220440949809
16563;1346,1857622979614;102,7822044095049
16564;1346,1857622979342;102,78220440951183
16565;1346,185762297907;102,78220440951887
16566;1346,18576229788;102,78220440952603
16567;1346,185762297853;102,78220440953329
16568;1346,1857622978262;102,78220440954067
16569;1346,1857622977993;102,78220440954817
16570;1346,1857622977725;102,78220440955577
16571;1346,185762297746;102,78220440956349
16572;1346,1857622977193;102,78220440957132
16573;1346,185762297693;102,78220440957926
16574;1346,1857622976665;102,78220440958731
16575;1346,1857622976402;102,78220440959547
16576;1346,185762297614;102,78220440960372
16577;1346,185762297588;102,7822044096121
16578;1346,1857622975622;102,78220440962059
16579;1346,1857622975363;102,78220440962919
16580;1346,1857622975103;102,78220440963788
16581;1346,1857622974846;102,7822044096467
16582;1346,1857622974592;102,78220440965559
16583;1346,1857622974337;102,78220440966463
16584;1346,1857622974082;102,78220440967375
16585;1346,185762297383;102,78220440968298
16586;1346,1857622973578;102,78220440969233
16587;1346,1857622973328;102,78220440970175
16588;1346,1857622973077;102,78220440971131
16589;1346,1857622972827;102,78220440972095
16590;1346,185762297258;102,78220440973071
16591;1346,1857622972334;102,78220440974057
16592;1346,1857622972088;102,78220440975053
16593;1346,1857622971843;102,7822044097606
16594;1346,18576229716;102,78220440977074
16595;1346,1857622971359;102,782204409781
16596;1346,1857622971118;102,78220440979138
16597;1346,1857622970876;102,78220440980185
16598;1346,1857622970638;102,78220440981241
16599;1346,1857622970401;102,78220440982308
16600;1346,1857622970165;102,78220440983385
16601;1346,1857622969928;102,78220440984471
16602;1346,1857622969694;102,78220440985567
16603;1346,1857622969462;102,78220440986672
16604;1346,185762296923;102,78220440987788
16605;1346,1857622968998;102,78220440988913
16606;1346,1857622968769;102,78220440990049
16607;1346,1857622968541;102,78220440991193
16608;1346,1857622968314;102,78220440992348
16609;1346,1857622968087;102,78220440993512
16610;1346,1857622967864;102,78220440994686
16611;1346,185762296764;102,78220440995868
16612;1346,1857622967418;102,7822044099706
16613;1346,1857622967195;102,78220440998261
16614;1346,1857622966977;102,78220440999472
16615;1346,1857622966759;102,78220441000693
16616;1346,185762296654;102,78220441001922
16617;1346,1857622966322;102,78220441003161
16618;1346,1857622966108;102,78220441004409
16619;1346,1857622965895;102,78220441005666
16620;1346,185762296568;102,78220441006931
16621;1346,185762296547;102,78220441008206
16622;1346,185762296526;102,78220441009489
16623;1346,1857622965051;102,78220441010782
16624;1346,1857622964842;102,78220441012084
16625;1346,1857622964637;102,78220441013394
16626;1346,1857622964433;102,78220441014713
16627;1346,1857622964228;102,7822044101604
16628;1346,1857622964026;102,78220441017378
16629;1346,1857622963826;102,78220441018723
16630;1346,1857622963626;102,78220441020078
16631;1346,1857622963425;102,7822044102144
16632;1346,185762296323;102,78220441022812
16633;1346,1857622963034;102,78220441024192
16634;1346,1857622962839;102,78220441025579
16635;1346,1857622962646;102,78220441026974
16636;1346,1857622962455;102,78220441028381
16637;1346,1857622962264;102,78220441029792
16638;1346,1857622962075;102,78220441031213
16639;1346,1857622961888;102,78220441032644
16640;1346,1857622961702;102,78220441034082
16641;1346,1857622961518;102,78220441035528
16642;1346,1857622961334;102,78220441036983
16643;1346,1857622961152;102,78220441038445
16644;1346,1857622960972;102,78220441039915
16645;1346,1857622960792;102,78220441041393
16646;1346,1857622960615;102,78220441042878
16647;1346,1857622960438;102,78220441044371
16648;1346,1857622960263;102,78220441045875
16649;1346,185762296009;102,78220441047384
16650;1346,1857622959917;102,78220441048902
16651;1346,1857622959747;102,78220441050425
16652;1346,1857622959576;102,78220441051958
16653;1346,1857622959408;102,78220441053499
16654;1346,1857622959242;102,78220441055046
16655;1346,1857622959076;102,78220441056602
16656;1346,1857622958912;102,78220441058167
16657;1346,185762295875;102,78220441059736
16658;1346,185762295859;102,78220441061315
16659;1346,185762295843;102,78220441062899
16660;1346,1857622958273;102,78220441064492
16661;1346,1857622958116;102,78220441066092
16662;1346,1857622957962;102,78220441067697
16663;1346,185762295781;102,78220441069313
16664;1346,1857622957657;102,78220441070933
16665;1346,1857622957507;102,78220441072561
16666;1346,1857622957357;102,78220441074198
16667;1346,185762295721;102,7822044107584
16668;1346,1857622957061;102,7822044107749
16669;1346,1857622956918;102,78220441079145
16670;1346,1857622956775;102,78220441080809
16671;1346,1857622956632;102,78220441082478
16672;1346,185762295649;102,78220441084156
16673;1346,1857622956352;102,7822044108584
16674;1346,1857622956213;102,7822044108753
16675;1346,185762295608;102,78220441089226
16676;1346,1857622955945;102,7822044109093
16677;1346,185762295581;102,7822044109264
16678;1346,185762295568;102,78220441094358
16679;1346,1857622955552;102,7822044109608
16680;1346,1857622955422;102,78220441097811
16681;1346,1857622955297;102,78220441099546
16682;1346,1857622955172;102,78220441101288
16683;1346,1857622955047;102,78220441103038
16684;1346,1857622954924;102,78220441104791
16685;1346,1857622954803;102,78220441106554
16686;1346,1857622954683;102,78220441108321
16687;1346,1857622954565;102,78220441110095
16688;1346,1857622954449;102,78220441111874
16689;1346,1857622954333;102,7822044111366
16690;1346,1857622954217;102,78220441115452
16691;1346,1857622954105;102,7822044111725
16692;1346,1857622953994;102,78220441119055
16693;1346,1857622953885;102,78220441120862
16694;1346,1857622953778;102,78220441122679
16695;1346,185762295367;102,782204411245
16696;1346,1857622953564;102,78220441126328
16697;1346,1857622953462;102,78220441128161
16698;1346,185762295336;102,78220441129999
16699;1346,185762295326;102,78220441131843
16700;1346,1857622953162;102,78220441133693
16701;1346,1857622953064;102,78220441135548
16702;1346,1857622952966;102,78220441137408
16703;1346,1857622952873;102,78220441139274
16704;1346,185762295278;102,78220441141146
16705;1346,185762295269;102,78220441143023
16706;1346,1857622952598;102,78220441144906
16707;1346,185762295251;102,78220441146793
16708;1346,185762295242;102,78220441148686
16709;1346,1857622952336;102,78220441150583
16710;1346,1857622952252;102,78220441152487
16711;1346,185762295217;102,78220441154396
16712;1346,1857622952089;102,78220441156309
16713;1346,185762295201;102,78220441158227
16714;1346,185762295193;102,7822044116015
16715;1346,1857622951852;102,7822044116208
16716;1346,1857622951777;102,78220441164012
16717;1346,1857622951704;102,7822044116595
16718;1346,1857622951632;102,78220441167895
16719;1346,185762295156;102,78220441169842
16720;1346,185762295149;102,78220441171796
16721;1346,1857622951422;102,78220441173751
16722;1346,1857622951356;102,78220441175714
16723;1346,1857622951293;102,78220441177679
16724;1346,185762295123;102,78220441179651
16725;1346,1857622951168;102,78220441181627
16726;1346,1857622951106;102,78220441183608
16727;1346,1857622951047;102,78220441185591
16728;1346,185762295099;102,78220441187581
16729;1346,1857622950936;102,78220441189575
16730;1346,1857622950881;102,78220441191573
16731;1346,1857622950827;102,78220441193574
16732;1346,1857622950774;102,78220441195582
16733;1346,1857622950724;102,78220441197591
16734;1346,1857622950674;102,78220441199606
16735;1346,185762295063;102,78220441201624
16736;1346,1857622950583;102,78220441203646
16737;1346,1857622950538;102,78220441205673
16738;1346,1857622950495;102,78220441207705
16739;1346,1857622950454;102,78220441209739
16740;1346,1857622950413;102,78220441211779
16741;1346,1857622950374;102,7822044121382
16742;1346,1857622950338;102,78220441215868
16743;1346,1857622950301;102,78220441217918
16744;1346,1857622950265;102,7822044121997
16745;1346,1857622950233;102,78220441222028
16746;1346,1857622950201;102,7822044122409
16747;1346,185762295017;102,78220441226156
16748;1346,1857622950142;102,78220441228224
16749;1346,1857622950115;102,78220441230297
16750;1346,1857622950088;102,78220441232372
16751;1346,1857622950065;102,78220441234451
16752;1346,1857622950042;102,78220441236533
16753;1346,185762295002;102,78220441238619
16754;1346,185762295;102,7822044124071
16755;1346,185762294998;102,78220441242802
16756;1346,1857622949963;102,78220441244896
16757;1346,1857622949944;102,78220441246995
16758;1346,185762294993;102,78220441249098
16759;1346,1857622949917;102,78220441251203
16760;1346,1857622949904;102,78220441253312
16761;1346,1857622949894;102,78220441255424
16762;1346,1857622949885;102,78220441257538
16763;1346,1857622949876;102,78220441259656
16764;1346,185762294987;102,78220441261776
16765;1346,1857622949865;102,78220441263899
16766;1346,185762294986;102,78220441266026
16767;1346,1857622949858;102,78220441268155
16768;1346,1857622949858;102,78220441270287
16769;1346,1857622949858;102,78220441272421
16770;1346,1857622949858;102,78220441274559
16771;1346,185762294986;102,78220441276697
16772;1346,1857622949863;102,78220441278842
16773;1346,1857622949867;102,78220441280988
16774;1346,1857622949872;102,78220441283133
16775;1346,1857622949879;102,78220441285285
16776;1346,1857622949885;102,78220441287438
16777;1346,1857622949894;102,78220441289592
16778;1346,1857622949906;102,7822044129175
16779;1346,1857622949917;102,7822044129391
16780;1346,185762294993;102,78220441296071
16781;1346,1857622949944;102,78220441298237
16782;1346,185762294996;102,78220441300404
16783;1346,1857622949976;102,78220441302571
16784;1346,1857622949994;102,78220441304744
16785;1346,1857622950015;102,78220441306917
16786;1346,1857622950035;102,78220441309092
16787;1346,1857622950058;102,7822044131127
16788;1346,185762295008;102,7822044131345
16789;1346,1857622950106;102,78220441315631
16790;1346,185762295013;102,78220441317814
16791;1346,1857622950158;102,78220441319998
16792;1346,1857622950185;102,78220441322185
16793;1346,1857622950215;102,78220441324376
16794;1346,1857622950247;102,78220441326566
16795;1346,1857622950279;102,78220441328759
16796;1346,1857622950313;102,78220441330953
16797;1346,1857622950347;102,78220441333148
16798;1346,1857622950383;102,78220441335347
16799;1346,185762295042;102,78220441337544
16800;1346,1857622950458;102,78220441339747
16801;1346,18576229505;102,78220441341948
16802;1346,185762295054;102,78220441344152
16803;1346,185762295058;102,78220441346356
16804;1346,1857622950624;102,78220441348564
16805;1346,185762295067;102,78220441350771
16806;1346,1857622950715;102,7822044135298
16807;1346,185762295076;102,78220441355191
16808;1346,1857622950808;102,78220441357404
16809;1346,1857622950859;102,78220441359616
16810;1346,1857622950909;102,7822044136183
16811;1346,1857622950959;102,78220441364046
16812;1346,185762295101;102,78220441366263
16813;1346,1857622951065;102,7822044136848
16814;1346,185762295112;102,78220441370699
16815;1346,1857622951175;102,78220441372918
16816;1346,185762295123;102,7822044137514
16817;1346,1857622951288;102,7822044137736
16818;1346,1857622951347;102,78220441379584
16819;1346,1857622951406;102,78220441381806
16820;1346,1857622951466;102,7822044138403
16821;1346,185762295153;102,78220441386256
16822;1346,1857622951593;102,78220441388483
16823;1346,1857622951657;102,78220441390708
16824;1346,185762295172;102,78220441392936
16825;1346,1857622951788;102,78220441395163
16826;1346,1857622951857;102,78220441397393
16827;1346,1857622951925;102,78220441399621
16828;1346,1857622951993;102,78220441401851
16829;1346,1857622952064;102,78220441404082
16830;1346,1857622952136;102,78220441406312
16831;1346,185762295221;102,78220441408543
16832;1346,1857622952282;102,78220441410774
16833;1346,1857622952357;102,78220441413006
16834;1346,1857622952434;102,78220441415239
16835;1346,1857622952512;102,78220441417473
16836;1346,1857622952589;102,78220441419705
16837;1346,1857622952666;102,78220441421938
16838;1346,1857622952746;102,7822044142417
16839;1346,1857622952828;102,78220441426404
16840;1346,185762295291;102,78220441428638
16841;1346,1857622952991;102,78220441430872
16842;1346,1857622953073;102,78220441433106
16843;1346,1857622953157;102,78220441435339
16844;1346,1857622953244;102,78220441437574
16845;1346,185762295333;102,78220441439808
16846;1346,1857622953416;102,7822044144204
16847;1346,1857622953503;102,78220441444275
16848;1346,1857622953592;102,7822044144651
16849;1346,1857622953682;102,78220441448742
16850;1346,1857622953773;102,78220441450976
16851;1346,1857622953864;102,78220441453207
16852;1346,1857622953958;102,7822044145544
16853;1346,185762295405;102,78220441457674
16854;1346,1857622954144;102,78220441459905
16855;1346,185762295424;102,78220441462136
16856;1346,1857622954335;102,78220441464369
16857;1346,185762295443;102,782204414666
16858;1346,1857622954528;102,7822044146883
16859;1346,1857622954626;102,78220441471059
16860;1346,1857622954726;102,78220441473289
16861;1346,1857622954826;102,78220441475518
16862;1346,1857622954926;102,78220441477745
16863;1346,1857622955029;102,78220441479975
16864;1346,185762295513;102,78220441482202
16865;1346,1857622955233;102,78220441484429
16866;1346,1857622955338;102,78220441486654
16867;1346,1857622955442;102,78220441488878
16868;1346,1857622955547;102,78220441491102
16869;1346,1857622955654;102,78220441493326
16870;1346,185762295576;102,78220441495549
16871;1346,1857622955868;102,78220441497771
16872;1346,1857622955974;102,78220441499991
16873;1346,1857622956084;102,78220441502212
16874;1346,1857622956193;102,7822044150443
16875;1346,1857622956304;102,78220441506649
16876;1346,1857622956416;102,78220441508867
16877;1346,1857622956527;102,78220441511081
16878;1346,1857622956638;102,78220441513297
16879;1346,1857622956752;102,7822044151551
16880;1346,1857622956866;102,78220441517723
16881;1346,185762295698;102,78220441519935
16882;1346,1857622957095;102,78220441522146
16883;1346,1857622957211;102,78220441524354
16884;1346,1857622957327;102,78220441526562
16885;1346,1857622957443;102,7822044152877
16886;1346,1857622957561;102,78220441530975
16887;1346,185762295768;102,78220441533178
16888;1346,18576229578;102,7822044153538
16889;1346,185762295792;102,78220441537582
16890;1346,1857622958041;102,78220441539781
16891;1346,1857622958162;102,78220441541978
16892;1346,1857622958282;102,78220441544177
16893;1346,1857622958403;102,78220441546371
16894;1346,1857622958526;102,78220441548565
16895;1346,1857622958648;102,78220441550758
16896;1346,1857622958773;102,78220441552948
16897;1346,1857622958898;102,78220441555136
16898;1346,1857622959024;102,78220441557323
16899;1346,1857622959149;102,78220441559509
16900;1346,1857622959274;102,78220441561693
16901;1346,1857622959399;102,78220441563874
16902;1346,1857622959524;102,78220441566056
16903;1346,185762295965;102,78220441568233
16904;1346,1857622959778;102,7822044157041
16905;1346,1857622959908;102,78220441572584
16906;1346,1857622960038;102,78220441574759
16907;1346,1857622960167;102,78220441576929
16908;1346,1857622960297;102,78220441579099
16909;1346,1857622960426;102,78220441581264
16910;1346,1857622960556;102,7822044158343
16911;1346,1857622960686;102,78220441585593
16912;1346,1857622960815;102,78220441587753
16913;1346,1857622960947;102,78220441589913
16914;1346,185762296108;102,78220441592072
16915;1346,185762296121;102,78220441594225
16916;1346,1857622961345;102,78220441596378
16917;1346,185762296148;102,78220441598528
16918;1346,1857622961613;102,78220441600676
16919;1346,1857622961747;102,78220441602822
16920;1346,1857622961882;102,78220441604967
16921;1346,1857622962016;102,78220441607107
16922;1346,185762296215;102,78220441609247
16923;1346,1857622962284;102,78220441611383
16924;1346,1857622962418;102,78220441613517
16925;1346,1857622962552;102,7822044161565
16926;1346,1857622962689;102,78220441617779
16927;1346,1857622962825;102,78220441619906
16928;1346,1857622962964;102,78220441622032
16929;1346,1857622963103;102,78220441624154
16930;1346,1857622963241;102,78220441626273
16931;1346,185762296338;102,7822044162839
16932;1346,1857622963519;102,78220441630505
16933;1346,1857622963657;102,78220441632617
16934;1346,1857622963796;102,78220441634727
16935;1346,1857622963935;102,78220441636834
16936;1346,1857622964073;102,78220441638939
16937;1346,1857622964212;102,78220441641041
16938;1346,185762296435;102,7822044164314
16939;1346,185762296449;102,78220441645234
16940;1346,1857622964628;102,78220441647328
16941;1346,1857622964767;102,78220441649418
16942;1346,1857622964906;102,78220441651506
16943;1346,1857622965047;102,7822044165359
16944;1346,1857622965188;102,78220441655674
16945;1346,185762296533;102,78220441657751
16946;1346,1857622965474;102,78220441659829
16947;1346,1857622965615;102,78220441661902
16948;1346,1857622965758;102,78220441663973
16949;1346,1857622965902;102,7822044166604
16950;1346,1857622966045;102,78220441668104
16951;1346,1857622966188;102,78220441670166
16952;1346,1857622966331;102,78220441672225
16953;1346,1857622966475;102,78220441674279
16954;1346,1857622966618;102,78220441676332
16955;1346,185762296676;102,78220441678381
16956;1346,1857622966904;102,78220441680428
16957;1346,1857622967048;102,7822044168247
16958;1346,185762296719;102,7822044168451
16959;1346,1857622967334;102,78220441686547
16960;1346,1857622967477;102,7822044168858
16961;1346,185762296762;102,78220441690608
16962;1346,1857622967764;102,78220441692638
16963;1346,1857622967907;102,7822044169466
16964;1346,185762296805;102,7822044169668
16965;1346,1857622968193;102,78220441698697
16966;1346,1857622968337;102,78220441700712
16967;1346,185762296848;102,78220441702722
16968;1346,1857622968623;102,78220441704728
16969;1346,1857622968766;102,78220441706732
16970;1346,185762296891;102,78220441708733
16971;1346,1857622969053;102,78220441710727
16972;1346,1857622969196;102,7822044171272
16973;1346,185762296934;102,78220441714711
16974;1346,1857622969483;102,78220441716697
16975;1346,1857622969626;102,78220441718679
16976;1346,185762296977;102,78220441720659
16977;1346,1857622969912;102,78220441722635
16978;1346,1857622970056;102,78220441724606
16979;1346,18576229702;102,78220441726575
16980;1346,1857622970342;102,7822044172854
16981;1346,1857622970485;102,782204417305
16982;1346,1857622970629;102,78220441732456
16983;1346,1857622970772;102,7822044173441
16984;1346,1857622970915;102,78220441736362
16985;1346,1857622971058;102,78220441738307
16986;1346,1857622971202;102,7822044174025
16987;1346,1857622971345;102,7822044174219
16988;1346,1857622971488;102,78220441744122
16989;1346,1857622971631;102,78220441746055
16990;1346,1857622971775;102,78220441747982
16991;1346,1857622971918;102,78220441749905
16992;1346,1857622972059;102,78220441751824
16993;1346,1857622972198;102,78220441753741
16994;1346,1857622972339;102,78220441755653
16995;1346,185762297248;102,7822044175756
16996;1346,1857622972618;102,78220441759463
16997;1346,1857622972757;102,78220441761366
16998;1346,1857622972896;102,78220441763261
16999;1346,1857622973034;102,78220441765151
17000;1346,1857622973173;102,7822044176704
17001;1346,1857622973312;102,78220441768926
17002;1346,185762297345;102,78220441770804
17003;1346,185762297359;102,7822044177268
17004;1346,1857622973728;102,78220441774553
17005;1346,1857622973866;102,7822044177642
17006;1346,1857622974005;102,78220441778285
17007;1346,1857622974144;102,78220441780144
17008;1346,1857622974283;102,78220441782001
17009;1346,1857622974421;102,78220441783853
17010;1346,185762297456;102,78220441785699
17011;1346,1857622974699;102,78220441787543
17012;1346,1857622974837;102,78220441789381
17013;1346,1857622974976;102,78220441791215
17014;1346,1857622975115;102,78220441793047
17015;1346,1857622975251;102,78220441794872
17016;1346,1857622975388;102,78220441796694
17017;1346,1857622975522;102,78220441798511
17018;1346,1857622975656;102,78220441800325
17019;1346,185762297579;102,78220441802132
17020;1346,1857622975924;102,78220441803938
17021;1346,1857622976058;102,78220441805739
17022;1346,1857622976192;102,78220441807535
17023;1346,1857622976327;102,78220441809326
17024;1346,185762297646;102,78220441811115
17025;1346,1857622976595;102,78220441812897
17026;1346,185762297673;102,78220441814675
17027;1346,1857622976863;102,7822044181645
17028;1346,1857622976997;102,78220441818219
17029;1346,1857622977132;102,78220441819983
17030;1346,1857622977263;102,78220441821743
17031;1346,1857622977393;102,782204418235
17032;1346,1857622977523;102,78220441825252
17033;1346,1857622977652;102,78220441827
17034;1346,1857622977782;102,7822044182874
17035;1346,1857622977911;102,78220441830479
17036;1346,185762297804;102,78220441832212
17037;1346,185762297817;102,78220441833942
17038;1346,18576229783;102,78220441835666
17039;1346,185762297843;102,78220441837385
17040;1346,185762297856;102,782204418391
17041;1346,185762297869;102,78220441840813
17042;1346,1857622978816;102,78220441842517
17043;1346,1857622978941;102,78220441844219
17044;1346,1857622979066;102,78220441845914
17045;1346,1857622979192;102,78220441847607
17046;1346,1857622979317;102,78220441849295
17047;1346,1857622979442;102,78220441850976
17048;1346,1857622979567;102,78220441852655
17049;1346,1857622979692;102,78220441854327
17050;1346,1857622979817;102,78220441855996
17051;1346,1857622979942;102,78220441857658
17052;1346,1857622980065;102,78220441859318
17053;1346,1857622980185;102,78220441860972
17054;1346,1857622980306;102,78220441862621
17055;1346,1857622980426;102,78220441864265
17056;1346,1857622980547;102,78220441865905
17057;1346,1857622980667;102,78220441867539
17058;1346,1857622980788;102,78220441869169
17059;1346,1857622980908;102,78220441870796
17060;1346,1857622981029;102,78220441872415
17061;1346,1857622981147;102,7822044187403
17062;1346,1857622981265;102,78220441875641
17063;1346,1857622981381;102,78220441877247
17064;1346,1857622981497;102,78220441878848
17065;1346,1857622981613;102,78220441880443
17066;1346,185762298173;102,78220441882034
17067;1346,1857622981845;102,7822044188362
17068;1346,185762298196;102,78220441885202
17069;1346,1857622982077;102,78220441886776
17070;1346,1857622982193;102,78220441888347
17071;1346,1857622982307;102,78220441889914
17072;1346,1857622982418;102,78220441891474
17073;1346,185762298253;102,78220441893032
17074;1346,185762298264;102,78220441894581
17075;1346,1857622982752;102,78220441896127
17076;1346,1857622982864;102,7822044189767
17077;1346,1857622982975;102,78220441899205
17078;1346,1857622983086;102,78220441900736
17079;1346,1857622983196;102,78220441902263
17080;1346,1857622983305;102,78220441903783
17081;1346,1857622983412;102,78220441905299
17082;1346,1857622983518;102,7822044190681
17083;1346,1857622983625;102,78220441908314
17084;1346,1857622983732;102,78220441909816
17085;1346,185762298384;102,78220441911311
17086;1346,1857622983946;102,78220441912802
17087;1346,185762298405;102,78220441914287
17088;1346,1857622984155;102,78220441915768
17089;1346,1857622984257;102,78220441917243
17090;1346,185762298436;102,78220441918712
17091;1346,1857622984462;102,78220441920176
17092;1346,1857622984564;102,78220441921637
17093;1346,1857622984667;102,78220441923091
17094;1346,1857622984767;102,78220441924539
17095;1346,1857622984867;102,78220441925984
17096;1346,1857622984965;102,78220441927422
17097;1346,1857622985062;102,78220441928856
17098;1346,185762298516;102,78220441930284
17099;1346,1857622985258;102,78220441931708
17100;1346,1857622985356;102,78220441933125
17101;1346,1857622985453;102,78220441934538
17102;1346,185762298555;102,78220441935946
17103;1346,1857622985644;102,78220441937349
17104;1346,1857622985738;102,78220441938745
17105;1346,185762298583;102,78220441940137
17106;1346,1857622985924;102,78220441941522
17107;1346,1857622986017;102,78220441942904
17108;1346,1857622986108;102,7822044194428
17109;1346,18576229862;102,78220441945652
17110;1346,185762298629;102,78220441947016
17111;1346,185762298638;102,78220441948376
17112;1346,185762298647;102,7822044194973
17113;1346,1857622986558;102,7822044195108
17114;1346,1857622986647;102,78220441952423
17115;1346,1857622986736;102,78220441953763
17116;1346,1857622986822;102,78220441955096
17117;1346,1857622986909;102,78220441956425
17118;1346,1857622986995;102,78220441957748
17119;1346,185762298708;102,78220441959067
17120;1346,1857622987163;102,78220441960377
17121;1346,1857622987247;102,78220441961685
17122;1346,185762298733;102,78220441962985
17123;1346,185762298741;102,78220441964282
17124;1346,1857622987493;102,78220441965573
17125;1346,1857622987575;102,78220441966857
17126;1346,1857622987654;102,78220441968138
17127;1346,1857622987734;102,78220441969414
17128;1346,1857622987814;102,78220441970682
17129;1346,185762298789;102,78220441971946
17130;1346,1857622987968;102,78220441973204
17131;1346,1857622988045;102,78220441974457
17132;1346,1857622988123;102,78220441975705
17133;1346,1857622988198;102,78220441976946
17134;1346,1857622988273;102,78220441978182
17135;1346,1857622988346;102,78220441979414
17136;1346,1857622988418;102,78220441980639
17137;1346,185762298849;102,78220441981861
17138;1346,1857622988564;102,78220441983076
17139;1346,1857622988637;102,78220441984287
17140;1346,1857622988707;102,78220441985489
17141;1346,1857622988778;102,7822044198669
17142;1346,1857622988846;102,78220441987881
17143;1346,1857622988914;102,7822044198907
17144;1346,1857622988982;102,78220441990253
17145;1346,185762298905;102,7822044199143
17146;1346,1857622989116;102,78220441992602
17147;1346,1857622989182;102,78220441993767
17148;1346,1857622989246;102,78220441994928
17149;1346,185762298931;102,78220441996082
17150;1346,1857622989373;102,78220441997233
17151;1346,1857622989437;102,78220441998377
17152;1346,18576229895;102,78220441999515
17153;1346,1857622989562;102,7822044200065
17154;1346,1857622989621;102,78220442001776
17155;1346,185762298968;102,782204420029
17156;1346,185762298974;102,78220442004016
17157;1346,1857622989799;102,78220442005127
17158;1346,1857622989858;102,78220442006234
17159;1346,1857622989917;102,78220442007336
17160;1346,1857622989974;102,7822044200843
17161;1346,1857622990028;102,7822044200952
17162;1346,1857622990083;102,78220442010604
17163;1346,1857622990137;102,7822044201168
17164;1346,1857622990192;102,78220442012756
17165;1346,1857622990246;102,78220442013823
17166;1346,1857622990299;102,78220442014884
17167;1346,185762299035;102,7822044201594
17168;1346,18576229904;102,78220442016993
17169;1346,185762299045;102,78220442018038
17170;1346,18576229905;102,78220442019077
17171;1346,185762299055;102,78220442020113
17172;1346,1857622990601;102,78220442021141
17173;1346,185762299065;102,78220442022165
17174;1346,1857622990694;102,78220442023182
17175;1346,185762299074;102,78220442024195
17176;1346,1857622990785;102,78220442025203
17177;1346,185762299083;102,78220442026203
17178;1346,1857622990876;102,782204420272
17179;1346,1857622990922;102,78220442028191
17180;1346,1857622990963;102,78220442029176
17181;1346,1857622991004;102,78220442030155
17182;1346,1857622991045;102,7822044203113
17183;1346,1857622991085;102,782204420321
17184;1346,1857622991126;102,78220442033061
17185;1346,1857622991167;102,7822044203402
17186;1346,1857622991204;102,78220442034971
17187;1346,185762299124;102,78220442035918
17188;1346,1857622991276;102,7822044203686
17189;1346,1857622991313;102,78220442037795
17190;1346,185762299135;102,78220442038725
17191;1346,1857622991386;102,7822044203965
17192;1346,1857622991422;102,78220442040568
17193;1346,1857622991454;102,78220442041483
17194;1346,1857622991486;102,7822044204239
17195;1346,1857622991517;102,78220442043293
17196;1346,185762299155;102,78220442044191
17197;1346,1857622991581;102,78220442045081
17198;1346,1857622991613;102,78220442045968
17199;1346,1857622991643;102,78220442046849
17200;1346,185762299167;102,78220442047724
17201;1346,1857622991697;102,78220442048594
17202;1346,1857622991724;102,78220442049458
17203;1346,1857622991752;102,78220442050318
17204;1346,185762299178;102,7822044205117
17205;1346,1857622991806;102,78220442052017
17206;1346,185762299183;102,7822044205286
17207;1346,1857622991852;102,78220442053698
17208;1346,1857622991874;102,78220442054528
17209;1346,1857622991897;102,78220442055355
17210;1346,185762299192;102,78220442056175
17211;1346,1857622991943;102,78220442056991
17212;1346,1857622991963;102,782204420578
17213;1346,1857622991984;102,78220442058604
17214;1346,1857622992002;102,78220442059403
17215;1346,185762299202;102,78220442060197
17216;1346,1857622992038;102,78220442060984
17217;1346,1857622992056;102,78220442061767
17218;1346,1857622992075;102,78220442062543
17219;1346,185762299209;102,78220442063315
17220;1346,1857622992104;102,78220442064082
17221;1346,1857622992118;102,78220442064843
17222;1346,1857622992131;102,78220442065599
17223;1346,1857622992145;102,78220442066348
17224;1346,1857622992159;102,78220442067092
17225;1346,185762299217;102,78220442067831
17226;1346,1857622992181;102,78220442068566
17227;1346,185762299219;102,78220442069292
17228;1346,18576229922;102,78220442070015
17229;1346,1857622992209;102,78220442070734
17230;1346,1857622992218;102,78220442071445
17231;1346,1857622992227;102,78220442072151
17232;1346,1857622992234;102,78220442072853
17233;1346,185762299224;102,78220442073548
17234;1346,1857622992247;102,78220442074239
17235;1346,1857622992252;102,78220442074925
17236;1346,1857622992256;102,78220442075603
17237;1346,185762299226;102,78220442076277
17238;1346,1857622992266;102,78220442076947
17239;1346,1857622992268;102,78220442077611
17240;1346,185762299227;102,78220442078268
17241;1346,1857622992272;102,78220442078921
17242;1346,1857622992272;102,78220442079568
17243;1346,1857622992272;102,7822044208021
17244;1346,1857622992272;102,78220442080848
17245;1346,1857622992272;102,7822044208148
17246;1346,1857622992272;102,78220442082105
17247;1346,1857622992272;102,78220442082726
17248;1346,1857622992272;102,78220442083342
17249;1346,185762299227;102,7822044208395
17250;1346,1857622992268;102,78220442084556
17251;1346,1857622992266;102,78220442085156
17252;1346,185762299226;102,78220442085751
17253;1346,1857622992256;102,7822044208634
17254;1346,1857622992252;102,78220442086923
17255;1346,1857622992247;102,78220442087502
17256;1346,185762299224;102,78220442088075
17257;1346,1857622992234;102,78220442088643
17258;1346,1857622992227;102,78220442089206
17259;1346,1857622992218;102,78220442089763
17260;1346,1857622992209;102,78220442090316
17261;1346,18576229922;102,78220442090861
17262;1346,185762299219;102,78220442091404
17263;1346,185762299218;102,7822044209194
17264;1346,1857622992168;102,78220442092471
17265;1346,1857622992156;102,78220442092996
17266;1346,1857622992145;102,78220442093517
17267;1346,1857622992131;102,78220442094033
17268;1346,1857622992118;102,78220442094543
17269;1346,1857622992104;102,78220442095049
17270;1346,185762299209;102,78220442095548
17271;1346,1857622992075;102,78220442096044
17272;1346,1857622992059;102,78220442096533
17273;1346,1857622992043;102,78220442097017
17274;1346,1857622992025;102,78220442097496
17275;1346,1857622992006;102,78220442097971
17276;1346,1857622991988;102,7822044209844
17277;1346,185762299197;102,78220442098905
17278;1346,1857622991952;102,78220442099362
17279;1346,1857622991931;102,78220442099816
17280;1346,185762299191;102,78220442100265
17281;1346,1857622991888;102,78220442100708
17282;1346,1857622991865;102,78220442101146
17283;1346,1857622991843;102,78220442101579
17284;1346,185762299182;102,78220442102007
17285;1346,1857622991797;102,7822044210243
17286;1346,1857622991774;102,78220442102848
17287;1346,185762299175;102,78220442103262
17288;1346,1857622991724;102,7822044210367
17289;1346,18576229917;102,78220442104072
17290;1346,1857622991672;102,78220442104468
17291;1346,1857622991645;102,78220442104862
17292;1346,1857622991618;102,78220442105248
17293;1346,185762299159;102,7822044210563
17294;1346,1857622991563;102,78220442106009
17295;1346,1857622991536;102,78220442106381
17296;1346,1857622991506;102,78220442106748
17297;1346,1857622991477;102,78220442107111
17298;1346,1857622991445;102,7822044210747
17299;1346,1857622991413;102,7822044210782
17300;1346,185762299138;102,78220442108169
17301;1346,185762299135;102,78220442108513
17302;1346,1857622991317;102,7822044210885
17303;1346,1857622991286;102,7822044210918
17304;1346,1857622991254;102,78220442109509
17305;1346,1857622991222;102,78220442109833
17306;1346,1857622991188;102,7822044211015
17307;1346,1857622991154;102,78220442110462
17308;1346,1857622991117;102,7822044211077
17309;1346,185762299108;102,78220442111073
17310;1346,1857622991045;102,78220442111373
17311;1346,1857622991008;102,78220442111666
17312;1346,1857622990972;102,78220442111954
17313;1346,1857622990935;102,78220442112237
17314;1346,18576229909;102,78220442112517
17315;1346,185762299086;102,7822044211279
17316;1346,1857622990822;102,7822044211306
17317;1346,185762299078;102,78220442113323
17318;1346,185762299074;102,78220442113584
17319;1346,18576229907;102,78220442113839
17320;1346,1857622990658;102,78220442114089
17321;1346,1857622990617;102,78220442114333
17322;1346,1857622990576;102,78220442114574
17323;1346,1857622990535;102,7822044211481
17324;1346,1857622990494;102,78220442115041
17325;1346,1857622990453;102,78220442115266
17326;1346,185762299041;102,78220442115487
17327;1346,1857622990365;102,78220442115703
17328;1346,185762299032;102,78220442115916
17329;1346,1857622990274;102,78220442116123
17330;1346,1857622990228;102,78220442116326
17331;1346,1857622990183;102,78220442116523
17332;1346,1857622990137;102,78220442116717
17333;1346,1857622990092;102,78220442116906
17334;1346,1857622990046;102,78220442117089
17335;1346,185762299;102,78220442117268
17336;1346,1857622989955;102,78220442117441
17337;1346,185762298991;102,78220442117613
17338;1346,185762298986;102,78220442117777
17339;1346,185762298981;102,78220442117937
17340;1346,185762298976;102,78220442118094
17341;1346,185762298971;102,78220442118246
17342;1346,185762298966;102,78220442118392
17343;1346,185762298961;102,78220442118536
17344;1346,185762298956;102,78220442118673
17345;1346,185762298951;102,78220442118806
17346;1346,185762298946;102,78220442118933
17347;1346,185762298941;102,78220442119058
17348;1346,185762298936;102,78220442119178
17349;1346,185762298931;102,78220442119293
17350;1346,1857622989257;102,78220442119402
17351;1346,1857622989203;102,78220442119509
17352;1346,1857622989148;102,7822044211961
17353;1346,1857622989094;102,78220442119706
17354;1346,185762298904;102,78220442119799
17355;1346,1857622988985;102,78220442119887
17356;1346,185762298893;102,78220442119971
17357;1346,1857622988875;102,7822044212005
17358;1346,185762298882;102,78220442120126
17359;1346,1857622988766;102,78220442120197
17360;1346,1857622988712;102,78220442120262
17361;1346,1857622988657;102,78220442120323
17362;1346,1857622988603;102,7822044212038
17363;1346,1857622988548;102,78220442120433
17364;1346,1857622988493;102,78220442120484
17365;1346,1857622988437;102,78220442120526
17366;1346,185762298838;102,78220442120568
17367;1346,185762298832;102,78220442120602
17368;1346,1857622988261;102,78220442120634
17369;1346,1857622988202;102,7822044212066
17370;1346,1857622988143;102,78220442120683
17371;1346,1857622988084;102,78220442120701
17372;1346,1857622988025;102,78220442120715
17373;1346,1857622987966;102,78220442120725
17374;1346,1857622987907;102,78220442120731
17375;1346,1857622987848;102,78220442120733
17376;1346,1857622987789;102,78220442120731
17377;1346,185762298773;102,78220442120724
17378;1346,185762298767;102,78220442120713
17379;1346,1857622987611;102,78220442120697
17380;1346,1857622987552;102,78220442120677
17381;1346,185762298749;102,78220442120653
17382;1346,185762298743;102,78220442120625
17383;1346,1857622987368;102,78220442120593
17384;1346,1857622987307;102,78220442120558
17385;1346,1857622987243;102,78220442120517
17386;1346,185762298718;102,78220442120472
17387;1346,1857622987116;102,78220442120426
17388;1346,1857622987052;102,78220442120372
17389;1346,1857622986988;102,78220442120316
17390;1346,1857622986925;102,78220442120254
17391;1346,185762298686;102,78220442120191
17392;1346,1857622986797;102,78220442120121
17393;1346,1857622986734;102,78220442120049
17394;1346,185762298667;102,78220442119972
17395;1346,1857622986606;102,78220442119891
17396;1346,1857622986543;102,78220442119807
17397;1346,185762298648;102,78220442119718
17398;1346,1857622986415;102,78220442119624
17399;1346,1857622986352;102,78220442119529
17400;1346,1857622986288;102,7822044211943
17401;1346,1857622986224;102,78220442119324
17402;1346,185762298616;102,78220442119215
17403;1346,1857622986097;102,78220442119103
17404;1346,1857622986033;102,78220442118987
17405;1346,185762298597;102,78220442118867
17406;1346,1857622985906;102,78220442118743
17407;1346,185762298584;102,78220442118615
17408;1346,1857622985774;102,78220442118484
17409;1346,1857622985708;102,78220442118348
17410;1346,1857622985642;102,78220442118209
17411;1346,1857622985576;102,78220442118068
17412;1346,185762298551;102,7822044211792
17413;1346,1857622985444;102,7822044211777
17414;1346,1857622985378;102,78220442117615
17415;1346,1857622985312;102,78220442117457
17416;1346,1857622985247;102,78220442117295
17417;1346,1857622985178;102,78220442117129
17418;1346,185762298511;102,78220442116961
17419;1346,1857622985042;102,78220442116788
17420;1346,1857622984974;102,78220442116611
17421;1346,1857622984905;102,7822044211643
17422;1346,1857622984837;102,78220442116246
17423;1346,185762298477;102,7822044211606
17424;1346,18576229847;102,78220442115868
17425;1346,1857622984633;102,78220442115672
17426;1346,1857622984564;102,78220442115474
17427;1346,1857622984496;102,78220442115271
17428;1346,1857622984428;102,78220442115067
17429;1346,185762298436;102,78220442114858
17430;1346,1857622984292;102,78220442114643
17431;1346,1857622984223;102,78220442114427
17432;1346,1857622984155;102,78220442114208
17433;1346,1857622984087;102,78220442113984
17434;1346,1857622984019;102,78220442113758
17435;1346,185762298395;102,78220442113526
17436;1346,1857622983882;102,78220442113293
17437;1346,1857622983814;102,78220442113057
17438;1346,1857622983746;102,78220442112814
17439;1346,1857622983678;102,78220442112571
17440;1346,185762298361;102,78220442112323
17441;1346,1857622983541;102,78220442112071
17442;1346,1857622983473;102,78220442111817
17443;1346,1857622983405;102,7822044211156
17444;1346,1857622983337;102,78220442111298
17445;1346,1857622983268;102,78220442111032
17446;1346,18576229832;102,78220442110765
17447;1346,1857622983132;102,78220442110494
17448;1346,1857622983064;102,78220442110218
17449;1346,1857622982996;102,78220442109941
17450;1346,1857622982927;102,7822044210966
17451;1346,185762298286;102,78220442109374
17452;1346,185762298279;102,78220442109085
17453;1346,1857622982723;102,78220442108795
17454;1346,1857622982654;102,78220442108501
17455;1346,1857622982586;102,78220442108203
17456;1346,1857622982518;102,78220442107903
17457;1346,185762298245;102,78220442107597
17458;1346,1857622982382;102,7822044210729
17459;1346,1857622982313;102,7822044210698
17460;1346,1857622982245;102,78220442106667
17461;1346,1857622982177;102,7822044210635
17462;1346,1857622982109;102,78220442106029
17463;1346,185762298204;102,78220442105707
17464;1346,1857622981972;102,7822044210538
17465;1346,1857622981904;102,78220442105051
17466;1346,1857622981836;102,78220442104718
17467;1346,1857622981768;102,78220442104383
17468;1346,18576229817;102,78220442104043
17469;1346,1857622981631;102,78220442103702
17470;1346,1857622981563;102,78220442103358
17471;1346,1857622981495;102,7822044210301
17472;1346,1857622981427;102,78220442102659
17473;1346,185762298136;102,78220442102305
17474;1346,1857622981295;102,78220442101949
17475;1346,1857622981229;102,78220442101589
17476;1346,1857622981163;102,78220442101227
17477;1346,1857622981097;102,7822044210086
17478;1346,185762298103;102,78220442100493
17479;1346,1857622980965;102,78220442100121
17480;1346,18576229809;102,78220442099746
17481;1346,1857622980833;102,78220442099371
17482;1346,1857622980767;102,7822044209899
17483;1346,1857622980701;102,78220442098606
17484;1346,1857622980635;102,78220442098221
17485;1346,185762298057;102,78220442097832
17486;1346,1857622980503;102,78220442097441
17487;1346,185762298044;102,78220442097046
17488;1346,1857622980376;102,7822044209665
17489;1346,1857622980312;102,78220442096249
17490;1346,1857622980249;102,78220442095846
17491;1346,1857622980185;102,78220442095441
17492;1346,1857622980122;102,78220442095034
17493;1346,1857622980058;102,78220442094621
17494;1346,1857622979994;102,7822044209421
17495;1346,185762297993;102,78220442093792
17496;1346,1857622979867;102,78220442093372
17497;1346,1857622979803;102,78220442092952
17498;1346,185762297974;102,78220442092527
17499;1346,1857622979676;102,782204420921
17500;1346,1857622979612;102,7822044209167
17501;1346,1857622979549;102,78220442091238
17502;1346,1857622979485;102,78220442090802
17503;1346,1857622979421;102,78220442090365
17504;1346,1857622979358;102,78220442089925
17505;1346,1857622979294;102,78220442089483
17506;1346,185762297923;102,78220442089038
17507;1346,1857622979167;102,78220442088589
17508;1346,1857622979103;102,7822044208814
17509;1346,185762297904;102,78220442087688
17510;1346,1857622978976;102,78220442087232
17511;1346,1857622978914;102,78220442086773
17512;1346,1857622978853;102,78220442086312
17513;1346,1857622978791;102,7822044208585
17514;1346,185762297873;102,78220442085386
17515;1346,185762297867;102,78220442084918
17516;1346,185762297861;102,78220442084448
17517;1346,185762297855;102,78220442083975
17518;1346,1857622978491;102,782204420835
17519;1346,1857622978432;102,78220442083024
17520;1346,1857622978373;102,78220442082545
17521;1346,1857622978314;102,78220442082062
17522;1346,1857622978255;102,78220442081579
17523;1346,1857622978196;102,78220442081091
17524;1346,1857622978137;102,78220442080604
17525;1346,1857622978077;102,78220442080112
17526;1346,1857622978018;102,78220442079619
17527;1346,185762297796;102,78220442079123
17528;1346,18576229779;102,78220442078626
17529;1346,185762297784;102,78220442078124
17530;1346,1857622977782;102,78220442077622
17531;1346,1857622977723;102,78220442077117
17532;1346,1857622977666;102,7822044207661
17533;1346,185762297761;102,78220442076102
17534;1346,1857622977552;102,7822044207559
17535;1346,1857622977495;102,78220442075077
17536;1346,185762297744;102,78220442074561
17537;1346,1857622977386;102,78220442074044
17538;1346,1857622977332;102,78220442073524
17539;1346,1857622977277;102,78220442073003
17540;1346,1857622977222;102,7822044207248
17541;1346,1857622977168;102,78220442071952
17542;1346,1857622977113;102,78220442071422
17543;1346,1857622977059;102,78220442070894
17544;1346,1857622977004;102,78220442070361
17545;1346,185762297695;102,78220442069826
17546;1346,1857622976895;102,78220442069292
17547;1346,185762297684;102,78220442068752
17548;1346,1857622976786;102,78220442068212
17549;1346,1857622976731;102,78220442067669
17550;1346,1857622976677;102,78220442067126
17551;1346,1857622976622;102,7822044206658
17552;1346,185762297657;102,78220442066032
17553;1346,1857622976518;102,78220442065481
17554;1346,1857622976468;102,7822044206493
17555;1346,1857622976418;102,78220442064377
17556;1346,1857622976368;102,7822044206382
17557;1346,1857622976318;102,78220442063262
17558;1346,1857622976268;102,78220442062702
17559;1346,1857622976217;102,78220442062141
17560;1346,1857622976167;102,78220442061578
17561;1346,1857622976117;102,78220442061014
17562;1346,1857622976067;102,78220442060446
17563;1346,1857622976017;102,78220442059879
17564;1346,1857622975967;102,78220442059309
17565;1346,1857622975917;102,78220442058736
17566;1346,1857622975867;102,78220442058162
17567;1346,1857622975817;102,78220442057587
17568;1346,1857622975767;102,7822044205701
17569;1346,185762297572;102,7822044205643
17570;1346,1857622975674;102,78220442055851
17571;1346,1857622975629;102,78220442055269
17572;1346,1857622975583;102,78220442054683
17573;1346,1857622975538;102,78220442054098
17574;1346,1857622975492;102,78220442053512
17575;1346,1857622975447;102,78220442052923
17576;1346,1857622975401;102,78220442052331
17577;1346,1857622975356;102,7822044205174
17578;1346,185762297531;102,78220442051146
17579;1346,1857622975265;102,78220442050551
17580;1346,185762297522;102,78220442049954
17581;1346,1857622975174;102,78220442049354
17582;1346,1857622975128;102,78220442048755
17583;1346,1857622975083;102,78220442048155
17584;1346,1857622975037;102,78220442047551
17585;1346,1857622974994;102,78220442046945
17586;1346,185762297495;102,7822044204634
17587;1346,185762297491;102,78220442045733
17588;1346,185762297487;102,78220442045124
17589;1346,1857622974828;102,78220442044515
17590;1346,1857622974787;102,78220442043903
17591;1346,1857622974746;102,78220442043289
17592;1346,1857622974705;102,78220442042675
17593;1346,1857622974665;102,78220442042058
17594;1346,1857622974624;102,78220442041442
17595;1346,1857622974583;102,78220442040823
17596;1346,1857622974542;102,78220442040202
17597;1346,18576229745;102,78220442039581
17598;1346,185762297446;102,78220442038959
17599;1346,1857622974421;102,78220442038335
17600;1346,1857622974383;102,78220442037708
17601;1346,1857622974346;102,78220442037082
17602;1346,185762297431;102,78220442036454
17603;1346,1857622974273;102,78220442035824
17604;1346,1857622974237;102,78220442035195
17605;1346,18576229742;102,78220442034564
17606;1346,1857622974164;102,7822044203393
17607;1346,1857622974128;102,78220442033296
17608;1346,1857622974092;102,7822044203266
17609;1346,1857622974055;102,78220442032024
17610;1346,1857622974019;102,78220442031386
17611;1346,1857622973982;102,78220442030747
17612;1346,1857622973946;102,78220442030107
17613;1346,185762297391;102,78220442029468
17614;1346,1857622973873;102,78220442028824
17615;1346,1857622973841;102,7822044202818
17616;1346,185762297381;102,78220442027535
17617;1346,1857622973778;102,78220442026891
17618;1346,1857622973746;102,78220442026245
17619;1346,1857622973714;102,78220442025597
17620;1346,1857622973682;102,78220442024949
17621;1346,185762297365;102,78220442024298
17622;1346,1857622973619;102,78220442023647
17623;1346,1857622973587;102,78220442022996
17624;1346,1857622973555;102,78220442022342
17625;1346,1857622973523;102,78220442021689
17626;1346,1857622973491;102,78220442021035
17627;1346,185762297346;102,78220442020378
17628;1346,185762297343;102,78220442019722
17629;1346,1857622973403;102,78220442019064
17630;1346,1857622973375;102,78220442018404
17631;1346,1857622973348;102,78220442017745
17632;1346,185762297332;102,78220442017086
17633;1346,1857622973293;102,78220442016425
17634;1346,1857622973266;102,78220442015764
17635;1346,185762297324;102,782204420151
17636;1346,1857622973212;102,78220442014435
17637;1346,1857622973184;102,7822044201377
17638;1346,1857622973157;102,78220442013105
17639;1346,185762297313;102,78220442012439
17640;1346,1857622973102;102,78220442011772
17641;1346,1857622973075;102,78220442011103
17642;1346,1857622973048;102,78220442010436
17643;1346,1857622973023;102,78220442009766
17644;1346,1857622973;102,78220442009095
17645;1346,1857622972977;102,78220442008424
17646;1346,1857622972955;102,78220442007753
17647;1346,1857622972932;102,7822044200708
17648;1346,185762297291;102,78220442006408
17649;1346,1857622972886;102,78220442005733
17650;1346,1857622972864;102,78220442005059
17651;1346,185762297284;102,78220442004384
17652;1346,1857622972818;102,78220442003709
17653;1346,1857622972796;102,78220442003033
17654;1346,1857622972773;102,78220442002355
17655;1346,185762297275;102,78220442001677
17656;1346,185762297273;102,78220442000998
17657;1346,185762297271;102,7822044200032
17658;1346,1857622972689;102,7822044199964
17659;1346,185762297267;102,78220441998961
17660;1346,1857622972652;102,78220441998279
17661;1346,1857622972634;102,78220441997598
17662;1346,1857622972616;102,78220441996915
17663;1346,1857622972598;102,78220441996234
17664;1346,185762297258;102,7822044199555
17665;1346,1857622972561;102,78220441994868
17666;1346,1857622972543;102,78220441994183
17667;1346,1857622972525;102,78220441993498
17668;1346,1857622972507;102,78220441992815
17669;1346,1857622972489;102,7822044199213
17670;1346,185762297247;102,78220441991442
17671;1346,1857622972454;102,78220441990757
17672;1346,1857622972439;102,7822044199007
17673;1346,1857622972425;102,78220441989384
17674;1346,1857622972411;102,78220441988697
17675;1346,1857622972398;102,7822044198801
17676;1346,1857622972384;102,78220441987321
17677;1346,185762297237;102,78220441986633
17678;1346,1857622972357;102,78220441985944
17679;1346,1857622972343;102,78220441985255
17680;1346,185762297233;102,78220441984566
17681;1346,1857622972316;102,78220441983875
17682;1346,1857622972302;102,78220441983186
17683;1346,185762297229;102,78220441982495
17684;1346,185762297228;102,78220441981806
17685;1346,1857622972268;102,78220441981115
17686;1346,1857622972257;102,78220441980422
17687;1346,1857622972245;102,78220441979731
17688;1346,1857622972234;102,78220441979039
17689;1346,1857622972225;102,78220441978347
17690;1346,1857622972216;102,78220441977656
17691;1346,1857622972207;102,78220441976963
17692;1346,1857622972198;102,78220441976269
17693;1346,1857622972188;102,78220441975577
17694;1346,185762297218;102,78220441974884
17695;1346,185762297217;102,78220441974192
17696;1346,1857622972161;102,78220441973498
17697;1346,1857622972152;102,78220441972805
17698;1346,1857622972145;102,7822044197211
17699;1346,1857622972138;102,78220441971418
17700;1346,1857622972132;102,78220441970723
17701;1346,1857622972125;102,78220441970029
17702;1346,1857622972118;102,78220441969336
17703;1346,1857622972113;102,78220441968641
17704;1346,1857622972109;102,78220441967947
17705;1346,1857622972104;102,78220441967252
17706;1346,18576229721;102,78220441966558
17707;1346,1857622972095;102,78220441965863
17708;1346,185762297209;102,7822044196517
17709;1346,1857622972086;102,78220441964476
17710;1346,1857622972082;102,78220441963781
17711;1346,1857622972077;102,78220441963086
17712;1346,1857622972075;102,78220441962391
17713;1346,1857622972072;102,78220441961696
17714;1346,185762297207;102,78220441961004
17715;1346,1857622972068;102,78220441960309
17716;1346,1857622972066;102,78220441959614
17717;1346,1857622972066;102,78220441958919
17718;1346,1857622972066;102,78220441958226
17719;1346,1857622972066;102,78220441957531
17720;1346,1857622972066;102,78220441956839
17721;1346,1857622972066;102,78220441956144
17722;1346,1857622972066;102,7822044195545
17723;1346,1857622972066;102,78220441954757
17724;1346,1857622972066;102,78220441954063
17725;1346,1857622972066;102,7822044195337
17726;1346,1857622972066;102,78220441952678
17727;1346,1857622972066;102,78220441951983
17728;1346,1857622972066;102,7822044195129
17729;1346,1857622972066;102,78220441950597
17730;1346,1857622972066;102,78220441949905
17731;1346,1857622972068;102,78220441949213
17732;1346,1857622972068;102,78220441948523
17733;1346,185762297207;102,78220441947829
17734;1346,1857622972072;102,78220441947138
17735;1346,1857622972075;102,78220441946446
17736;1346,1857622972077;102,78220441945754
17737;1346,185762297208;102,78220441945065
17738;1346,1857622972082;102,78220441944374
17739;1346,1857622972086;102,78220441943682
17740;1346,185762297209;102,78220441942993
17741;1346,1857622972095;102,78220441942304
17742;1346,18576229721;102,78220441941613
17743;1346,1857622972104;102,78220441940925
17744;1346,1857622972109;102,78220441940236
17745;1346,1857622972113;102,78220441939547
17746;1346,1857622972118;102,7822044193886
17747;1346,1857622972125;102,78220441938173
17748;1346,1857622972132;102,78220441937484
17749;1346,1857622972138;102,78220441936799
17750;1346,1857622972145;102,78220441936111
17751;1346,1857622972152;102,78220441935424
17752;1346,185762297216;102,78220441934738
17753;1346,1857622972166;102,78220441934053
17754;1346,1857622972175;102,78220441933368
17755;1346,1857622972184;102,78220441932683
17756;1346,1857622972193;102,78220441932
17757;1346,1857622972202;102,78220441931315
17758;1346,1857622972211;102,78220441930632
17759;1346,185762297222;102,78220441929949
17760;1346,185762297223;102,78220441929268
17761;1346,1857622972238;102,78220441928586
17762;1346,1857622972248;102,78220441927904
17763;1346,185762297226;102,78220441927225
17764;1346,185762297227;102,78220441926543
17765;1346,1857622972282;102,78220441925863
17766;1346,1857622972293;102,78220441925185
17767;1346,1857622972304;102,78220441924505
17768;1346,1857622972316;102,78220441923827
17769;1346,1857622972327;102,78220441923149
17770;1346,1857622972339;102,78220441922473
17771;1346,1857622972352;102,78220441921796
17772;1346,1857622972366;102,78220441921121
17773;1346,185762297238;102,78220441920445
17774;1346,1857622972393;102,7822044191977
17775;1346,1857622972407;102,78220441919096
17776;1346,185762297242;102,78220441918421
17777;1346,1857622972434;102,78220441917749
17778;1346,1857622972448;102,78220441917077
17779;1346,1857622972461;102,78220441916405
17780;1346,1857622972475;102,78220441915734
17781;1346,1857622972489;102,78220441915063
17782;1346,1857622972502;102,78220441914395
17783;1346,1857622972518;102,78220441913726
17784;1346,1857622972534;102,78220441913057
17785;1346,185762297255;102,78220441912389
17786;1346,1857622972566;102,78220441911722
17787;1346,1857622972582;102,78220441911057
17788;1346,1857622972598;102,78220441910389
17789;1346,1857622972614;102,78220441909727
17790;1346,1857622972632;102,78220441909062
17791;1346,185762297265;102,78220441908398
17792;1346,1857622972668;102,78220441907736
17793;1346,1857622972686;102,78220441907074
17794;1346,1857622972705;102,78220441906413
17795;1346,1857622972723;102,78220441905752
17796;1346,185762297274;102,78220441905093
17797;1346,185762297276;102,78220441904433
17798;1346,1857622972777;102,78220441903775
17799;1346,1857622972796;102,78220441903117
17800;1346,1857622972814;102,78220441902462
17801;1346,1857622972832;102,78220441901807
17802;1346,185762297285;102,7822044190115
17803;1346,185762297287;102,782204419005
17804;1346,185762297289;102,78220441899845
17805;1346,1857622972911;102,78220441899194
17806;1346,1857622972932;102,78220441898542
17807;1346,1857622972952;102,78220441897892
17808;1346,1857622972973;102,78220441897241
17809;1346,1857622972993;102,78220441896593
17810;1346,1857622973016;102,78220441895945
17811;1346,1857622973039;102,78220441895299
17812;1346,1857622973062;102,78220441894652
17813;1346,1857622973084;102,78220441894008
17814;1346,1857622973107;102,78220441893363
17815;1346,185762297313;102,78220441892721
17816;1346,1857622973153;102,78220441892076
17817;1346,1857622973175;102,78220441891436
17818;1346,1857622973198;102,78220441890795
17819;1346,185762297322;102,78220441890156
17820;1346,1857622973243;102,78220441889518
17821;1346,1857622973266;102,78220441888878
17822;1346,185762297329;102,78220441888242
17823;1346,1857622973312;102,78220441887606
17824;1346,1857622973334;102,78220441886971
17825;1346,1857622973357;102,78220441886337
17826;1346,185762297338;102,78220441885705
17827;1346,1857622973403;102,78220441885072
17828;1346,1857622973428;102,78220441884443
17829;1346,1857622973453;102,78220441883812
17830;1346,1857622973478;102,78220441883184
17831;1346,1857622973503;102,78220441882556
17832;1346,1857622973528;102,78220441881929
17833;1346,1857622973553;102,78220441881302
17834;1346,1857622973578;102,78220441880678
17835;1346,1857622973605;102,78220441880055
17836;1346,1857622973632;102,78220441879432
17837;1346,185762297366;102,78220441878811
17838;1346,1857622973687;102,78220441878192
17839;1346,1857622973714;102,78220441877572
17840;1346,1857622973741;102,78220441876954
17841;1346,1857622973769;102,78220441876337
17842;1346,1857622973796;102,7822044187572
17843;1346,1857622973823;102,78220441875106
17844;1346,185762297385;102,78220441874493
17845;1346,1857622973878;102,7822044187388
17846;1346,1857622973905;102,78220441873268
17847;1346,1857622973932;102,78220441872658
17848;1346,185762297396;102,78220441872047
17849;1346,1857622973987;102,7822044187144
17850;1346,1857622974014;102,78220441870833
17851;1346,1857622974042;102,78220441870228
17852;1346,1857622974069;102,78220441869622
17853;1346,1857622974096;102,78220441869018
17854;1346,1857622974123;102,78220441868417
17855;1346,185762297415;102,78220441867815
17856;1346,1857622974178;102,78220441867215
17857;1346,1857622974205;102,78220441866615
17858;1346,1857622974233;102,78220441866019
17859;1346,1857622974262;102,78220441865422
17860;1346,1857622974292;102,78220441864828
17861;1346,1857622974321;102,78220441864234
17862;1346,185762297435;102,7822044186364
17863;1346,185762297438;102,78220441863049
17864;1346,185762297441;102,78220441862459
17865;1346,185762297444;102,78220441861868
17866;1346,185762297447;102,7822044186128
17867;1346,1857622974499;102,78220441860694
17868;1346,1857622974528;102,7822044186011
17869;1346,1857622974558;102,78220441859524
17870;1346,185762297459;102,78220441858942
17871;1346,185762297462;102,7822044185836
17872;1346,1857622974649;102,78220441857779
17873;1346,185762297468;102,78220441857201
17874;1346,1857622974712;102,78220441856622
17875;1346,1857622974744;102,78220441856047
17876;1346,1857622974776;102,78220441855471
17877;1346,1857622974808;102,78220441854899
17878;1346,185762297484;102,78220441854324
17879;1346,1857622974871;102,78220441853755
17880;1346,1857622974903;102,78220441853185
17881;1346,1857622974935;102,78220441852615
17882;1346,1857622974967;102,78220441852048
17883;1346,1857622974999;102,78220441851482
17884;1346,185762297503;102,78220441850918
17885;1346,1857622975062;102,78220441850353
17886;1346,1857622975094;102,78220441849791
17887;1346,1857622975126;102,7822044184923
17888;1346,1857622975158;102,78220441848671
17889;1346,185762297519;102,78220441848114
17890;1346,1857622975222;102,78220441847557
17891;1346,1857622975253;102,78220441847002
17892;1346,1857622975285;102,78220441846447
17893;1346,1857622975317;102,78220441845896
17894;1346,185762297535;102,78220441845345
17895;1346,185762297538;102,78220441844795
17896;1346,1857622975413;102,78220441844246
17897;1346,1857622975444;102,78220441843699
17898;1346,1857622975476;102,78220441843153
17899;1346,1857622975508;102,7822044184261
17900;1346,185762297554;102,78220441842066
17901;1346,1857622975572;102,78220441841526
17902;1346,1857622975604;102,78220441840986
17903;1346,1857622975635;102,78220441840448
17904;1346,1857622975667;102,78220441839909
17905;1346,18576229757;102,78220441839375
17906;1346,185762297573;102,7822044183884
17907;1346,1857622975763;102,78220441838307
17908;1346,1857622975795;102,78220441837776
17909;1346,1857622975826;102,78220441837246
17910;1346,1857622975858;102,78220441836719
17911;1346,185762297589;102,78220441836191
17912;1346,1857622975922;102,78220441835666
17913;1346,1857622975954;102,78220441835141
17914;1346,1857622975986;102,7822044183462
17915;1346,1857622976017;102,78220441834098
17916;1346,185762297605;102,78220441833578
17917;1346,185762297608;102,78220441833061
17918;1346,1857622976113;102,78220441832542
17919;1346,1857622976145;102,78220441832028
17920;1346,1857622976177;102,78220441831515
17921;1346,1857622976208;102,78220441831002
17922;1346,185762297624;102,7822044183049
17923;1346,1857622976272;102,78220441829981
17924;1346,1857622976304;102,78220441829473
17925;1346,1857622976336;102,78220441828968
17926;1346,1857622976368;102,78220441828464
17927;1346,18576229764;102,7822044182796
17928;1346,1857622976431;102,78220441827457
17929;1346,1857622976463;102,78220441826959
17930;1346,1857622976495;102,78220441826458
17931;1346,1857622976527;102,78220441825961
17932;1346,1857622976559;102,78220441825466
17933;1346,185762297659;102,78220441824972
17934;1346,1857622976622;102,78220441824479
17935;1346,1857622976654;102,78220441823989
17936;1346,1857622976686;102,782204418235
17937;1346,1857622976718;102,78220441823011
17938;1346,185762297675;102,78220441822525
17939;1346,1857622976781;102,78220441822039
17940;1346,1857622976813;102,78220441821557
17941;1346,1857622976845;102,78220441821074
17942;1346,1857622976877;102,78220441820595
17943;1346,1857622976909;102,78220441820116
17944;1346,185762297694;102,78220441819639
17945;1346,1857622976972;102,78220441819163
17946;1346,1857622977004;102,7822044181869
17947;1346,1857622977036;102,78220441818218
17948;1346,1857622977068;102,78220441817746
17949;1346,18576229771;102,78220441817277
17950;1346,1857622977132;102,78220441816809
17951;1346,1857622977163;102,78220441816343
17952;1346,1857622977195;102,7822044181588
17953;1346,1857622977227;102,78220441815415
17954;1346,185762297726;102,78220441814953
17955;1346,185762297729;102,78220441814496
17956;1346,1857622977323;102,78220441814037
17957;1346,1857622977354;102,7822044181358
17958;1346,1857622977386;102,78220441813124
17959;1346,1857622977418;102,78220441812671
17960;1346,185762297745;102,7822044181222
17961;1346,1857622977482;102,7822044181177
17962;1346,1857622977514;102,78220441811321
17963;1346,1857622977545;102,78220441810875
17964;1346,1857622977577;102,78220441810429
17965;1346,185762297761;102,78220441809985
17966;1346,185762297764;102,78220441809545
17967;1346,1857622977673;102,78220441809103
17968;1346,1857622977705;102,78220441808665
17969;1346,1857622977736;102,78220441808227
17970;1346,1857622977768;102,78220441807794
17971;1346,18576229778;102,78220441807359
17972;1346,1857622977832;102,78220441806927
17973;1346,1857622977864;102,78220441806496
17974;1346,1857622977896;102,78220441806067
17975;1346,1857622977927;102,78220441805641
17976;1346,185762297796;102,78220441805213
17977;1346,185762297799;102,78220441804791
17978;1346,1857622978023;102,78220441804368
17979;1346,1857622978055;102,78220441803947
17980;1346,1857622978087;102,78220441803529
17981;1346,1857622978118;102,78220441803111
17982;1346,185762297815;102,78220441802695
17983;1346,1857622978182;102,78220441802281
17984;1346,1857622978212;102,78220441801868
17985;1346,185762297824;102,78220441801459
17986;1346,185762297827;102,7822044180105
17987;1346,18576229783;102,78220441800643
17988;1346,1857622978332;102,78220441800237
17989;1346,1857622978362;102,78220441799833
17990;1346,1857622978391;102,78220441799431
17991;1346,185762297842;102,7822044179903
17992;1346,185762297845;102,7822044179863
17993;1346,185762297848;102,78220441798233
17994;1346,185762297851;102,78220441797838
17995;1346,185762297854;102,78220441797443
17996;1346,1857622978569;102,78220441797052
17997;1346,1857622978598;102,78220441796661
17998;1346,1857622978628;102,78220441796272
17999;1346,1857622978655;102,78220441795884
